v3.0 hex words addressed
0000: 001 003 151 191 101 121 161 1a1 000 002 150 100 005 007 009 00b
0010: 201 000 000 000 000 000 000 000 000 000 000 000 000 000 000 000
0020: 000 000 000 000 000 000 000 000 000 000 000 000 000 000 000 000
0030: 000 000 000 000 000 000 000 000 000 000 000 000 000 000 000 000
0040: 000 000 000 000 000 000 000 000 000 000 000 000 000 000 000 000
0050: 000 000 000 000 000 000 000 000 000 000 000 000 000 000 000 000
0060: 000 000 000 000 000 000 000 000 000 000 000 000 000 000 000 000
0070: 000 000 000 000 000 000 000 000 000 000 000 000 000 000 000 000
0080: 000 000 000 000 000 000 000 000 000 000 000 000 000 000 000 000
0090: 000 000 000 000 000 000 000 000 000 000 000 000 000 000 000 000
00a0: 000 000 000 000 000 000 000 000 000 000 000 000 000 000 000 000
00b0: 000 000 000 000 000 000 000 000 000 000 000 000 000 000 000 000
00c0: 000 000 000 000 000 000 000 000 000 000 000 000 000 000 000 000
00d0: 000 000 000 000 000 000 000 000 000 000 000 000 000 000 000 000
00e0: 000 000 000 000 000 000 000 000 000 000 000 000 000 000 000 000
00f0: 000 000 000 000 000 000 000 000 000 000 000 000 000 000 000 000
0100: 000 000 000 000 000 000 000 000 000 000 000 000 000 000 000 000
0110: 000 000 000 000 000 000 000 000 000 000 000 000 000 000 000 000
0120: 000 000 000 000 000 000 000 000 000 000 000 000 000 000 000 000
0130: 000 000 000 000 000 000 000 000 000 000 000 000 000 000 000 000
0140: 000 000 000 000 000 000 000 000 000 000 000 000 000 000 000 000
0150: 000 000 000 000 000 000 000 000 000 000 000 000 000 000 000 000
0160: 000 000 000 000 000 000 000 000 000 000 000 000 000 000 000 000
0170: 000 000 000 000 000 000 000 000 000 000 000 000 000 000 000 000
0180: 000 000 000 000 000 000 000 000 000 000 000 000 000 000 000 000
0190: 000 000 000 000 000 000 000 000 000 000 000 000 000 000 000 000
01a0: 000 000 000 000 000 000 000 000 000 000 000 000 000 000 000 000
01b0: 000 000 000 000 000 000 000 000 000 000 000 000 000 000 000 000
01c0: 000 000 000 000 000 000 000 000 000 000 000 000 000 000 000 000
01d0: 000 000 000 000 000 000 000 000 000 000 000 000 000 000 000 000
01e0: 000 000 000 000 000 000 000 000 000 000 000 000 000 000 000 000
01f0: 000 000 000 000 000 000 000 000 000 000 000 000 000 000 000 000
0200: 000 000 000 000 000 000 000 000 000 000 000 000 000 000 000 000
0210: 000 000 000 000 000 000 000 000 000 000 000 000 000 000 000 000
0220: 000 000 000 000 000 000 000 000 000 000 000 000 000 000 000 000
0230: 000 000 000 000 000 000 000 000 000 000 000 000 000 000 000 000
0240: 000 000 000 000 000 000 000 000 000 000 000 000 000 000 000 000
0250: 000 000 000 000 000 000 000 000 000 000 000 000 000 000 000 000
0260: 000 000 000 000 000 000 000 000 000 000 000 000 000 000 000 000
0270: 000 000 000 000 000 000 000 000 000 000 000 000 000 000 000 000
0280: 000 000 000 000 000 000 000 000 000 000 000 000 000 000 000 000
0290: 000 000 000 000 000 000 000 000 000 000 000 000 000 000 000 000
02a0: 000 000 000 000 000 000 000 000 000 000 000 000 000 000 000 000
02b0: 000 000 000 000 000 000 000 000 000 000 000 000 000 000 000 000
02c0: 000 000 000 000 000 000 000 000 000 000 000 000 000 000 000 000
02d0: 000 000 000 000 000 000 000 000 000 000 000 000 000 000 000 000
02e0: 000 000 000 000 000 000 000 000 000 000 000 000 000 000 000 000
02f0: 000 000 000 000 000 000 000 000 000 000 000 000 000 000 000 000
0300: 000 000 000 000 000 000 000 000 000 000 000 000 000 000 000 000
0310: 000 000 000 000 000 000 000 000 000 000 000 000 000 000 000 000
0320: 000 000 000 000 000 000 000 000 000 000 000 000 000 000 000 000
0330: 000 000 000 000 000 000 000 000 000 000 000 000 000 000 000 000
0340: 000 000 000 000 000 000 000 000 000 000 000 000 000 000 000 000
0350: 000 000 000 000 000 000 000 000 000 000 000 000 000 000 000 000
0360: 000 000 000 000 000 000 000 000 000 000 000 000 000 000 000 000
0370: 000 000 000 000 000 000 000 000 000 000 000 000 000 000 000 000
0380: 000 000 000 000 000 000 000 000 000 000 000 000 000 000 000 000
0390: 000 000 000 000 000 000 000 000 000 000 000 000 000 000 000 000
03a0: 000 000 000 000 000 000 000 000 000 000 000 000 000 000 000 000
03b0: 000 000 000 000 000 000 000 000 000 000 000 000 000 000 000 000
03c0: 000 000 000 000 000 000 000 000 000 000 000 000 000 000 000 000
03d0: 000 000 000 000 000 000 000 000 000 000 000 000 000 000 000 000
03e0: 000 000 000 000 000 000 000 000 000 000 000 000 000 000 000 000
03f0: 000 000 000 000 000 000 000 000 000 000 000 000 000 000 000 000
0400: 000 000 000 000 000 000 000 000 000 000 000 000 000 000 000 000
0410: 000 000 000 000 000 000 000 000 000 000 000 000 000 000 000 000
0420: 000 000 000 000 000 000 000 000 000 000 000 000 000 000 000 000
0430: 000 000 000 000 000 000 000 000 000 000 000 000 000 000 000 000
0440: 000 000 000 000 000 000 000 000 000 000 000 000 000 000 000 000
0450: 000 000 000 000 000 000 000 000 000 000 000 000 000 000 000 000
0460: 000 000 000 000 000 000 000 000 000 000 000 000 000 000 000 000
0470: 000 000 000 000 000 000 000 000 000 000 000 000 000 000 000 000
0480: 000 000 000 000 000 000 000 000 000 000 000 000 000 000 000 000
0490: 000 000 000 000 000 000 000 000 000 000 000 000 000 000 000 000
04a0: 000 000 000 000 000 000 000 000 000 000 000 000 000 000 000 000
04b0: 000 000 000 000 000 000 000 000 000 000 000 000 000 000 000 000
04c0: 000 000 000 000 000 000 000 000 000 000 000 000 000 000 000 000
04d0: 000 000 000 000 000 000 000 000 000 000 000 000 000 000 000 000
04e0: 000 000 000 000 000 000 000 000 000 000 000 000 000 000 000 000
04f0: 000 000 000 000 000 000 000 000 000 000 000 000 000 000 000 000
0500: 000 000 000 000 000 000 000 000 000 000 000 000 000 000 000 000
0510: 000 000 000 000 000 000 000 000 000 000 000 000 000 000 000 000
0520: 000 000 000 000 000 000 000 000 000 000 000 000 000 000 000 000
0530: 000 000 000 000 000 000 000 000 000 000 000 000 000 000 000 000
0540: 000 000 000 000 000 000 000 000 000 000 000 000 000 000 000 000
0550: 000 000 000 000 000 000 000 000 000 000 000 000 000 000 000 000
0560: 000 000 000 000 000 000 000 000 000 000 000 000 000 000 000 000
0570: 000 000 000 000 000 000 000 000 000 000 000 000 000 000 000 000
0580: 000 000 000 000 000 000 000 000 000 000 000 000 000 000 000 000
0590: 000 000 000 000 000 000 000 000 000 000 000 000 000 000 000 000
05a0: 000 000 000 000 000 000 000 000 000 000 000 000 000 000 000 000
05b0: 000 000 000 000 000 000 000 000 000 000 000 000 000 000 000 000
05c0: 000 000 000 000 000 000 000 000 000 000 000 000 000 000 000 000
05d0: 000 000 000 000 000 000 000 000 000 000 000 000 000 000 000 000
05e0: 000 000 000 000 000 000 000 000 000 000 000 000 000 000 000 000
05f0: 000 000 000 000 000 000 000 000 000 000 000 000 000 000 000 000
0600: 000 000 000 000 000 000 000 000 000 000 000 000 000 000 000 000
0610: 000 000 000 000 000 000 000 000 000 000 000 000 000 000 000 000
0620: 000 000 000 000 000 000 000 000 000 000 000 000 000 000 000 000
0630: 000 000 000 000 000 000 000 000 000 000 000 000 000 000 000 000
0640: 000 000 000 000 000 000 000 000 000 000 000 000 000 000 000 000
0650: 000 000 000 000 000 000 000 000 000 000 000 000 000 000 000 000
0660: 000 000 000 000 000 000 000 000 000 000 000 000 000 000 000 000
0670: 000 000 000 000 000 000 000 000 000 000 000 000 000 000 000 000
0680: 000 000 000 000 000 000 000 000 000 000 000 000 000 000 000 000
0690: 000 000 000 000 000 000 000 000 000 000 000 000 000 000 000 000
06a0: 000 000 000 000 000 000 000 000 000 000 000 000 000 000 000 000
06b0: 000 000 000 000 000 000 000 000 000 000 000 000 000 000 000 000
06c0: 000 000 000 000 000 000 000 000 000 000 000 000 000 000 000 000
06d0: 000 000 000 000 000 000 000 000 000 000 000 000 000 000 000 000
06e0: 000 000 000 000 000 000 000 000 000 000 000 000 000 000 000 000
06f0: 000 000 000 000 000 000 000 000 000 000 000 000 000 000 000 000
0700: 000 000 000 000 000 000 000 000 000 000 000 000 000 000 000 000
0710: 000 000 000 000 000 000 000 000 000 000 000 000 000 000 000 000
0720: 000 000 000 000 000 000 000 000 000 000 000 000 000 000 000 000
0730: 000 000 000 000 000 000 000 000 000 000 000 000 000 000 000 000
0740: 000 000 000 000 000 000 000 000 000 000 000 000 000 000 000 000
0750: 000 000 000 000 000 000 000 000 000 000 000 000 000 000 000 000
0760: 000 000 000 000 000 000 000 000 000 000 000 000 000 000 000 000
0770: 000 000 000 000 000 000 000 000 000 000 000 000 000 000 000 000
0780: 000 000 000 000 000 000 000 000 000 000 000 000 000 000 000 000
0790: 000 000 000 000 000 000 000 000 000 000 000 000 000 000 000 000
07a0: 000 000 000 000 000 000 000 000 000 000 000 000 000 000 000 000
07b0: 000 000 000 000 000 000 000 000 000 000 000 000 000 000 000 000
07c0: 000 000 000 000 000 000 000 000 000 000 000 000 000 000 000 000
07d0: 000 000 000 000 000 000 000 000 000 000 000 000 000 000 000 000
07e0: 000 000 000 000 000 000 000 000 000 000 000 000 000 000 000 000
07f0: 000 000 000 000 000 000 000 000 000 000 000 000 000 000 000 000
0800: 000 000 000 000 000 000 000 000 000 000 000 000 000 000 000 000
0810: 000 000 000 000 000 000 000 000 000 000 000 000 000 000 000 000
0820: 000 000 000 000 000 000 000 000 000 000 000 000 000 000 000 000
0830: 000 000 000 000 000 000 000 000 000 000 000 000 000 000 000 000
0840: 000 000 000 000 000 000 000 000 000 000 000 000 000 000 000 000
0850: 000 000 000 000 000 000 000 000 000 000 000 000 000 000 000 000
0860: 000 000 000 000 000 000 000 000 000 000 000 000 000 000 000 000
0870: 000 000 000 000 000 000 000 000 000 000 000 000 000 000 000 000
0880: 000 000 000 000 000 000 000 000 000 000 000 000 000 000 000 000
0890: 000 000 000 000 000 000 000 000 000 000 000 000 000 000 000 000
08a0: 000 000 000 000 000 000 000 000 000 000 000 000 000 000 000 000
08b0: 000 000 000 000 000 000 000 000 000 000 000 000 000 000 000 000
08c0: 000 000 000 000 000 000 000 000 000 000 000 000 000 000 000 000
08d0: 000 000 000 000 000 000 000 000 000 000 000 000 000 000 000 000
08e0: 000 000 000 000 000 000 000 000 000 000 000 000 000 000 000 000
08f0: 000 000 000 000 000 000 000 000 000 000 000 000 000 000 000 000
0900: 000 000 000 000 000 000 000 000 000 000 000 000 000 000 000 000
0910: 000 000 000 000 000 000 000 000 000 000 000 000 000 000 000 000
0920: 000 000 000 000 000 000 000 000 000 000 000 000 000 000 000 000
0930: 000 000 000 000 000 000 000 000 000 000 000 000 000 000 000 000
0940: 000 000 000 000 000 000 000 000 000 000 000 000 000 000 000 000
0950: 000 000 000 000 000 000 000 000 000 000 000 000 000 000 000 000
0960: 000 000 000 000 000 000 000 000 000 000 000 000 000 000 000 000
0970: 000 000 000 000 000 000 000 000 000 000 000 000 000 000 000 000
0980: 000 000 000 000 000 000 000 000 000 000 000 000 000 000 000 000
0990: 000 000 000 000 000 000 000 000 000 000 000 000 000 000 000 000
09a0: 000 000 000 000 000 000 000 000 000 000 000 000 000 000 000 000
09b0: 000 000 000 000 000 000 000 000 000 000 000 000 000 000 000 000
09c0: 000 000 000 000 000 000 000 000 000 000 000 000 000 000 000 000
09d0: 000 000 000 000 000 000 000 000 000 000 000 000 000 000 000 000
09e0: 000 000 000 000 000 000 000 000 000 000 000 000 000 000 000 000
09f0: 000 000 000 000 000 000 000 000 000 000 000 000 000 000 000 000
0a00: 000 000 000 000 000 000 000 000 000 000 000 000 000 000 000 000
0a10: 000 000 000 000 000 000 000 000 000 000 000 000 000 000 000 000
0a20: 000 000 000 000 000 000 000 000 000 000 000 000 000 000 000 000
0a30: 000 000 000 000 000 000 000 000 000 000 000 000 000 000 000 000
0a40: 000 000 000 000 000 000 000 000 000 000 000 000 000 000 000 000
0a50: 000 000 000 000 000 000 000 000 000 000 000 000 000 000 000 000
0a60: 000 000 000 000 000 000 000 000 000 000 000 000 000 000 000 000
0a70: 000 000 000 000 000 000 000 000 000 000 000 000 000 000 000 000
0a80: 000 000 000 000 000 000 000 000 000 000 000 000 000 000 000 000
0a90: 000 000 000 000 000 000 000 000 000 000 000 000 000 000 000 000
0aa0: 000 000 000 000 000 000 000 000 000 000 000 000 000 000 000 000
0ab0: 000 000 000 000 000 000 000 000 000 000 000 000 000 000 000 000
0ac0: 000 000 000 000 000 000 000 000 000 000 000 000 000 000 000 000
0ad0: 000 000 000 000 000 000 000 000 000 000 000 000 000 000 000 000
0ae0: 000 000 000 000 000 000 000 000 000 000 000 000 000 000 000 000
0af0: 000 000 000 000 000 000 000 000 000 000 000 000 000 000 000 000
0b00: 000 000 000 000 000 000 000 000 000 000 000 000 000 000 000 000
0b10: 000 000 000 000 000 000 000 000 000 000 000 000 000 000 000 000
0b20: 000 000 000 000 000 000 000 000 000 000 000 000 000 000 000 000
0b30: 000 000 000 000 000 000 000 000 000 000 000 000 000 000 000 000
0b40: 000 000 000 000 000 000 000 000 000 000 000 000 000 000 000 000
0b50: 000 000 000 000 000 000 000 000 000 000 000 000 000 000 000 000
0b60: 000 000 000 000 000 000 000 000 000 000 000 000 000 000 000 000
0b70: 000 000 000 000 000 000 000 000 000 000 000 000 000 000 000 000
0b80: 000 000 000 000 000 000 000 000 000 000 000 000 000 000 000 000
0b90: 000 000 000 000 000 000 000 000 000 000 000 000 000 000 000 000
0ba0: 000 000 000 000 000 000 000 000 000 000 000 000 000 000 000 000
0bb0: 000 000 000 000 000 000 000 000 000 000 000 000 000 000 000 000
0bc0: 000 000 000 000 000 000 000 000 000 000 000 000 000 000 000 000
0bd0: 000 000 000 000 000 000 000 000 000 000 000 000 000 000 000 000
0be0: 000 000 000 000 000 000 000 000 000 000 000 000 000 000 000 000
0bf0: 000 000 000 000 000 000 000 000 000 000 000 000 000 000 000 000
0c00: 000 000 000 000 000 000 000 000 000 000 000 000 000 000 000 000
0c10: 000 000 000 000 000 000 000 000 000 000 000 000 000 000 000 000
0c20: 000 000 000 000 000 000 000 000 000 000 000 000 000 000 000 000
0c30: 000 000 000 000 000 000 000 000 000 000 000 000 000 000 000 000
0c40: 000 000 000 000 000 000 000 000 000 000 000 000 000 000 000 000
0c50: 000 000 000 000 000 000 000 000 000 000 000 000 000 000 000 000
0c60: 000 000 000 000 000 000 000 000 000 000 000 000 000 000 000 000
0c70: 000 000 000 000 000 000 000 000 000 000 000 000 000 000 000 000
0c80: 000 000 000 000 000 000 000 000 000 000 000 000 000 000 000 000
0c90: 000 000 000 000 000 000 000 000 000 000 000 000 000 000 000 000
0ca0: 000 000 000 000 000 000 000 000 000 000 000 000 000 000 000 000
0cb0: 000 000 000 000 000 000 000 000 000 000 000 000 000 000 000 000
0cc0: 000 000 000 000 000 000 000 000 000 000 000 000 000 000 000 000
0cd0: 000 000 000 000 000 000 000 000 000 000 000 000 000 000 000 000
0ce0: 000 000 000 000 000 000 000 000 000 000 000 000 000 000 000 000
0cf0: 000 000 000 000 000 000 000 000 000 000 000 000 000 000 000 000
0d00: 000 000 000 000 000 000 000 000 000 000 000 000 000 000 000 000
0d10: 000 000 000 000 000 000 000 000 000 000 000 000 000 000 000 000
0d20: 000 000 000 000 000 000 000 000 000 000 000 000 000 000 000 000
0d30: 000 000 000 000 000 000 000 000 000 000 000 000 000 000 000 000
0d40: 000 000 000 000 000 000 000 000 000 000 000 000 000 000 000 000
0d50: 000 000 000 000 000 000 000 000 000 000 000 000 000 000 000 000
0d60: 000 000 000 000 000 000 000 000 000 000 000 000 000 000 000 000
0d70: 000 000 000 000 000 000 000 000 000 000 000 000 000 000 000 000
0d80: 000 000 000 000 000 000 000 000 000 000 000 000 000 000 000 000
0d90: 000 000 000 000 000 000 000 000 000 000 000 000 000 000 000 000
0da0: 000 000 000 000 000 000 000 000 000 000 000 000 000 000 000 000
0db0: 000 000 000 000 000 000 000 000 000 000 000 000 000 000 000 000
0dc0: 000 000 000 000 000 000 000 000 000 000 000 000 000 000 000 000
0dd0: 000 000 000 000 000 000 000 000 000 000 000 000 000 000 000 000
0de0: 000 000 000 000 000 000 000 000 000 000 000 000 000 000 000 000
0df0: 000 000 000 000 000 000 000 000 000 000 000 000 000 000 000 000
0e00: 000 000 000 000 000 000 000 000 000 000 000 000 000 000 000 000
0e10: 000 000 000 000 000 000 000 000 000 000 000 000 000 000 000 000
0e20: 000 000 000 000 000 000 000 000 000 000 000 000 000 000 000 000
0e30: 000 000 000 000 000 000 000 000 000 000 000 000 000 000 000 000
0e40: 000 000 000 000 000 000 000 000 000 000 000 000 000 000 000 000
0e50: 000 000 000 000 000 000 000 000 000 000 000 000 000 000 000 000
0e60: 000 000 000 000 000 000 000 000 000 000 000 000 000 000 000 000
0e70: 000 000 000 000 000 000 000 000 000 000 000 000 000 000 000 000
0e80: 000 000 000 000 000 000 000 000 000 000 000 000 000 000 000 000
0e90: 000 000 000 000 000 000 000 000 000 000 000 000 000 000 000 000
0ea0: 000 000 000 000 000 000 000 000 000 000 000 000 000 000 000 000
0eb0: 000 000 000 000 000 000 000 000 000 000 000 000 000 000 000 000
0ec0: 000 000 000 000 000 000 000 000 000 000 000 000 000 000 000 000
0ed0: 000 000 000 000 000 000 000 000 000 000 000 000 000 000 000 000
0ee0: 000 000 000 000 000 000 000 000 000 000 000 000 000 000 000 000
0ef0: 000 000 000 000 000 000 000 000 000 000 000 000 000 000 000 000
0f00: 000 000 000 000 000 000 000 000 000 000 000 000 000 000 000 000
0f10: 000 000 000 000 000 000 000 000 000 000 000 000 000 000 000 000
0f20: 000 000 000 000 000 000 000 000 000 000 000 000 000 000 000 000
0f30: 000 000 000 000 000 000 000 000 000 000 000 000 000 000 000 000
0f40: 000 000 000 000 000 000 000 000 000 000 000 000 000 000 000 000
0f50: 000 000 000 000 000 000 000 000 000 000 000 000 000 000 000 000
0f60: 000 000 000 000 000 000 000 000 000 000 000 000 000 000 000 000
0f70: 000 000 000 000 000 000 000 000 000 000 000 000 000 000 000 000
0f80: 000 000 000 000 000 000 000 000 000 000 000 000 000 000 000 000
0f90: 000 000 000 000 000 000 000 000 000 000 000 000 000 000 000 000
0fa0: 000 000 000 000 000 000 000 000 000 000 000 000 000 000 000 000
0fb0: 000 000 000 000 000 000 000 000 000 000 000 000 000 000 000 000
0fc0: 000 000 000 000 000 000 000 000 000 000 000 000 000 000 000 000
0fd0: 000 000 000 000 000 000 000 000 000 000 000 000 000 000 000 000
0fe0: 000 000 000 000 000 000 000 000 000 000 000 000 000 000 000 000
0ff0: 000 000 000 000 000 000 000 000 000 000 000 000 000 000 000 000
1000: 000 000 000 000 000 000 000 000 000 000 000 000 000 000 000 000
1010: 000 000 000 000 000 000 000 000 000 000 000 000 000 000 000 000
1020: 000 000 000 000 000 000 000 000 000 000 000 000 000 000 000 000
1030: 000 000 000 000 000 000 000 000 000 000 000 000 000 000 000 000
1040: 000 000 000 000 000 000 000 000 000 000 000 000 000 000 000 000
1050: 000 000 000 000 000 000 000 000 000 000 000 000 000 000 000 000
1060: 000 000 000 000 000 000 000 000 000 000 000 000 000 000 000 000
1070: 000 000 000 000 000 000 000 000 000 000 000 000 000 000 000 000
1080: 000 000 000 000 000 000 000 000 000 000 000 000 000 000 000 000
1090: 000 000 000 000 000 000 000 000 000 000 000 000 000 000 000 000
10a0: 000 000 000 000 000 000 000 000 000 000 000 000 000 000 000 000
10b0: 000 000 000 000 000 000 000 000 000 000 000 000 000 000 000 000
10c0: 000 000 000 000 000 000 000 000 000 000 000 000 000 000 000 000
10d0: 000 000 000 000 000 000 000 000 000 000 000 000 000 000 000 000
10e0: 000 000 000 000 000 000 000 000 000 000 000 000 000 000 000 000
10f0: 000 000 000 000 000 000 000 000 000 000 000 000 000 000 000 000
1100: 000 000 000 000 000 000 000 000 000 000 000 000 000 000 000 000
1110: 000 000 000 000 000 000 000 000 000 000 000 000 000 000 000 000
1120: 000 000 000 000 000 000 000 000 000 000 000 000 000 000 000 000
1130: 000 000 000 000 000 000 000 000 000 000 000 000 000 000 000 000
1140: 000 000 000 000 000 000 000 000 000 000 000 000 000 000 000 000
1150: 000 000 000 000 000 000 000 000 000 000 000 000 000 000 000 000
1160: 000 000 000 000 000 000 000 000 000 000 000 000 000 000 000 000
1170: 000 000 000 000 000 000 000 000 000 000 000 000 000 000 000 000
1180: 000 000 000 000 000 000 000 000 000 000 000 000 000 000 000 000
1190: 000 000 000 000 000 000 000 000 000 000 000 000 000 000 000 000
11a0: 000 000 000 000 000 000 000 000 000 000 000 000 000 000 000 000
11b0: 000 000 000 000 000 000 000 000 000 000 000 000 000 000 000 000
11c0: 000 000 000 000 000 000 000 000 000 000 000 000 000 000 000 000
11d0: 000 000 000 000 000 000 000 000 000 000 000 000 000 000 000 000
11e0: 000 000 000 000 000 000 000 000 000 000 000 000 000 000 000 000
11f0: 000 000 000 000 000 000 000 000 000 000 000 000 000 000 000 000
1200: 000 000 000 000 000 000 000 000 000 000 000 000 000 000 000 000
1210: 000 000 000 000 000 000 000 000 000 000 000 000 000 000 000 000
1220: 000 000 000 000 000 000 000 000 000 000 000 000 000 000 000 000
1230: 000 000 000 000 000 000 000 000 000 000 000 000 000 000 000 000
1240: 000 000 000 000 000 000 000 000 000 000 000 000 000 000 000 000
1250: 000 000 000 000 000 000 000 000 000 000 000 000 000 000 000 000
1260: 000 000 000 000 000 000 000 000 000 000 000 000 000 000 000 000
1270: 000 000 000 000 000 000 000 000 000 000 000 000 000 000 000 000
1280: 000 000 000 000 000 000 000 000 000 000 000 000 000 000 000 000
1290: 000 000 000 000 000 000 000 000 000 000 000 000 000 000 000 000
12a0: 000 000 000 000 000 000 000 000 000 000 000 000 000 000 000 000
12b0: 000 000 000 000 000 000 000 000 000 000 000 000 000 000 000 000
12c0: 000 000 000 000 000 000 000 000 000 000 000 000 000 000 000 000
12d0: 000 000 000 000 000 000 000 000 000 000 000 000 000 000 000 000
12e0: 000 000 000 000 000 000 000 000 000 000 000 000 000 000 000 000
12f0: 000 000 000 000 000 000 000 000 000 000 000 000 000 000 000 000
1300: 000 000 000 000 000 000 000 000 000 000 000 000 000 000 000 000
1310: 000 000 000 000 000 000 000 000 000 000 000 000 000 000 000 000
1320: 000 000 000 000 000 000 000 000 000 000 000 000 000 000 000 000
1330: 000 000 000 000 000 000 000 000 000 000 000 000 000 000 000 000
1340: 000 000 000 000 000 000 000 000 000 000 000 000 000 000 000 000
1350: 000 000 000 000 000 000 000 000 000 000 000 000 000 000 000 000
1360: 000 000 000 000 000 000 000 000 000 000 000 000 000 000 000 000
1370: 000 000 000 000 000 000 000 000 000 000 000 000 000 000 000 000
1380: 000 000 000 000 000 000 000 000 000 000 000 000 000 000 000 000
1390: 000 000 000 000 000 000 000 000 000 000 000 000 000 000 000 000
13a0: 000 000 000 000 000 000 000 000 000 000 000 000 000 000 000 000
13b0: 000 000 000 000 000 000 000 000 000 000 000 000 000 000 000 000
13c0: 000 000 000 000 000 000 000 000 000 000 000 000 000 000 000 000
13d0: 000 000 000 000 000 000 000 000 000 000 000 000 000 000 000 000
13e0: 000 000 000 000 000 000 000 000 000 000 000 000 000 000 000 000
13f0: 000 000 000 000 000 000 000 000 000 000 000 000 000 000 000 000
1400: 000 000 000 000 000 000 000 000 000 000 000 000 000 000 000 000
1410: 000 000 000 000 000 000 000 000 000 000 000 000 000 000 000 000
1420: 000 000 000 000 000 000 000 000 000 000 000 000 000 000 000 000
1430: 000 000 000 000 000 000 000 000 000 000 000 000 000 000 000 000
1440: 000 000 000 000 000 000 000 000 000 000 000 000 000 000 000 000
1450: 000 000 000 000 000 000 000 000 000 000 000 000 000 000 000 000
1460: 000 000 000 000 000 000 000 000 000 000 000 000 000 000 000 000
1470: 000 000 000 000 000 000 000 000 000 000 000 000 000 000 000 000
1480: 000 000 000 000 000 000 000 000 000 000 000 000 000 000 000 000
1490: 000 000 000 000 000 000 000 000 000 000 000 000 000 000 000 000
14a0: 000 000 000 000 000 000 000 000 000 000 000 000 000 000 000 000
14b0: 000 000 000 000 000 000 000 000 000 000 000 000 000 000 000 000
14c0: 000 000 000 000 000 000 000 000 000 000 000 000 000 000 000 000
14d0: 000 000 000 000 000 000 000 000 000 000 000 000 000 000 000 000
14e0: 000 000 000 000 000 000 000 000 000 000 000 000 000 000 000 000
14f0: 000 000 000 000 000 000 000 000 000 000 000 000 000 000 000 000
1500: 000 000 000 000 000 000 000 000 000 000 000 000 000 000 000 000
1510: 000 000 000 000 000 000 000 000 000 000 000 000 000 000 000 000
1520: 000 000 000 000 000 000 000 000 000 000 000 000 000 000 000 000
1530: 000 000 000 000 000 000 000 000 000 000 000 000 000 000 000 000
1540: 000 000 000 000 000 000 000 000 000 000 000 000 000 000 000 000
1550: 000 000 000 000 000 000 000 000 000 000 000 000 000 000 000 000
1560: 000 000 000 000 000 000 000 000 000 000 000 000 000 000 000 000
1570: 000 000 000 000 000 000 000 000 000 000 000 000 000 000 000 000
1580: 000 000 000 000 000 000 000 000 000 000 000 000 000 000 000 000
1590: 000 000 000 000 000 000 000 000 000 000 000 000 000 000 000 000
15a0: 000 000 000 000 000 000 000 000 000 000 000 000 000 000 000 000
15b0: 000 000 000 000 000 000 000 000 000 000 000 000 000 000 000 000
15c0: 000 000 000 000 000 000 000 000 000 000 000 000 000 000 000 000
15d0: 000 000 000 000 000 000 000 000 000 000 000 000 000 000 000 000
15e0: 000 000 000 000 000 000 000 000 000 000 000 000 000 000 000 000
15f0: 000 000 000 000 000 000 000 000 000 000 000 000 000 000 000 000
1600: 000 000 000 000 000 000 000 000 000 000 000 000 000 000 000 000
1610: 000 000 000 000 000 000 000 000 000 000 000 000 000 000 000 000
1620: 000 000 000 000 000 000 000 000 000 000 000 000 000 000 000 000
1630: 000 000 000 000 000 000 000 000 000 000 000 000 000 000 000 000
1640: 000 000 000 000 000 000 000 000 000 000 000 000 000 000 000 000
1650: 000 000 000 000 000 000 000 000 000 000 000 000 000 000 000 000
1660: 000 000 000 000 000 000 000 000 000 000 000 000 000 000 000 000
1670: 000 000 000 000 000 000 000 000 000 000 000 000 000 000 000 000
1680: 000 000 000 000 000 000 000 000 000 000 000 000 000 000 000 000
1690: 000 000 000 000 000 000 000 000 000 000 000 000 000 000 000 000
16a0: 000 000 000 000 000 000 000 000 000 000 000 000 000 000 000 000
16b0: 000 000 000 000 000 000 000 000 000 000 000 000 000 000 000 000
16c0: 000 000 000 000 000 000 000 000 000 000 000 000 000 000 000 000
16d0: 000 000 000 000 000 000 000 000 000 000 000 000 000 000 000 000
16e0: 000 000 000 000 000 000 000 000 000 000 000 000 000 000 000 000
16f0: 000 000 000 000 000 000 000 000 000 000 000 000 000 000 000 000
1700: 000 000 000 000 000 000 000 000 000 000 000 000 000 000 000 000
1710: 000 000 000 000 000 000 000 000 000 000 000 000 000 000 000 000
1720: 000 000 000 000 000 000 000 000 000 000 000 000 000 000 000 000
1730: 000 000 000 000 000 000 000 000 000 000 000 000 000 000 000 000
1740: 000 000 000 000 000 000 000 000 000 000 000 000 000 000 000 000
1750: 000 000 000 000 000 000 000 000 000 000 000 000 000 000 000 000
1760: 000 000 000 000 000 000 000 000 000 000 000 000 000 000 000 000
1770: 000 000 000 000 000 000 000 000 000 000 000 000 000 000 000 000
1780: 000 000 000 000 000 000 000 000 000 000 000 000 000 000 000 000
1790: 000 000 000 000 000 000 000 000 000 000 000 000 000 000 000 000
17a0: 000 000 000 000 000 000 000 000 000 000 000 000 000 000 000 000
17b0: 000 000 000 000 000 000 000 000 000 000 000 000 000 000 000 000
17c0: 000 000 000 000 000 000 000 000 000 000 000 000 000 000 000 000
17d0: 000 000 000 000 000 000 000 000 000 000 000 000 000 000 000 000
17e0: 000 000 000 000 000 000 000 000 000 000 000 000 000 000 000 000
17f0: 000 000 000 000 000 000 000 000 000 000 000 000 000 000 000 000
1800: 000 000 000 000 000 000 000 000 000 000 000 000 000 000 000 000
1810: 000 000 000 000 000 000 000 000 000 000 000 000 000 000 000 000
1820: 000 000 000 000 000 000 000 000 000 000 000 000 000 000 000 000
1830: 000 000 000 000 000 000 000 000 000 000 000 000 000 000 000 000
1840: 000 000 000 000 000 000 000 000 000 000 000 000 000 000 000 000
1850: 000 000 000 000 000 000 000 000 000 000 000 000 000 000 000 000
1860: 000 000 000 000 000 000 000 000 000 000 000 000 000 000 000 000
1870: 000 000 000 000 000 000 000 000 000 000 000 000 000 000 000 000
1880: 000 000 000 000 000 000 000 000 000 000 000 000 000 000 000 000
1890: 000 000 000 000 000 000 000 000 000 000 000 000 000 000 000 000
18a0: 000 000 000 000 000 000 000 000 000 000 000 000 000 000 000 000
18b0: 000 000 000 000 000 000 000 000 000 000 000 000 000 000 000 000
18c0: 000 000 000 000 000 000 000 000 000 000 000 000 000 000 000 000
18d0: 000 000 000 000 000 000 000 000 000 000 000 000 000 000 000 000
18e0: 000 000 000 000 000 000 000 000 000 000 000 000 000 000 000 000
18f0: 000 000 000 000 000 000 000 000 000 000 000 000 000 000 000 000
1900: 000 000 000 000 000 000 000 000 000 000 000 000 000 000 000 000
1910: 000 000 000 000 000 000 000 000 000 000 000 000 000 000 000 000
1920: 000 000 000 000 000 000 000 000 000 000 000 000 000 000 000 000
1930: 000 000 000 000 000 000 000 000 000 000 000 000 000 000 000 000
1940: 000 000 000 000 000 000 000 000 000 000 000 000 000 000 000 000
1950: 000 000 000 000 000 000 000 000 000 000 000 000 000 000 000 000
1960: 000 000 000 000 000 000 000 000 000 000 000 000 000 000 000 000
1970: 000 000 000 000 000 000 000 000 000 000 000 000 000 000 000 000
1980: 000 000 000 000 000 000 000 000 000 000 000 000 000 000 000 000
1990: 000 000 000 000 000 000 000 000 000 000 000 000 000 000 000 000
19a0: 000 000 000 000 000 000 000 000 000 000 000 000 000 000 000 000
19b0: 000 000 000 000 000 000 000 000 000 000 000 000 000 000 000 000
19c0: 000 000 000 000 000 000 000 000 000 000 000 000 000 000 000 000
19d0: 000 000 000 000 000 000 000 000 000 000 000 000 000 000 000 000
19e0: 000 000 000 000 000 000 000 000 000 000 000 000 000 000 000 000
19f0: 000 000 000 000 000 000 000 000 000 000 000 000 000 000 000 000
1a00: 000 000 000 000 000 000 000 000 000 000 000 000 000 000 000 000
1a10: 000 000 000 000 000 000 000 000 000 000 000 000 000 000 000 000
1a20: 000 000 000 000 000 000 000 000 000 000 000 000 000 000 000 000
1a30: 000 000 000 000 000 000 000 000 000 000 000 000 000 000 000 000
1a40: 000 000 000 000 000 000 000 000 000 000 000 000 000 000 000 000
1a50: 000 000 000 000 000 000 000 000 000 000 000 000 000 000 000 000
1a60: 000 000 000 000 000 000 000 000 000 000 000 000 000 000 000 000
1a70: 000 000 000 000 000 000 000 000 000 000 000 000 000 000 000 000
1a80: 000 000 000 000 000 000 000 000 000 000 000 000 000 000 000 000
1a90: 000 000 000 000 000 000 000 000 000 000 000 000 000 000 000 000
1aa0: 000 000 000 000 000 000 000 000 000 000 000 000 000 000 000 000
1ab0: 000 000 000 000 000 000 000 000 000 000 000 000 000 000 000 000
1ac0: 000 000 000 000 000 000 000 000 000 000 000 000 000 000 000 000
1ad0: 000 000 000 000 000 000 000 000 000 000 000 000 000 000 000 000
1ae0: 000 000 000 000 000 000 000 000 000 000 000 000 000 000 000 000
1af0: 000 000 000 000 000 000 000 000 000 000 000 000 000 000 000 000
1b00: 000 000 000 000 000 000 000 000 000 000 000 000 000 000 000 000
1b10: 000 000 000 000 000 000 000 000 000 000 000 000 000 000 000 000
1b20: 000 000 000 000 000 000 000 000 000 000 000 000 000 000 000 000
1b30: 000 000 000 000 000 000 000 000 000 000 000 000 000 000 000 000
1b40: 000 000 000 000 000 000 000 000 000 000 000 000 000 000 000 000
1b50: 000 000 000 000 000 000 000 000 000 000 000 000 000 000 000 000
1b60: 000 000 000 000 000 000 000 000 000 000 000 000 000 000 000 000
1b70: 000 000 000 000 000 000 000 000 000 000 000 000 000 000 000 000
1b80: 000 000 000 000 000 000 000 000 000 000 000 000 000 000 000 000
1b90: 000 000 000 000 000 000 000 000 000 000 000 000 000 000 000 000
1ba0: 000 000 000 000 000 000 000 000 000 000 000 000 000 000 000 000
1bb0: 000 000 000 000 000 000 000 000 000 000 000 000 000 000 000 000
1bc0: 000 000 000 000 000 000 000 000 000 000 000 000 000 000 000 000
1bd0: 000 000 000 000 000 000 000 000 000 000 000 000 000 000 000 000
1be0: 000 000 000 000 000 000 000 000 000 000 000 000 000 000 000 000
1bf0: 000 000 000 000 000 000 000 000 000 000 000 000 000 000 000 000
1c00: 000 000 000 000 000 000 000 000 000 000 000 000 000 000 000 000
1c10: 000 000 000 000 000 000 000 000 000 000 000 000 000 000 000 000
1c20: 000 000 000 000 000 000 000 000 000 000 000 000 000 000 000 000
1c30: 000 000 000 000 000 000 000 000 000 000 000 000 000 000 000 000
1c40: 000 000 000 000 000 000 000 000 000 000 000 000 000 000 000 000
1c50: 000 000 000 000 000 000 000 000 000 000 000 000 000 000 000 000
1c60: 000 000 000 000 000 000 000 000 000 000 000 000 000 000 000 000
1c70: 000 000 000 000 000 000 000 000 000 000 000 000 000 000 000 000
1c80: 000 000 000 000 000 000 000 000 000 000 000 000 000 000 000 000
1c90: 000 000 000 000 000 000 000 000 000 000 000 000 000 000 000 000
1ca0: 000 000 000 000 000 000 000 000 000 000 000 000 000 000 000 000
1cb0: 000 000 000 000 000 000 000 000 000 000 000 000 000 000 000 000
1cc0: 000 000 000 000 000 000 000 000 000 000 000 000 000 000 000 000
1cd0: 000 000 000 000 000 000 000 000 000 000 000 000 000 000 000 000
1ce0: 000 000 000 000 000 000 000 000 000 000 000 000 000 000 000 000
1cf0: 000 000 000 000 000 000 000 000 000 000 000 000 000 000 000 000
1d00: 000 000 000 000 000 000 000 000 000 000 000 000 000 000 000 000
1d10: 000 000 000 000 000 000 000 000 000 000 000 000 000 000 000 000
1d20: 000 000 000 000 000 000 000 000 000 000 000 000 000 000 000 000
1d30: 000 000 000 000 000 000 000 000 000 000 000 000 000 000 000 000
1d40: 000 000 000 000 000 000 000 000 000 000 000 000 000 000 000 000
1d50: 000 000 000 000 000 000 000 000 000 000 000 000 000 000 000 000
1d60: 000 000 000 000 000 000 000 000 000 000 000 000 000 000 000 000
1d70: 000 000 000 000 000 000 000 000 000 000 000 000 000 000 000 000
1d80: 000 000 000 000 000 000 000 000 000 000 000 000 000 000 000 000
1d90: 000 000 000 000 000 000 000 000 000 000 000 000 000 000 000 000
1da0: 000 000 000 000 000 000 000 000 000 000 000 000 000 000 000 000
1db0: 000 000 000 000 000 000 000 000 000 000 000 000 000 000 000 000
1dc0: 000 000 000 000 000 000 000 000 000 000 000 000 000 000 000 000
1dd0: 000 000 000 000 000 000 000 000 000 000 000 000 000 000 000 000
1de0: 000 000 000 000 000 000 000 000 000 000 000 000 000 000 000 000
1df0: 000 000 000 000 000 000 000 000 000 000 000 000 000 000 000 000
1e00: 000 000 000 000 000 000 000 000 000 000 000 000 000 000 000 000
1e10: 000 000 000 000 000 000 000 000 000 000 000 000 000 000 000 000
1e20: 000 000 000 000 000 000 000 000 000 000 000 000 000 000 000 000
1e30: 000 000 000 000 000 000 000 000 000 000 000 000 000 000 000 000
1e40: 000 000 000 000 000 000 000 000 000 000 000 000 000 000 000 000
1e50: 000 000 000 000 000 000 000 000 000 000 000 000 000 000 000 000
1e60: 000 000 000 000 000 000 000 000 000 000 000 000 000 000 000 000
1e70: 000 000 000 000 000 000 000 000 000 000 000 000 000 000 000 000
1e80: 000 000 000 000 000 000 000 000 000 000 000 000 000 000 000 000
1e90: 000 000 000 000 000 000 000 000 000 000 000 000 000 000 000 000
1ea0: 000 000 000 000 000 000 000 000 000 000 000 000 000 000 000 000
1eb0: 000 000 000 000 000 000 000 000 000 000 000 000 000 000 000 000
1ec0: 000 000 000 000 000 000 000 000 000 000 000 000 000 000 000 000
1ed0: 000 000 000 000 000 000 000 000 000 000 000 000 000 000 000 000
1ee0: 000 000 000 000 000 000 000 000 000 000 000 000 000 000 000 000
1ef0: 000 000 000 000 000 000 000 000 000 000 000 000 000 000 000 000
1f00: 000 000 000 000 000 000 000 000 000 000 000 000 000 000 000 000
1f10: 000 000 000 000 000 000 000 000 000 000 000 000 000 000 000 000
1f20: 000 000 000 000 000 000 000 000 000 000 000 000 000 000 000 000
1f30: 000 000 000 000 000 000 000 000 000 000 000 000 000 000 000 000
1f40: 000 000 000 000 000 000 000 000 000 000 000 000 000 000 000 000
1f50: 000 000 000 000 000 000 000 000 000 000 000 000 000 000 000 000
1f60: 000 000 000 000 000 000 000 000 000 000 000 000 000 000 000 000
1f70: 000 000 000 000 000 000 000 000 000 000 000 000 000 000 000 000
1f80: 000 000 000 000 000 000 000 000 000 000 000 000 000 000 000 000
1f90: 000 000 000 000 000 000 000 000 000 000 000 000 000 000 000 000
1fa0: 000 000 000 000 000 000 000 000 000 000 000 000 000 000 000 000
1fb0: 000 000 000 000 000 000 000 000 000 000 000 000 000 000 000 000
1fc0: 000 000 000 000 000 000 000 000 000 000 000 000 000 000 000 000
1fd0: 000 000 000 000 000 000 000 000 000 000 000 000 000 000 000 000
1fe0: 000 000 000 000 000 000 000 000 000 000 000 000 000 000 000 000
1ff0: 000 000 000 000 000 000 000 000 000 000 000 000 000 000 000 000
2000: 000 000 000 000 000 000 000 000 000 000 000 000 000 000 000 000
2010: 000 000 000 000 000 000 000 000 000 000 000 000 000 000 000 000
2020: 000 000 000 000 000 000 000 000 000 000 000 000 000 000 000 000
2030: 000 000 000 000 000 000 000 000 000 000 000 000 000 000 000 000
2040: 000 000 000 000 000 000 000 000 000 000 000 000 000 000 000 000
2050: 000 000 000 000 000 000 000 000 000 000 000 000 000 000 000 000
2060: 000 000 000 000 000 000 000 000 000 000 000 000 000 000 000 000
2070: 000 000 000 000 000 000 000 000 000 000 000 000 000 000 000 000
2080: 000 000 000 000 000 000 000 000 000 000 000 000 000 000 000 000
2090: 000 000 000 000 000 000 000 000 000 000 000 000 000 000 000 000
20a0: 000 000 000 000 000 000 000 000 000 000 000 000 000 000 000 000
20b0: 000 000 000 000 000 000 000 000 000 000 000 000 000 000 000 000
20c0: 000 000 000 000 000 000 000 000 000 000 000 000 000 000 000 000
20d0: 000 000 000 000 000 000 000 000 000 000 000 000 000 000 000 000
20e0: 000 000 000 000 000 000 000 000 000 000 000 000 000 000 000 000
20f0: 000 000 000 000 000 000 000 000 000 000 000 000 000 000 000 000
2100: 000 000 000 000 000 000 000 000 000 000 000 000 000 000 000 000
2110: 000 000 000 000 000 000 000 000 000 000 000 000 000 000 000 000
2120: 000 000 000 000 000 000 000 000 000 000 000 000 000 000 000 000
2130: 000 000 000 000 000 000 000 000 000 000 000 000 000 000 000 000
2140: 000 000 000 000 000 000 000 000 000 000 000 000 000 000 000 000
2150: 000 000 000 000 000 000 000 000 000 000 000 000 000 000 000 000
2160: 000 000 000 000 000 000 000 000 000 000 000 000 000 000 000 000
2170: 000 000 000 000 000 000 000 000 000 000 000 000 000 000 000 000
2180: 000 000 000 000 000 000 000 000 000 000 000 000 000 000 000 000
2190: 000 000 000 000 000 000 000 000 000 000 000 000 000 000 000 000
21a0: 000 000 000 000 000 000 000 000 000 000 000 000 000 000 000 000
21b0: 000 000 000 000 000 000 000 000 000 000 000 000 000 000 000 000
21c0: 000 000 000 000 000 000 000 000 000 000 000 000 000 000 000 000
21d0: 000 000 000 000 000 000 000 000 000 000 000 000 000 000 000 000
21e0: 000 000 000 000 000 000 000 000 000 000 000 000 000 000 000 000
21f0: 000 000 000 000 000 000 000 000 000 000 000 000 000 000 000 000
2200: 000 000 000 000 000 000 000 000 000 000 000 000 000 000 000 000
2210: 000 000 000 000 000 000 000 000 000 000 000 000 000 000 000 000
2220: 000 000 000 000 000 000 000 000 000 000 000 000 000 000 000 000
2230: 000 000 000 000 000 000 000 000 000 000 000 000 000 000 000 000
2240: 000 000 000 000 000 000 000 000 000 000 000 000 000 000 000 000
2250: 000 000 000 000 000 000 000 000 000 000 000 000 000 000 000 000
2260: 000 000 000 000 000 000 000 000 000 000 000 000 000 000 000 000
2270: 000 000 000 000 000 000 000 000 000 000 000 000 000 000 000 000
2280: 000 000 000 000 000 000 000 000 000 000 000 000 000 000 000 000
2290: 000 000 000 000 000 000 000 000 000 000 000 000 000 000 000 000
22a0: 000 000 000 000 000 000 000 000 000 000 000 000 000 000 000 000
22b0: 000 000 000 000 000 000 000 000 000 000 000 000 000 000 000 000
22c0: 000 000 000 000 000 000 000 000 000 000 000 000 000 000 000 000
22d0: 000 000 000 000 000 000 000 000 000 000 000 000 000 000 000 000
22e0: 000 000 000 000 000 000 000 000 000 000 000 000 000 000 000 000
22f0: 000 000 000 000 000 000 000 000 000 000 000 000 000 000 000 000
2300: 000 000 000 000 000 000 000 000 000 000 000 000 000 000 000 000
2310: 000 000 000 000 000 000 000 000 000 000 000 000 000 000 000 000
2320: 000 000 000 000 000 000 000 000 000 000 000 000 000 000 000 000
2330: 000 000 000 000 000 000 000 000 000 000 000 000 000 000 000 000
2340: 000 000 000 000 000 000 000 000 000 000 000 000 000 000 000 000
2350: 000 000 000 000 000 000 000 000 000 000 000 000 000 000 000 000
2360: 000 000 000 000 000 000 000 000 000 000 000 000 000 000 000 000
2370: 000 000 000 000 000 000 000 000 000 000 000 000 000 000 000 000
2380: 000 000 000 000 000 000 000 000 000 000 000 000 000 000 000 000
2390: 000 000 000 000 000 000 000 000 000 000 000 000 000 000 000 000
23a0: 000 000 000 000 000 000 000 000 000 000 000 000 000 000 000 000
23b0: 000 000 000 000 000 000 000 000 000 000 000 000 000 000 000 000
23c0: 000 000 000 000 000 000 000 000 000 000 000 000 000 000 000 000
23d0: 000 000 000 000 000 000 000 000 000 000 000 000 000 000 000 000
23e0: 000 000 000 000 000 000 000 000 000 000 000 000 000 000 000 000
23f0: 000 000 000 000 000 000 000 000 000 000 000 000 000 000 000 000
2400: 000 000 000 000 000 000 000 000 000 000 000 000 000 000 000 000
2410: 000 000 000 000 000 000 000 000 000 000 000 000 000 000 000 000
2420: 000 000 000 000 000 000 000 000 000 000 000 000 000 000 000 000
2430: 000 000 000 000 000 000 000 000 000 000 000 000 000 000 000 000
2440: 000 000 000 000 000 000 000 000 000 000 000 000 000 000 000 000
2450: 000 000 000 000 000 000 000 000 000 000 000 000 000 000 000 000
2460: 000 000 000 000 000 000 000 000 000 000 000 000 000 000 000 000
2470: 000 000 000 000 000 000 000 000 000 000 000 000 000 000 000 000
2480: 000 000 000 000 000 000 000 000 000 000 000 000 000 000 000 000
2490: 000 000 000 000 000 000 000 000 000 000 000 000 000 000 000 000
24a0: 000 000 000 000 000 000 000 000 000 000 000 000 000 000 000 000
24b0: 000 000 000 000 000 000 000 000 000 000 000 000 000 000 000 000
24c0: 000 000 000 000 000 000 000 000 000 000 000 000 000 000 000 000
24d0: 000 000 000 000 000 000 000 000 000 000 000 000 000 000 000 000
24e0: 000 000 000 000 000 000 000 000 000 000 000 000 000 000 000 000
24f0: 000 000 000 000 000 000 000 000 000 000 000 000 000 000 000 000
2500: 000 000 000 000 000 000 000 000 000 000 000 000 000 000 000 000
2510: 000 000 000 000 000 000 000 000 000 000 000 000 000 000 000 000
2520: 000 000 000 000 000 000 000 000 000 000 000 000 000 000 000 000
2530: 000 000 000 000 000 000 000 000 000 000 000 000 000 000 000 000
2540: 000 000 000 000 000 000 000 000 000 000 000 000 000 000 000 000
2550: 000 000 000 000 000 000 000 000 000 000 000 000 000 000 000 000
2560: 000 000 000 000 000 000 000 000 000 000 000 000 000 000 000 000
2570: 000 000 000 000 000 000 000 000 000 000 000 000 000 000 000 000
2580: 000 000 000 000 000 000 000 000 000 000 000 000 000 000 000 000
2590: 000 000 000 000 000 000 000 000 000 000 000 000 000 000 000 000
25a0: 000 000 000 000 000 000 000 000 000 000 000 000 000 000 000 000
25b0: 000 000 000 000 000 000 000 000 000 000 000 000 000 000 000 000
25c0: 000 000 000 000 000 000 000 000 000 000 000 000 000 000 000 000
25d0: 000 000 000 000 000 000 000 000 000 000 000 000 000 000 000 000
25e0: 000 000 000 000 000 000 000 000 000 000 000 000 000 000 000 000
25f0: 000 000 000 000 000 000 000 000 000 000 000 000 000 000 000 000
2600: 000 000 000 000 000 000 000 000 000 000 000 000 000 000 000 000
2610: 000 000 000 000 000 000 000 000 000 000 000 000 000 000 000 000
2620: 000 000 000 000 000 000 000 000 000 000 000 000 000 000 000 000
2630: 000 000 000 000 000 000 000 000 000 000 000 000 000 000 000 000
2640: 000 000 000 000 000 000 000 000 000 000 000 000 000 000 000 000
2650: 000 000 000 000 000 000 000 000 000 000 000 000 000 000 000 000
2660: 000 000 000 000 000 000 000 000 000 000 000 000 000 000 000 000
2670: 000 000 000 000 000 000 000 000 000 000 000 000 000 000 000 000
2680: 000 000 000 000 000 000 000 000 000 000 000 000 000 000 000 000
2690: 000 000 000 000 000 000 000 000 000 000 000 000 000 000 000 000
26a0: 000 000 000 000 000 000 000 000 000 000 000 000 000 000 000 000
26b0: 000 000 000 000 000 000 000 000 000 000 000 000 000 000 000 000
26c0: 000 000 000 000 000 000 000 000 000 000 000 000 000 000 000 000
26d0: 000 000 000 000 000 000 000 000 000 000 000 000 000 000 000 000
26e0: 000 000 000 000 000 000 000 000 000 000 000 000 000 000 000 000
26f0: 000 000 000 000 000 000 000 000 000 000 000 000 000 000 000 000
2700: 000 000 000 000 000 000 000 000 000 000 000 000 000 000 000 000
2710: 000 000 000 000 000 000 000 000 000 000 000 000 000 000 000 000
2720: 000 000 000 000 000 000 000 000 000 000 000 000 000 000 000 000
2730: 000 000 000 000 000 000 000 000 000 000 000 000 000 000 000 000
2740: 000 000 000 000 000 000 000 000 000 000 000 000 000 000 000 000
2750: 000 000 000 000 000 000 000 000 000 000 000 000 000 000 000 000
2760: 000 000 000 000 000 000 000 000 000 000 000 000 000 000 000 000
2770: 000 000 000 000 000 000 000 000 000 000 000 000 000 000 000 000
2780: 000 000 000 000 000 000 000 000 000 000 000 000 000 000 000 000
2790: 000 000 000 000 000 000 000 000 000 000 000 000 000 000 000 000
27a0: 000 000 000 000 000 000 000 000 000 000 000 000 000 000 000 000
27b0: 000 000 000 000 000 000 000 000 000 000 000 000 000 000 000 000
27c0: 000 000 000 000 000 000 000 000 000 000 000 000 000 000 000 000
27d0: 000 000 000 000 000 000 000 000 000 000 000 000 000 000 000 000
27e0: 000 000 000 000 000 000 000 000 000 000 000 000 000 000 000 000
27f0: 000 000 000 000 000 000 000 000 000 000 000 000 000 000 000 000
2800: 000 000 000 000 000 000 000 000 000 000 000 000 000 000 000 000
2810: 000 000 000 000 000 000 000 000 000 000 000 000 000 000 000 000
2820: 000 000 000 000 000 000 000 000 000 000 000 000 000 000 000 000
2830: 000 000 000 000 000 000 000 000 000 000 000 000 000 000 000 000
2840: 000 000 000 000 000 000 000 000 000 000 000 000 000 000 000 000
2850: 000 000 000 000 000 000 000 000 000 000 000 000 000 000 000 000
2860: 000 000 000 000 000 000 000 000 000 000 000 000 000 000 000 000
2870: 000 000 000 000 000 000 000 000 000 000 000 000 000 000 000 000
2880: 000 000 000 000 000 000 000 000 000 000 000 000 000 000 000 000
2890: 000 000 000 000 000 000 000 000 000 000 000 000 000 000 000 000
28a0: 000 000 000 000 000 000 000 000 000 000 000 000 000 000 000 000
28b0: 000 000 000 000 000 000 000 000 000 000 000 000 000 000 000 000
28c0: 000 000 000 000 000 000 000 000 000 000 000 000 000 000 000 000
28d0: 000 000 000 000 000 000 000 000 000 000 000 000 000 000 000 000
28e0: 000 000 000 000 000 000 000 000 000 000 000 000 000 000 000 000
28f0: 000 000 000 000 000 000 000 000 000 000 000 000 000 000 000 000
2900: 000 000 000 000 000 000 000 000 000 000 000 000 000 000 000 000
2910: 000 000 000 000 000 000 000 000 000 000 000 000 000 000 000 000
2920: 000 000 000 000 000 000 000 000 000 000 000 000 000 000 000 000
2930: 000 000 000 000 000 000 000 000 000 000 000 000 000 000 000 000
2940: 000 000 000 000 000 000 000 000 000 000 000 000 000 000 000 000
2950: 000 000 000 000 000 000 000 000 000 000 000 000 000 000 000 000
2960: 000 000 000 000 000 000 000 000 000 000 000 000 000 000 000 000
2970: 000 000 000 000 000 000 000 000 000 000 000 000 000 000 000 000
2980: 000 000 000 000 000 000 000 000 000 000 000 000 000 000 000 000
2990: 000 000 000 000 000 000 000 000 000 000 000 000 000 000 000 000
29a0: 000 000 000 000 000 000 000 000 000 000 000 000 000 000 000 000
29b0: 000 000 000 000 000 000 000 000 000 000 000 000 000 000 000 000
29c0: 000 000 000 000 000 000 000 000 000 000 000 000 000 000 000 000
29d0: 000 000 000 000 000 000 000 000 000 000 000 000 000 000 000 000
29e0: 000 000 000 000 000 000 000 000 000 000 000 000 000 000 000 000
29f0: 000 000 000 000 000 000 000 000 000 000 000 000 000 000 000 000
2a00: 000 000 000 000 000 000 000 000 000 000 000 000 000 000 000 000
2a10: 000 000 000 000 000 000 000 000 000 000 000 000 000 000 000 000
2a20: 000 000 000 000 000 000 000 000 000 000 000 000 000 000 000 000
2a30: 000 000 000 000 000 000 000 000 000 000 000 000 000 000 000 000
2a40: 000 000 000 000 000 000 000 000 000 000 000 000 000 000 000 000
2a50: 000 000 000 000 000 000 000 000 000 000 000 000 000 000 000 000
2a60: 000 000 000 000 000 000 000 000 000 000 000 000 000 000 000 000
2a70: 000 000 000 000 000 000 000 000 000 000 000 000 000 000 000 000
2a80: 000 000 000 000 000 000 000 000 000 000 000 000 000 000 000 000
2a90: 000 000 000 000 000 000 000 000 000 000 000 000 000 000 000 000
2aa0: 000 000 000 000 000 000 000 000 000 000 000 000 000 000 000 000
2ab0: 000 000 000 000 000 000 000 000 000 000 000 000 000 000 000 000
2ac0: 000 000 000 000 000 000 000 000 000 000 000 000 000 000 000 000
2ad0: 000 000 000 000 000 000 000 000 000 000 000 000 000 000 000 000
2ae0: 000 000 000 000 000 000 000 000 000 000 000 000 000 000 000 000
2af0: 000 000 000 000 000 000 000 000 000 000 000 000 000 000 000 000
2b00: 000 000 000 000 000 000 000 000 000 000 000 000 000 000 000 000
2b10: 000 000 000 000 000 000 000 000 000 000 000 000 000 000 000 000
2b20: 000 000 000 000 000 000 000 000 000 000 000 000 000 000 000 000
2b30: 000 000 000 000 000 000 000 000 000 000 000 000 000 000 000 000
2b40: 000 000 000 000 000 000 000 000 000 000 000 000 000 000 000 000
2b50: 000 000 000 000 000 000 000 000 000 000 000 000 000 000 000 000
2b60: 000 000 000 000 000 000 000 000 000 000 000 000 000 000 000 000
2b70: 000 000 000 000 000 000 000 000 000 000 000 000 000 000 000 000
2b80: 000 000 000 000 000 000 000 000 000 000 000 000 000 000 000 000
2b90: 000 000 000 000 000 000 000 000 000 000 000 000 000 000 000 000
2ba0: 000 000 000 000 000 000 000 000 000 000 000 000 000 000 000 000
2bb0: 000 000 000 000 000 000 000 000 000 000 000 000 000 000 000 000
2bc0: 000 000 000 000 000 000 000 000 000 000 000 000 000 000 000 000
2bd0: 000 000 000 000 000 000 000 000 000 000 000 000 000 000 000 000
2be0: 000 000 000 000 000 000 000 000 000 000 000 000 000 000 000 000
2bf0: 000 000 000 000 000 000 000 000 000 000 000 000 000 000 000 000
2c00: 000 000 000 000 000 000 000 000 000 000 000 000 000 000 000 000
2c10: 000 000 000 000 000 000 000 000 000 000 000 000 000 000 000 000
2c20: 000 000 000 000 000 000 000 000 000 000 000 000 000 000 000 000
2c30: 000 000 000 000 000 000 000 000 000 000 000 000 000 000 000 000
2c40: 000 000 000 000 000 000 000 000 000 000 000 000 000 000 000 000
2c50: 000 000 000 000 000 000 000 000 000 000 000 000 000 000 000 000
2c60: 000 000 000 000 000 000 000 000 000 000 000 000 000 000 000 000
2c70: 000 000 000 000 000 000 000 000 000 000 000 000 000 000 000 000
2c80: 000 000 000 000 000 000 000 000 000 000 000 000 000 000 000 000
2c90: 000 000 000 000 000 000 000 000 000 000 000 000 000 000 000 000
2ca0: 000 000 000 000 000 000 000 000 000 000 000 000 000 000 000 000
2cb0: 000 000 000 000 000 000 000 000 000 000 000 000 000 000 000 000
2cc0: 000 000 000 000 000 000 000 000 000 000 000 000 000 000 000 000
2cd0: 000 000 000 000 000 000 000 000 000 000 000 000 000 000 000 000
2ce0: 000 000 000 000 000 000 000 000 000 000 000 000 000 000 000 000
2cf0: 000 000 000 000 000 000 000 000 000 000 000 000 000 000 000 000
2d00: 000 000 000 000 000 000 000 000 000 000 000 000 000 000 000 000
2d10: 000 000 000 000 000 000 000 000 000 000 000 000 000 000 000 000
2d20: 000 000 000 000 000 000 000 000 000 000 000 000 000 000 000 000
2d30: 000 000 000 000 000 000 000 000 000 000 000 000 000 000 000 000
2d40: 000 000 000 000 000 000 000 000 000 000 000 000 000 000 000 000
2d50: 000 000 000 000 000 000 000 000 000 000 000 000 000 000 000 000
2d60: 000 000 000 000 000 000 000 000 000 000 000 000 000 000 000 000
2d70: 000 000 000 000 000 000 000 000 000 000 000 000 000 000 000 000
2d80: 000 000 000 000 000 000 000 000 000 000 000 000 000 000 000 000
2d90: 000 000 000 000 000 000 000 000 000 000 000 000 000 000 000 000
2da0: 000 000 000 000 000 000 000 000 000 000 000 000 000 000 000 000
2db0: 000 000 000 000 000 000 000 000 000 000 000 000 000 000 000 000
2dc0: 000 000 000 000 000 000 000 000 000 000 000 000 000 000 000 000
2dd0: 000 000 000 000 000 000 000 000 000 000 000 000 000 000 000 000
2de0: 000 000 000 000 000 000 000 000 000 000 000 000 000 000 000 000
2df0: 000 000 000 000 000 000 000 000 000 000 000 000 000 000 000 000
2e00: 000 000 000 000 000 000 000 000 000 000 000 000 000 000 000 000
2e10: 000 000 000 000 000 000 000 000 000 000 000 000 000 000 000 000
2e20: 000 000 000 000 000 000 000 000 000 000 000 000 000 000 000 000
2e30: 000 000 000 000 000 000 000 000 000 000 000 000 000 000 000 000
2e40: 000 000 000 000 000 000 000 000 000 000 000 000 000 000 000 000
2e50: 000 000 000 000 000 000 000 000 000 000 000 000 000 000 000 000
2e60: 000 000 000 000 000 000 000 000 000 000 000 000 000 000 000 000
2e70: 000 000 000 000 000 000 000 000 000 000 000 000 000 000 000 000
2e80: 000 000 000 000 000 000 000 000 000 000 000 000 000 000 000 000
2e90: 000 000 000 000 000 000 000 000 000 000 000 000 000 000 000 000
2ea0: 000 000 000 000 000 000 000 000 000 000 000 000 000 000 000 000
2eb0: 000 000 000 000 000 000 000 000 000 000 000 000 000 000 000 000
2ec0: 000 000 000 000 000 000 000 000 000 000 000 000 000 000 000 000
2ed0: 000 000 000 000 000 000 000 000 000 000 000 000 000 000 000 000
2ee0: 000 000 000 000 000 000 000 000 000 000 000 000 000 000 000 000
2ef0: 000 000 000 000 000 000 000 000 000 000 000 000 000 000 000 000
2f00: 000 000 000 000 000 000 000 000 000 000 000 000 000 000 000 000
2f10: 000 000 000 000 000 000 000 000 000 000 000 000 000 000 000 000
2f20: 000 000 000 000 000 000 000 000 000 000 000 000 000 000 000 000
2f30: 000 000 000 000 000 000 000 000 000 000 000 000 000 000 000 000
2f40: 000 000 000 000 000 000 000 000 000 000 000 000 000 000 000 000
2f50: 000 000 000 000 000 000 000 000 000 000 000 000 000 000 000 000
2f60: 000 000 000 000 000 000 000 000 000 000 000 000 000 000 000 000
2f70: 000 000 000 000 000 000 000 000 000 000 000 000 000 000 000 000
2f80: 000 000 000 000 000 000 000 000 000 000 000 000 000 000 000 000
2f90: 000 000 000 000 000 000 000 000 000 000 000 000 000 000 000 000
2fa0: 000 000 000 000 000 000 000 000 000 000 000 000 000 000 000 000
2fb0: 000 000 000 000 000 000 000 000 000 000 000 000 000 000 000 000
2fc0: 000 000 000 000 000 000 000 000 000 000 000 000 000 000 000 000
2fd0: 000 000 000 000 000 000 000 000 000 000 000 000 000 000 000 000
2fe0: 000 000 000 000 000 000 000 000 000 000 000 000 000 000 000 000
2ff0: 000 000 000 000 000 000 000 000 000 000 000 000 000 000 000 000
3000: 000 000 000 000 000 000 000 000 000 000 000 000 000 000 000 000
3010: 000 000 000 000 000 000 000 000 000 000 000 000 000 000 000 000
3020: 000 000 000 000 000 000 000 000 000 000 000 000 000 000 000 000
3030: 000 000 000 000 000 000 000 000 000 000 000 000 000 000 000 000
3040: 000 000 000 000 000 000 000 000 000 000 000 000 000 000 000 000
3050: 000 000 000 000 000 000 000 000 000 000 000 000 000 000 000 000
3060: 000 000 000 000 000 000 000 000 000 000 000 000 000 000 000 000
3070: 000 000 000 000 000 000 000 000 000 000 000 000 000 000 000 000
3080: 000 000 000 000 000 000 000 000 000 000 000 000 000 000 000 000
3090: 000 000 000 000 000 000 000 000 000 000 000 000 000 000 000 000
30a0: 000 000 000 000 000 000 000 000 000 000 000 000 000 000 000 000
30b0: 000 000 000 000 000 000 000 000 000 000 000 000 000 000 000 000
30c0: 000 000 000 000 000 000 000 000 000 000 000 000 000 000 000 000
30d0: 000 000 000 000 000 000 000 000 000 000 000 000 000 000 000 000
30e0: 000 000 000 000 000 000 000 000 000 000 000 000 000 000 000 000
30f0: 000 000 000 000 000 000 000 000 000 000 000 000 000 000 000 000
3100: 000 000 000 000 000 000 000 000 000 000 000 000 000 000 000 000
3110: 000 000 000 000 000 000 000 000 000 000 000 000 000 000 000 000
3120: 000 000 000 000 000 000 000 000 000 000 000 000 000 000 000 000
3130: 000 000 000 000 000 000 000 000 000 000 000 000 000 000 000 000
3140: 000 000 000 000 000 000 000 000 000 000 000 000 000 000 000 000
3150: 000 000 000 000 000 000 000 000 000 000 000 000 000 000 000 000
3160: 000 000 000 000 000 000 000 000 000 000 000 000 000 000 000 000
3170: 000 000 000 000 000 000 000 000 000 000 000 000 000 000 000 000
3180: 000 000 000 000 000 000 000 000 000 000 000 000 000 000 000 000
3190: 000 000 000 000 000 000 000 000 000 000 000 000 000 000 000 000
31a0: 000 000 000 000 000 000 000 000 000 000 000 000 000 000 000 000
31b0: 000 000 000 000 000 000 000 000 000 000 000 000 000 000 000 000
31c0: 000 000 000 000 000 000 000 000 000 000 000 000 000 000 000 000
31d0: 000 000 000 000 000 000 000 000 000 000 000 000 000 000 000 000
31e0: 000 000 000 000 000 000 000 000 000 000 000 000 000 000 000 000
31f0: 000 000 000 000 000 000 000 000 000 000 000 000 000 000 000 000
3200: 000 000 000 000 000 000 000 000 000 000 000 000 000 000 000 000
3210: 000 000 000 000 000 000 000 000 000 000 000 000 000 000 000 000
3220: 000 000 000 000 000 000 000 000 000 000 000 000 000 000 000 000
3230: 000 000 000 000 000 000 000 000 000 000 000 000 000 000 000 000
3240: 000 000 000 000 000 000 000 000 000 000 000 000 000 000 000 000
3250: 000 000 000 000 000 000 000 000 000 000 000 000 000 000 000 000
3260: 000 000 000 000 000 000 000 000 000 000 000 000 000 000 000 000
3270: 000 000 000 000 000 000 000 000 000 000 000 000 000 000 000 000
3280: 000 000 000 000 000 000 000 000 000 000 000 000 000 000 000 000
3290: 000 000 000 000 000 000 000 000 000 000 000 000 000 000 000 000
32a0: 000 000 000 000 000 000 000 000 000 000 000 000 000 000 000 000
32b0: 000 000 000 000 000 000 000 000 000 000 000 000 000 000 000 000
32c0: 000 000 000 000 000 000 000 000 000 000 000 000 000 000 000 000
32d0: 000 000 000 000 000 000 000 000 000 000 000 000 000 000 000 000
32e0: 000 000 000 000 000 000 000 000 000 000 000 000 000 000 000 000
32f0: 000 000 000 000 000 000 000 000 000 000 000 000 000 000 000 000
3300: 000 000 000 000 000 000 000 000 000 000 000 000 000 000 000 000
3310: 000 000 000 000 000 000 000 000 000 000 000 000 000 000 000 000
3320: 000 000 000 000 000 000 000 000 000 000 000 000 000 000 000 000
3330: 000 000 000 000 000 000 000 000 000 000 000 000 000 000 000 000
3340: 000 000 000 000 000 000 000 000 000 000 000 000 000 000 000 000
3350: 000 000 000 000 000 000 000 000 000 000 000 000 000 000 000 000
3360: 000 000 000 000 000 000 000 000 000 000 000 000 000 000 000 000
3370: 000 000 000 000 000 000 000 000 000 000 000 000 000 000 000 000
3380: 000 000 000 000 000 000 000 000 000 000 000 000 000 000 000 000
3390: 000 000 000 000 000 000 000 000 000 000 000 000 000 000 000 000
33a0: 000 000 000 000 000 000 000 000 000 000 000 000 000 000 000 000
33b0: 000 000 000 000 000 000 000 000 000 000 000 000 000 000 000 000
33c0: 000 000 000 000 000 000 000 000 000 000 000 000 000 000 000 000
33d0: 000 000 000 000 000 000 000 000 000 000 000 000 000 000 000 000
33e0: 000 000 000 000 000 000 000 000 000 000 000 000 000 000 000 000
33f0: 000 000 000 000 000 000 000 000 000 000 000 000 000 000 000 000
3400: 000 000 000 000 000 000 000 000 000 000 000 000 000 000 000 000
3410: 000 000 000 000 000 000 000 000 000 000 000 000 000 000 000 000
3420: 000 000 000 000 000 000 000 000 000 000 000 000 000 000 000 000
3430: 000 000 000 000 000 000 000 000 000 000 000 000 000 000 000 000
3440: 000 000 000 000 000 000 000 000 000 000 000 000 000 000 000 000
3450: 000 000 000 000 000 000 000 000 000 000 000 000 000 000 000 000
3460: 000 000 000 000 000 000 000 000 000 000 000 000 000 000 000 000
3470: 000 000 000 000 000 000 000 000 000 000 000 000 000 000 000 000
3480: 000 000 000 000 000 000 000 000 000 000 000 000 000 000 000 000
3490: 000 000 000 000 000 000 000 000 000 000 000 000 000 000 000 000
34a0: 000 000 000 000 000 000 000 000 000 000 000 000 000 000 000 000
34b0: 000 000 000 000 000 000 000 000 000 000 000 000 000 000 000 000
34c0: 000 000 000 000 000 000 000 000 000 000 000 000 000 000 000 000
34d0: 000 000 000 000 000 000 000 000 000 000 000 000 000 000 000 000
34e0: 000 000 000 000 000 000 000 000 000 000 000 000 000 000 000 000
34f0: 000 000 000 000 000 000 000 000 000 000 000 000 000 000 000 000
3500: 000 000 000 000 000 000 000 000 000 000 000 000 000 000 000 000
3510: 000 000 000 000 000 000 000 000 000 000 000 000 000 000 000 000
3520: 000 000 000 000 000 000 000 000 000 000 000 000 000 000 000 000
3530: 000 000 000 000 000 000 000 000 000 000 000 000 000 000 000 000
3540: 000 000 000 000 000 000 000 000 000 000 000 000 000 000 000 000
3550: 000 000 000 000 000 000 000 000 000 000 000 000 000 000 000 000
3560: 000 000 000 000 000 000 000 000 000 000 000 000 000 000 000 000
3570: 000 000 000 000 000 000 000 000 000 000 000 000 000 000 000 000
3580: 000 000 000 000 000 000 000 000 000 000 000 000 000 000 000 000
3590: 000 000 000 000 000 000 000 000 000 000 000 000 000 000 000 000
35a0: 000 000 000 000 000 000 000 000 000 000 000 000 000 000 000 000
35b0: 000 000 000 000 000 000 000 000 000 000 000 000 000 000 000 000
35c0: 000 000 000 000 000 000 000 000 000 000 000 000 000 000 000 000
35d0: 000 000 000 000 000 000 000 000 000 000 000 000 000 000 000 000
35e0: 000 000 000 000 000 000 000 000 000 000 000 000 000 000 000 000
35f0: 000 000 000 000 000 000 000 000 000 000 000 000 000 000 000 000
3600: 000 000 000 000 000 000 000 000 000 000 000 000 000 000 000 000
3610: 000 000 000 000 000 000 000 000 000 000 000 000 000 000 000 000
3620: 000 000 000 000 000 000 000 000 000 000 000 000 000 000 000 000
3630: 000 000 000 000 000 000 000 000 000 000 000 000 000 000 000 000
3640: 000 000 000 000 000 000 000 000 000 000 000 000 000 000 000 000
3650: 000 000 000 000 000 000 000 000 000 000 000 000 000 000 000 000
3660: 000 000 000 000 000 000 000 000 000 000 000 000 000 000 000 000
3670: 000 000 000 000 000 000 000 000 000 000 000 000 000 000 000 000
3680: 000 000 000 000 000 000 000 000 000 000 000 000 000 000 000 000
3690: 000 000 000 000 000 000 000 000 000 000 000 000 000 000 000 000
36a0: 000 000 000 000 000 000 000 000 000 000 000 000 000 000 000 000
36b0: 000 000 000 000 000 000 000 000 000 000 000 000 000 000 000 000
36c0: 000 000 000 000 000 000 000 000 000 000 000 000 000 000 000 000
36d0: 000 000 000 000 000 000 000 000 000 000 000 000 000 000 000 000
36e0: 000 000 000 000 000 000 000 000 000 000 000 000 000 000 000 000
36f0: 000 000 000 000 000 000 000 000 000 000 000 000 000 000 000 000
3700: 000 000 000 000 000 000 000 000 000 000 000 000 000 000 000 000
3710: 000 000 000 000 000 000 000 000 000 000 000 000 000 000 000 000
3720: 000 000 000 000 000 000 000 000 000 000 000 000 000 000 000 000
3730: 000 000 000 000 000 000 000 000 000 000 000 000 000 000 000 000
3740: 000 000 000 000 000 000 000 000 000 000 000 000 000 000 000 000
3750: 000 000 000 000 000 000 000 000 000 000 000 000 000 000 000 000
3760: 000 000 000 000 000 000 000 000 000 000 000 000 000 000 000 000
3770: 000 000 000 000 000 000 000 000 000 000 000 000 000 000 000 000
3780: 000 000 000 000 000 000 000 000 000 000 000 000 000 000 000 000
3790: 000 000 000 000 000 000 000 000 000 000 000 000 000 000 000 000
37a0: 000 000 000 000 000 000 000 000 000 000 000 000 000 000 000 000
37b0: 000 000 000 000 000 000 000 000 000 000 000 000 000 000 000 000
37c0: 000 000 000 000 000 000 000 000 000 000 000 000 000 000 000 000
37d0: 000 000 000 000 000 000 000 000 000 000 000 000 000 000 000 000
37e0: 000 000 000 000 000 000 000 000 000 000 000 000 000 000 000 000
37f0: 000 000 000 000 000 000 000 000 000 000 000 000 000 000 000 000
3800: 000 000 000 000 000 000 000 000 000 000 000 000 000 000 000 000
3810: 000 000 000 000 000 000 000 000 000 000 000 000 000 000 000 000
3820: 000 000 000 000 000 000 000 000 000 000 000 000 000 000 000 000
3830: 000 000 000 000 000 000 000 000 000 000 000 000 000 000 000 000
3840: 000 000 000 000 000 000 000 000 000 000 000 000 000 000 000 000
3850: 000 000 000 000 000 000 000 000 000 000 000 000 000 000 000 000
3860: 000 000 000 000 000 000 000 000 000 000 000 000 000 000 000 000
3870: 000 000 000 000 000 000 000 000 000 000 000 000 000 000 000 000
3880: 000 000 000 000 000 000 000 000 000 000 000 000 000 000 000 000
3890: 000 000 000 000 000 000 000 000 000 000 000 000 000 000 000 000
38a0: 000 000 000 000 000 000 000 000 000 000 000 000 000 000 000 000
38b0: 000 000 000 000 000 000 000 000 000 000 000 000 000 000 000 000
38c0: 000 000 000 000 000 000 000 000 000 000 000 000 000 000 000 000
38d0: 000 000 000 000 000 000 000 000 000 000 000 000 000 000 000 000
38e0: 000 000 000 000 000 000 000 000 000 000 000 000 000 000 000 000
38f0: 000 000 000 000 000 000 000 000 000 000 000 000 000 000 000 000
3900: 000 000 000 000 000 000 000 000 000 000 000 000 000 000 000 000
3910: 000 000 000 000 000 000 000 000 000 000 000 000 000 000 000 000
3920: 000 000 000 000 000 000 000 000 000 000 000 000 000 000 000 000
3930: 000 000 000 000 000 000 000 000 000 000 000 000 000 000 000 000
3940: 000 000 000 000 000 000 000 000 000 000 000 000 000 000 000 000
3950: 000 000 000 000 000 000 000 000 000 000 000 000 000 000 000 000
3960: 000 000 000 000 000 000 000 000 000 000 000 000 000 000 000 000
3970: 000 000 000 000 000 000 000 000 000 000 000 000 000 000 000 000
3980: 000 000 000 000 000 000 000 000 000 000 000 000 000 000 000 000
3990: 000 000 000 000 000 000 000 000 000 000 000 000 000 000 000 000
39a0: 000 000 000 000 000 000 000 000 000 000 000 000 000 000 000 000
39b0: 000 000 000 000 000 000 000 000 000 000 000 000 000 000 000 000
39c0: 000 000 000 000 000 000 000 000 000 000 000 000 000 000 000 000
39d0: 000 000 000 000 000 000 000 000 000 000 000 000 000 000 000 000
39e0: 000 000 000 000 000 000 000 000 000 000 000 000 000 000 000 000
39f0: 000 000 000 000 000 000 000 000 000 000 000 000 000 000 000 000
3a00: 000 000 000 000 000 000 000 000 000 000 000 000 000 000 000 000
3a10: 000 000 000 000 000 000 000 000 000 000 000 000 000 000 000 000
3a20: 000 000 000 000 000 000 000 000 000 000 000 000 000 000 000 000
3a30: 000 000 000 000 000 000 000 000 000 000 000 000 000 000 000 000
3a40: 000 000 000 000 000 000 000 000 000 000 000 000 000 000 000 000
3a50: 000 000 000 000 000 000 000 000 000 000 000 000 000 000 000 000
3a60: 000 000 000 000 000 000 000 000 000 000 000 000 000 000 000 000
3a70: 000 000 000 000 000 000 000 000 000 000 000 000 000 000 000 000
3a80: 000 000 000 000 000 000 000 000 000 000 000 000 000 000 000 000
3a90: 000 000 000 000 000 000 000 000 000 000 000 000 000 000 000 000
3aa0: 000 000 000 000 000 000 000 000 000 000 000 000 000 000 000 000
3ab0: 000 000 000 000 000 000 000 000 000 000 000 000 000 000 000 000
3ac0: 000 000 000 000 000 000 000 000 000 000 000 000 000 000 000 000
3ad0: 000 000 000 000 000 000 000 000 000 000 000 000 000 000 000 000
3ae0: 000 000 000 000 000 000 000 000 000 000 000 000 000 000 000 000
3af0: 000 000 000 000 000 000 000 000 000 000 000 000 000 000 000 000
3b00: 000 000 000 000 000 000 000 000 000 000 000 000 000 000 000 000
3b10: 000 000 000 000 000 000 000 000 000 000 000 000 000 000 000 000
3b20: 000 000 000 000 000 000 000 000 000 000 000 000 000 000 000 000
3b30: 000 000 000 000 000 000 000 000 000 000 000 000 000 000 000 000
3b40: 000 000 000 000 000 000 000 000 000 000 000 000 000 000 000 000
3b50: 000 000 000 000 000 000 000 000 000 000 000 000 000 000 000 000
3b60: 000 000 000 000 000 000 000 000 000 000 000 000 000 000 000 000
3b70: 000 000 000 000 000 000 000 000 000 000 000 000 000 000 000 000
3b80: 000 000 000 000 000 000 000 000 000 000 000 000 000 000 000 000
3b90: 000 000 000 000 000 000 000 000 000 000 000 000 000 000 000 000
3ba0: 000 000 000 000 000 000 000 000 000 000 000 000 000 000 000 000
3bb0: 000 000 000 000 000 000 000 000 000 000 000 000 000 000 000 000
3bc0: 000 000 000 000 000 000 000 000 000 000 000 000 000 000 000 000
3bd0: 000 000 000 000 000 000 000 000 000 000 000 000 000 000 000 000
3be0: 000 000 000 000 000 000 000 000 000 000 000 000 000 000 000 000
3bf0: 000 000 000 000 000 000 000 000 000 000 000 000 000 000 000 000
3c00: 000 000 000 000 000 000 000 000 000 000 000 000 000 000 000 000
3c10: 000 000 000 000 000 000 000 000 000 000 000 000 000 000 000 000
3c20: 000 000 000 000 000 000 000 000 000 000 000 000 000 000 000 000
3c30: 000 000 000 000 000 000 000 000 000 000 000 000 000 000 000 000
3c40: 000 000 000 000 000 000 000 000 000 000 000 000 000 000 000 000
3c50: 000 000 000 000 000 000 000 000 000 000 000 000 000 000 000 000
3c60: 000 000 000 000 000 000 000 000 000 000 000 000 000 000 000 000
3c70: 000 000 000 000 000 000 000 000 000 000 000 000 000 000 000 000
3c80: 000 000 000 000 000 000 000 000 000 000 000 000 000 000 000 000
3c90: 000 000 000 000 000 000 000 000 000 000 000 000 000 000 000 000
3ca0: 000 000 000 000 000 000 000 000 000 000 000 000 000 000 000 000
3cb0: 000 000 000 000 000 000 000 000 000 000 000 000 000 000 000 000
3cc0: 000 000 000 000 000 000 000 000 000 000 000 000 000 000 000 000
3cd0: 000 000 000 000 000 000 000 000 000 000 000 000 000 000 000 000
3ce0: 000 000 000 000 000 000 000 000 000 000 000 000 000 000 000 000
3cf0: 000 000 000 000 000 000 000 000 000 000 000 000 000 000 000 000
3d00: 000 000 000 000 000 000 000 000 000 000 000 000 000 000 000 000
3d10: 000 000 000 000 000 000 000 000 000 000 000 000 000 000 000 000
3d20: 000 000 000 000 000 000 000 000 000 000 000 000 000 000 000 000
3d30: 000 000 000 000 000 000 000 000 000 000 000 000 000 000 000 000
3d40: 000 000 000 000 000 000 000 000 000 000 000 000 000 000 000 000
3d50: 000 000 000 000 000 000 000 000 000 000 000 000 000 000 000 000
3d60: 000 000 000 000 000 000 000 000 000 000 000 000 000 000 000 000
3d70: 000 000 000 000 000 000 000 000 000 000 000 000 000 000 000 000
3d80: 000 000 000 000 000 000 000 000 000 000 000 000 000 000 000 000
3d90: 000 000 000 000 000 000 000 000 000 000 000 000 000 000 000 000
3da0: 000 000 000 000 000 000 000 000 000 000 000 000 000 000 000 000
3db0: 000 000 000 000 000 000 000 000 000 000 000 000 000 000 000 000
3dc0: 000 000 000 000 000 000 000 000 000 000 000 000 000 000 000 000
3dd0: 000 000 000 000 000 000 000 000 000 000 000 000 000 000 000 000
3de0: 000 000 000 000 000 000 000 000 000 000 000 000 000 000 000 000
3df0: 000 000 000 000 000 000 000 000 000 000 000 000 000 000 000 000
3e00: 000 000 000 000 000 000 000 000 000 000 000 000 000 000 000 000
3e10: 000 000 000 000 000 000 000 000 000 000 000 000 000 000 000 000
3e20: 000 000 000 000 000 000 000 000 000 000 000 000 000 000 000 000
3e30: 000 000 000 000 000 000 000 000 000 000 000 000 000 000 000 000
3e40: 000 000 000 000 000 000 000 000 000 000 000 000 000 000 000 000
3e50: 000 000 000 000 000 000 000 000 000 000 000 000 000 000 000 000
3e60: 000 000 000 000 000 000 000 000 000 000 000 000 000 000 000 000
3e70: 000 000 000 000 000 000 000 000 000 000 000 000 000 000 000 000
3e80: 000 000 000 000 000 000 000 000 000 000 000 000 000 000 000 000
3e90: 000 000 000 000 000 000 000 000 000 000 000 000 000 000 000 000
3ea0: 000 000 000 000 000 000 000 000 000 000 000 000 000 000 000 000
3eb0: 000 000 000 000 000 000 000 000 000 000 000 000 000 000 000 000
3ec0: 000 000 000 000 000 000 000 000 000 000 000 000 000 000 000 000
3ed0: 000 000 000 000 000 000 000 000 000 000 000 000 000 000 000 000
3ee0: 000 000 000 000 000 000 000 000 000 000 000 000 000 000 000 000
3ef0: 000 000 000 000 000 000 000 000 000 000 000 000 000 000 000 000
3f00: 000 000 000 000 000 000 000 000 000 000 000 000 000 000 000 000
3f10: 000 000 000 000 000 000 000 000 000 000 000 000 000 000 000 000
3f20: 000 000 000 000 000 000 000 000 000 000 000 000 000 000 000 000
3f30: 000 000 000 000 000 000 000 000 000 000 000 000 000 000 000 000
3f40: 000 000 000 000 000 000 000 000 000 000 000 000 000 000 000 000
3f50: 000 000 000 000 000 000 000 000 000 000 000 000 000 000 000 000
3f60: 000 000 000 000 000 000 000 000 000 000 000 000 000 000 000 000
3f70: 000 000 000 000 000 000 000 000 000 000 000 000 000 000 000 000
3f80: 000 000 000 000 000 000 000 000 000 000 000 000 000 000 000 000
3f90: 000 000 000 000 000 000 000 000 000 000 000 000 000 000 000 000
3fa0: 000 000 000 000 000 000 000 000 000 000 000 000 000 000 000 000
3fb0: 000 000 000 000 000 000 000 000 000 000 000 000 000 000 000 000
3fc0: 000 000 000 000 000 000 000 000 000 000 000 000 000 000 000 000
3fd0: 000 000 000 000 000 000 000 000 000 000 000 000 000 000 000 000
3fe0: 000 000 000 000 000 000 000 000 000 000 000 000 000 000 000 000
3ff0: 000 000 000 000 000 000 000 000 000 000 000 000 000 000 000 000
4000: 000 000 000 000 000 000 000 000 000 000 000 000 000 000 000 000
4010: 000 000 000 000 000 000 000 000 000 000 000 000 000 000 000 000
4020: 000 000 000 000 000 000 000 000 000 000 000 000 000 000 000 000
4030: 000 000 000 000 000 000 000 000 000 000 000 000 000 000 000 000
4040: 000 000 000 000 000 000 000 000 000 000 000 000 000 000 000 000
4050: 000 000 000 000 000 000 000 000 000 000 000 000 000 000 000 000
4060: 000 000 000 000 000 000 000 000 000 000 000 000 000 000 000 000
4070: 000 000 000 000 000 000 000 000 000 000 000 000 000 000 000 000
4080: 000 000 000 000 000 000 000 000 000 000 000 000 000 000 000 000
4090: 000 000 000 000 000 000 000 000 000 000 000 000 000 000 000 000
40a0: 000 000 000 000 000 000 000 000 000 000 000 000 000 000 000 000
40b0: 000 000 000 000 000 000 000 000 000 000 000 000 000 000 000 000
40c0: 000 000 000 000 000 000 000 000 000 000 000 000 000 000 000 000
40d0: 000 000 000 000 000 000 000 000 000 000 000 000 000 000 000 000
40e0: 000 000 000 000 000 000 000 000 000 000 000 000 000 000 000 000
40f0: 000 000 000 000 000 000 000 000 000 000 000 000 000 000 000 000
4100: 000 000 000 000 000 000 000 000 000 000 000 000 000 000 000 000
4110: 000 000 000 000 000 000 000 000 000 000 000 000 000 000 000 000
4120: 000 000 000 000 000 000 000 000 000 000 000 000 000 000 000 000
4130: 000 000 000 000 000 000 000 000 000 000 000 000 000 000 000 000
4140: 000 000 000 000 000 000 000 000 000 000 000 000 000 000 000 000
4150: 000 000 000 000 000 000 000 000 000 000 000 000 000 000 000 000
4160: 000 000 000 000 000 000 000 000 000 000 000 000 000 000 000 000
4170: 000 000 000 000 000 000 000 000 000 000 000 000 000 000 000 000
4180: 000 000 000 000 000 000 000 000 000 000 000 000 000 000 000 000
4190: 000 000 000 000 000 000 000 000 000 000 000 000 000 000 000 000
41a0: 000 000 000 000 000 000 000 000 000 000 000 000 000 000 000 000
41b0: 000 000 000 000 000 000 000 000 000 000 000 000 000 000 000 000
41c0: 000 000 000 000 000 000 000 000 000 000 000 000 000 000 000 000
41d0: 000 000 000 000 000 000 000 000 000 000 000 000 000 000 000 000
41e0: 000 000 000 000 000 000 000 000 000 000 000 000 000 000 000 000
41f0: 000 000 000 000 000 000 000 000 000 000 000 000 000 000 000 000
4200: 000 000 000 000 000 000 000 000 000 000 000 000 000 000 000 000
4210: 000 000 000 000 000 000 000 000 000 000 000 000 000 000 000 000
4220: 000 000 000 000 000 000 000 000 000 000 000 000 000 000 000 000
4230: 000 000 000 000 000 000 000 000 000 000 000 000 000 000 000 000
4240: 000 000 000 000 000 000 000 000 000 000 000 000 000 000 000 000
4250: 000 000 000 000 000 000 000 000 000 000 000 000 000 000 000 000
4260: 000 000 000 000 000 000 000 000 000 000 000 000 000 000 000 000
4270: 000 000 000 000 000 000 000 000 000 000 000 000 000 000 000 000
4280: 000 000 000 000 000 000 000 000 000 000 000 000 000 000 000 000
4290: 000 000 000 000 000 000 000 000 000 000 000 000 000 000 000 000
42a0: 000 000 000 000 000 000 000 000 000 000 000 000 000 000 000 000
42b0: 000 000 000 000 000 000 000 000 000 000 000 000 000 000 000 000
42c0: 000 000 000 000 000 000 000 000 000 000 000 000 000 000 000 000
42d0: 000 000 000 000 000 000 000 000 000 000 000 000 000 000 000 000
42e0: 000 000 000 000 000 000 000 000 000 000 000 000 000 000 000 000
42f0: 000 000 000 000 000 000 000 000 000 000 000 000 000 000 000 000
4300: 000 000 000 000 000 000 000 000 000 000 000 000 000 000 000 000
4310: 000 000 000 000 000 000 000 000 000 000 000 000 000 000 000 000
4320: 000 000 000 000 000 000 000 000 000 000 000 000 000 000 000 000
4330: 000 000 000 000 000 000 000 000 000 000 000 000 000 000 000 000
4340: 000 000 000 000 000 000 000 000 000 000 000 000 000 000 000 000
4350: 000 000 000 000 000 000 000 000 000 000 000 000 000 000 000 000
4360: 000 000 000 000 000 000 000 000 000 000 000 000 000 000 000 000
4370: 000 000 000 000 000 000 000 000 000 000 000 000 000 000 000 000
4380: 000 000 000 000 000 000 000 000 000 000 000 000 000 000 000 000
4390: 000 000 000 000 000 000 000 000 000 000 000 000 000 000 000 000
43a0: 000 000 000 000 000 000 000 000 000 000 000 000 000 000 000 000
43b0: 000 000 000 000 000 000 000 000 000 000 000 000 000 000 000 000
43c0: 000 000 000 000 000 000 000 000 000 000 000 000 000 000 000 000
43d0: 000 000 000 000 000 000 000 000 000 000 000 000 000 000 000 000
43e0: 000 000 000 000 000 000 000 000 000 000 000 000 000 000 000 000
43f0: 000 000 000 000 000 000 000 000 000 000 000 000 000 000 000 000
4400: 000 000 000 000 000 000 000 000 000 000 000 000 000 000 000 000
4410: 000 000 000 000 000 000 000 000 000 000 000 000 000 000 000 000
4420: 000 000 000 000 000 000 000 000 000 000 000 000 000 000 000 000
4430: 000 000 000 000 000 000 000 000 000 000 000 000 000 000 000 000
4440: 000 000 000 000 000 000 000 000 000 000 000 000 000 000 000 000
4450: 000 000 000 000 000 000 000 000 000 000 000 000 000 000 000 000
4460: 000 000 000 000 000 000 000 000 000 000 000 000 000 000 000 000
4470: 000 000 000 000 000 000 000 000 000 000 000 000 000 000 000 000
4480: 000 000 000 000 000 000 000 000 000 000 000 000 000 000 000 000
4490: 000 000 000 000 000 000 000 000 000 000 000 000 000 000 000 000
44a0: 000 000 000 000 000 000 000 000 000 000 000 000 000 000 000 000
44b0: 000 000 000 000 000 000 000 000 000 000 000 000 000 000 000 000
44c0: 000 000 000 000 000 000 000 000 000 000 000 000 000 000 000 000
44d0: 000 000 000 000 000 000 000 000 000 000 000 000 000 000 000 000
44e0: 000 000 000 000 000 000 000 000 000 000 000 000 000 000 000 000
44f0: 000 000 000 000 000 000 000 000 000 000 000 000 000 000 000 000
4500: 000 000 000 000 000 000 000 000 000 000 000 000 000 000 000 000
4510: 000 000 000 000 000 000 000 000 000 000 000 000 000 000 000 000
4520: 000 000 000 000 000 000 000 000 000 000 000 000 000 000 000 000
4530: 000 000 000 000 000 000 000 000 000 000 000 000 000 000 000 000
4540: 000 000 000 000 000 000 000 000 000 000 000 000 000 000 000 000
4550: 000 000 000 000 000 000 000 000 000 000 000 000 000 000 000 000
4560: 000 000 000 000 000 000 000 000 000 000 000 000 000 000 000 000
4570: 000 000 000 000 000 000 000 000 000 000 000 000 000 000 000 000
4580: 000 000 000 000 000 000 000 000 000 000 000 000 000 000 000 000
4590: 000 000 000 000 000 000 000 000 000 000 000 000 000 000 000 000
45a0: 000 000 000 000 000 000 000 000 000 000 000 000 000 000 000 000
45b0: 000 000 000 000 000 000 000 000 000 000 000 000 000 000 000 000
45c0: 000 000 000 000 000 000 000 000 000 000 000 000 000 000 000 000
45d0: 000 000 000 000 000 000 000 000 000 000 000 000 000 000 000 000
45e0: 000 000 000 000 000 000 000 000 000 000 000 000 000 000 000 000
45f0: 000 000 000 000 000 000 000 000 000 000 000 000 000 000 000 000
4600: 000 000 000 000 000 000 000 000 000 000 000 000 000 000 000 000
4610: 000 000 000 000 000 000 000 000 000 000 000 000 000 000 000 000
4620: 000 000 000 000 000 000 000 000 000 000 000 000 000 000 000 000
4630: 000 000 000 000 000 000 000 000 000 000 000 000 000 000 000 000
4640: 000 000 000 000 000 000 000 000 000 000 000 000 000 000 000 000
4650: 000 000 000 000 000 000 000 000 000 000 000 000 000 000 000 000
4660: 000 000 000 000 000 000 000 000 000 000 000 000 000 000 000 000
4670: 000 000 000 000 000 000 000 000 000 000 000 000 000 000 000 000
4680: 000 000 000 000 000 000 000 000 000 000 000 000 000 000 000 000
4690: 000 000 000 000 000 000 000 000 000 000 000 000 000 000 000 000
46a0: 000 000 000 000 000 000 000 000 000 000 000 000 000 000 000 000
46b0: 000 000 000 000 000 000 000 000 000 000 000 000 000 000 000 000
46c0: 000 000 000 000 000 000 000 000 000 000 000 000 000 000 000 000
46d0: 000 000 000 000 000 000 000 000 000 000 000 000 000 000 000 000
46e0: 000 000 000 000 000 000 000 000 000 000 000 000 000 000 000 000
46f0: 000 000 000 000 000 000 000 000 000 000 000 000 000 000 000 000
4700: 000 000 000 000 000 000 000 000 000 000 000 000 000 000 000 000
4710: 000 000 000 000 000 000 000 000 000 000 000 000 000 000 000 000
4720: 000 000 000 000 000 000 000 000 000 000 000 000 000 000 000 000
4730: 000 000 000 000 000 000 000 000 000 000 000 000 000 000 000 000
4740: 000 000 000 000 000 000 000 000 000 000 000 000 000 000 000 000
4750: 000 000 000 000 000 000 000 000 000 000 000 000 000 000 000 000
4760: 000 000 000 000 000 000 000 000 000 000 000 000 000 000 000 000
4770: 000 000 000 000 000 000 000 000 000 000 000 000 000 000 000 000
4780: 000 000 000 000 000 000 000 000 000 000 000 000 000 000 000 000
4790: 000 000 000 000 000 000 000 000 000 000 000 000 000 000 000 000
47a0: 000 000 000 000 000 000 000 000 000 000 000 000 000 000 000 000
47b0: 000 000 000 000 000 000 000 000 000 000 000 000 000 000 000 000
47c0: 000 000 000 000 000 000 000 000 000 000 000 000 000 000 000 000
47d0: 000 000 000 000 000 000 000 000 000 000 000 000 000 000 000 000
47e0: 000 000 000 000 000 000 000 000 000 000 000 000 000 000 000 000
47f0: 000 000 000 000 000 000 000 000 000 000 000 000 000 000 000 000
4800: 000 000 000 000 000 000 000 000 000 000 000 000 000 000 000 000
4810: 000 000 000 000 000 000 000 000 000 000 000 000 000 000 000 000
4820: 000 000 000 000 000 000 000 000 000 000 000 000 000 000 000 000
4830: 000 000 000 000 000 000 000 000 000 000 000 000 000 000 000 000
4840: 000 000 000 000 000 000 000 000 000 000 000 000 000 000 000 000
4850: 000 000 000 000 000 000 000 000 000 000 000 000 000 000 000 000
4860: 000 000 000 000 000 000 000 000 000 000 000 000 000 000 000 000
4870: 000 000 000 000 000 000 000 000 000 000 000 000 000 000 000 000
4880: 000 000 000 000 000 000 000 000 000 000 000 000 000 000 000 000
4890: 000 000 000 000 000 000 000 000 000 000 000 000 000 000 000 000
48a0: 000 000 000 000 000 000 000 000 000 000 000 000 000 000 000 000
48b0: 000 000 000 000 000 000 000 000 000 000 000 000 000 000 000 000
48c0: 000 000 000 000 000 000 000 000 000 000 000 000 000 000 000 000
48d0: 000 000 000 000 000 000 000 000 000 000 000 000 000 000 000 000
48e0: 000 000 000 000 000 000 000 000 000 000 000 000 000 000 000 000
48f0: 000 000 000 000 000 000 000 000 000 000 000 000 000 000 000 000
4900: 000 000 000 000 000 000 000 000 000 000 000 000 000 000 000 000
4910: 000 000 000 000 000 000 000 000 000 000 000 000 000 000 000 000
4920: 000 000 000 000 000 000 000 000 000 000 000 000 000 000 000 000
4930: 000 000 000 000 000 000 000 000 000 000 000 000 000 000 000 000
4940: 000 000 000 000 000 000 000 000 000 000 000 000 000 000 000 000
4950: 000 000 000 000 000 000 000 000 000 000 000 000 000 000 000 000
4960: 000 000 000 000 000 000 000 000 000 000 000 000 000 000 000 000
4970: 000 000 000 000 000 000 000 000 000 000 000 000 000 000 000 000
4980: 000 000 000 000 000 000 000 000 000 000 000 000 000 000 000 000
4990: 000 000 000 000 000 000 000 000 000 000 000 000 000 000 000 000
49a0: 000 000 000 000 000 000 000 000 000 000 000 000 000 000 000 000
49b0: 000 000 000 000 000 000 000 000 000 000 000 000 000 000 000 000
49c0: 000 000 000 000 000 000 000 000 000 000 000 000 000 000 000 000
49d0: 000 000 000 000 000 000 000 000 000 000 000 000 000 000 000 000
49e0: 000 000 000 000 000 000 000 000 000 000 000 000 000 000 000 000
49f0: 000 000 000 000 000 000 000 000 000 000 000 000 000 000 000 000
4a00: 000 000 000 000 000 000 000 000 000 000 000 000 000 000 000 000
4a10: 000 000 000 000 000 000 000 000 000 000 000 000 000 000 000 000
4a20: 000 000 000 000 000 000 000 000 000 000 000 000 000 000 000 000
4a30: 000 000 000 000 000 000 000 000 000 000 000 000 000 000 000 000
4a40: 000 000 000 000 000 000 000 000 000 000 000 000 000 000 000 000
4a50: 000 000 000 000 000 000 000 000 000 000 000 000 000 000 000 000
4a60: 000 000 000 000 000 000 000 000 000 000 000 000 000 000 000 000
4a70: 000 000 000 000 000 000 000 000 000 000 000 000 000 000 000 000
4a80: 000 000 000 000 000 000 000 000 000 000 000 000 000 000 000 000
4a90: 000 000 000 000 000 000 000 000 000 000 000 000 000 000 000 000
4aa0: 000 000 000 000 000 000 000 000 000 000 000 000 000 000 000 000
4ab0: 000 000 000 000 000 000 000 000 000 000 000 000 000 000 000 000
4ac0: 000 000 000 000 000 000 000 000 000 000 000 000 000 000 000 000
4ad0: 000 000 000 000 000 000 000 000 000 000 000 000 000 000 000 000
4ae0: 000 000 000 000 000 000 000 000 000 000 000 000 000 000 000 000
4af0: 000 000 000 000 000 000 000 000 000 000 000 000 000 000 000 000
4b00: 000 000 000 000 000 000 000 000 000 000 000 000 000 000 000 000
4b10: 000 000 000 000 000 000 000 000 000 000 000 000 000 000 000 000
4b20: 000 000 000 000 000 000 000 000 000 000 000 000 000 000 000 000
4b30: 000 000 000 000 000 000 000 000 000 000 000 000 000 000 000 000
4b40: 000 000 000 000 000 000 000 000 000 000 000 000 000 000 000 000
4b50: 000 000 000 000 000 000 000 000 000 000 000 000 000 000 000 000
4b60: 000 000 000 000 000 000 000 000 000 000 000 000 000 000 000 000
4b70: 000 000 000 000 000 000 000 000 000 000 000 000 000 000 000 000
4b80: 000 000 000 000 000 000 000 000 000 000 000 000 000 000 000 000
4b90: 000 000 000 000 000 000 000 000 000 000 000 000 000 000 000 000
4ba0: 000 000 000 000 000 000 000 000 000 000 000 000 000 000 000 000
4bb0: 000 000 000 000 000 000 000 000 000 000 000 000 000 000 000 000
4bc0: 000 000 000 000 000 000 000 000 000 000 000 000 000 000 000 000
4bd0: 000 000 000 000 000 000 000 000 000 000 000 000 000 000 000 000
4be0: 000 000 000 000 000 000 000 000 000 000 000 000 000 000 000 000
4bf0: 000 000 000 000 000 000 000 000 000 000 000 000 000 000 000 000
4c00: 000 000 000 000 000 000 000 000 000 000 000 000 000 000 000 000
4c10: 000 000 000 000 000 000 000 000 000 000 000 000 000 000 000 000
4c20: 000 000 000 000 000 000 000 000 000 000 000 000 000 000 000 000
4c30: 000 000 000 000 000 000 000 000 000 000 000 000 000 000 000 000
4c40: 000 000 000 000 000 000 000 000 000 000 000 000 000 000 000 000
4c50: 000 000 000 000 000 000 000 000 000 000 000 000 000 000 000 000
4c60: 000 000 000 000 000 000 000 000 000 000 000 000 000 000 000 000
4c70: 000 000 000 000 000 000 000 000 000 000 000 000 000 000 000 000
4c80: 000 000 000 000 000 000 000 000 000 000 000 000 000 000 000 000
4c90: 000 000 000 000 000 000 000 000 000 000 000 000 000 000 000 000
4ca0: 000 000 000 000 000 000 000 000 000 000 000 000 000 000 000 000
4cb0: 000 000 000 000 000 000 000 000 000 000 000 000 000 000 000 000
4cc0: 000 000 000 000 000 000 000 000 000 000 000 000 000 000 000 000
4cd0: 000 000 000 000 000 000 000 000 000 000 000 000 000 000 000 000
4ce0: 000 000 000 000 000 000 000 000 000 000 000 000 000 000 000 000
4cf0: 000 000 000 000 000 000 000 000 000 000 000 000 000 000 000 000
4d00: 000 000 000 000 000 000 000 000 000 000 000 000 000 000 000 000
4d10: 000 000 000 000 000 000 000 000 000 000 000 000 000 000 000 000
4d20: 000 000 000 000 000 000 000 000 000 000 000 000 000 000 000 000
4d30: 000 000 000 000 000 000 000 000 000 000 000 000 000 000 000 000
4d40: 000 000 000 000 000 000 000 000 000 000 000 000 000 000 000 000
4d50: 000 000 000 000 000 000 000 000 000 000 000 000 000 000 000 000
4d60: 000 000 000 000 000 000 000 000 000 000 000 000 000 000 000 000
4d70: 000 000 000 000 000 000 000 000 000 000 000 000 000 000 000 000
4d80: 000 000 000 000 000 000 000 000 000 000 000 000 000 000 000 000
4d90: 000 000 000 000 000 000 000 000 000 000 000 000 000 000 000 000
4da0: 000 000 000 000 000 000 000 000 000 000 000 000 000 000 000 000
4db0: 000 000 000 000 000 000 000 000 000 000 000 000 000 000 000 000
4dc0: 000 000 000 000 000 000 000 000 000 000 000 000 000 000 000 000
4dd0: 000 000 000 000 000 000 000 000 000 000 000 000 000 000 000 000
4de0: 000 000 000 000 000 000 000 000 000 000 000 000 000 000 000 000
4df0: 000 000 000 000 000 000 000 000 000 000 000 000 000 000 000 000
4e00: 000 000 000 000 000 000 000 000 000 000 000 000 000 000 000 000
4e10: 000 000 000 000 000 000 000 000 000 000 000 000 000 000 000 000
4e20: 000 000 000 000 000 000 000 000 000 000 000 000 000 000 000 000
4e30: 000 000 000 000 000 000 000 000 000 000 000 000 000 000 000 000
4e40: 000 000 000 000 000 000 000 000 000 000 000 000 000 000 000 000
4e50: 000 000 000 000 000 000 000 000 000 000 000 000 000 000 000 000
4e60: 000 000 000 000 000 000 000 000 000 000 000 000 000 000 000 000
4e70: 000 000 000 000 000 000 000 000 000 000 000 000 000 000 000 000
4e80: 000 000 000 000 000 000 000 000 000 000 000 000 000 000 000 000
4e90: 000 000 000 000 000 000 000 000 000 000 000 000 000 000 000 000
4ea0: 000 000 000 000 000 000 000 000 000 000 000 000 000 000 000 000
4eb0: 000 000 000 000 000 000 000 000 000 000 000 000 000 000 000 000
4ec0: 000 000 000 000 000 000 000 000 000 000 000 000 000 000 000 000
4ed0: 000 000 000 000 000 000 000 000 000 000 000 000 000 000 000 000
4ee0: 000 000 000 000 000 000 000 000 000 000 000 000 000 000 000 000
4ef0: 000 000 000 000 000 000 000 000 000 000 000 000 000 000 000 000
4f00: 000 000 000 000 000 000 000 000 000 000 000 000 000 000 000 000
4f10: 000 000 000 000 000 000 000 000 000 000 000 000 000 000 000 000
4f20: 000 000 000 000 000 000 000 000 000 000 000 000 000 000 000 000
4f30: 000 000 000 000 000 000 000 000 000 000 000 000 000 000 000 000
4f40: 000 000 000 000 000 000 000 000 000 000 000 000 000 000 000 000
4f50: 000 000 000 000 000 000 000 000 000 000 000 000 000 000 000 000
4f60: 000 000 000 000 000 000 000 000 000 000 000 000 000 000 000 000
4f70: 000 000 000 000 000 000 000 000 000 000 000 000 000 000 000 000
4f80: 000 000 000 000 000 000 000 000 000 000 000 000 000 000 000 000
4f90: 000 000 000 000 000 000 000 000 000 000 000 000 000 000 000 000
4fa0: 000 000 000 000 000 000 000 000 000 000 000 000 000 000 000 000
4fb0: 000 000 000 000 000 000 000 000 000 000 000 000 000 000 000 000
4fc0: 000 000 000 000 000 000 000 000 000 000 000 000 000 000 000 000
4fd0: 000 000 000 000 000 000 000 000 000 000 000 000 000 000 000 000
4fe0: 000 000 000 000 000 000 000 000 000 000 000 000 000 000 000 000
4ff0: 000 000 000 000 000 000 000 000 000 000 000 000 000 000 000 000
5000: 000 000 000 000 000 000 000 000 000 000 000 000 000 000 000 000
5010: 000 000 000 000 000 000 000 000 000 000 000 000 000 000 000 000
5020: 000 000 000 000 000 000 000 000 000 000 000 000 000 000 000 000
5030: 000 000 000 000 000 000 000 000 000 000 000 000 000 000 000 000
5040: 000 000 000 000 000 000 000 000 000 000 000 000 000 000 000 000
5050: 000 000 000 000 000 000 000 000 000 000 000 000 000 000 000 000
5060: 000 000 000 000 000 000 000 000 000 000 000 000 000 000 000 000
5070: 000 000 000 000 000 000 000 000 000 000 000 000 000 000 000 000
5080: 000 000 000 000 000 000 000 000 000 000 000 000 000 000 000 000
5090: 000 000 000 000 000 000 000 000 000 000 000 000 000 000 000 000
50a0: 000 000 000 000 000 000 000 000 000 000 000 000 000 000 000 000
50b0: 000 000 000 000 000 000 000 000 000 000 000 000 000 000 000 000
50c0: 000 000 000 000 000 000 000 000 000 000 000 000 000 000 000 000
50d0: 000 000 000 000 000 000 000 000 000 000 000 000 000 000 000 000
50e0: 000 000 000 000 000 000 000 000 000 000 000 000 000 000 000 000
50f0: 000 000 000 000 000 000 000 000 000 000 000 000 000 000 000 000
5100: 000 000 000 000 000 000 000 000 000 000 000 000 000 000 000 000
5110: 000 000 000 000 000 000 000 000 000 000 000 000 000 000 000 000
5120: 000 000 000 000 000 000 000 000 000 000 000 000 000 000 000 000
5130: 000 000 000 000 000 000 000 000 000 000 000 000 000 000 000 000
5140: 000 000 000 000 000 000 000 000 000 000 000 000 000 000 000 000
5150: 000 000 000 000 000 000 000 000 000 000 000 000 000 000 000 000
5160: 000 000 000 000 000 000 000 000 000 000 000 000 000 000 000 000
5170: 000 000 000 000 000 000 000 000 000 000 000 000 000 000 000 000
5180: 000 000 000 000 000 000 000 000 000 000 000 000 000 000 000 000
5190: 000 000 000 000 000 000 000 000 000 000 000 000 000 000 000 000
51a0: 000 000 000 000 000 000 000 000 000 000 000 000 000 000 000 000
51b0: 000 000 000 000 000 000 000 000 000 000 000 000 000 000 000 000
51c0: 000 000 000 000 000 000 000 000 000 000 000 000 000 000 000 000
51d0: 000 000 000 000 000 000 000 000 000 000 000 000 000 000 000 000
51e0: 000 000 000 000 000 000 000 000 000 000 000 000 000 000 000 000
51f0: 000 000 000 000 000 000 000 000 000 000 000 000 000 000 000 000
5200: 000 000 000 000 000 000 000 000 000 000 000 000 000 000 000 000
5210: 000 000 000 000 000 000 000 000 000 000 000 000 000 000 000 000
5220: 000 000 000 000 000 000 000 000 000 000 000 000 000 000 000 000
5230: 000 000 000 000 000 000 000 000 000 000 000 000 000 000 000 000
5240: 000 000 000 000 000 000 000 000 000 000 000 000 000 000 000 000
5250: 000 000 000 000 000 000 000 000 000 000 000 000 000 000 000 000
5260: 000 000 000 000 000 000 000 000 000 000 000 000 000 000 000 000
5270: 000 000 000 000 000 000 000 000 000 000 000 000 000 000 000 000
5280: 000 000 000 000 000 000 000 000 000 000 000 000 000 000 000 000
5290: 000 000 000 000 000 000 000 000 000 000 000 000 000 000 000 000
52a0: 000 000 000 000 000 000 000 000 000 000 000 000 000 000 000 000
52b0: 000 000 000 000 000 000 000 000 000 000 000 000 000 000 000 000
52c0: 000 000 000 000 000 000 000 000 000 000 000 000 000 000 000 000
52d0: 000 000 000 000 000 000 000 000 000 000 000 000 000 000 000 000
52e0: 000 000 000 000 000 000 000 000 000 000 000 000 000 000 000 000
52f0: 000 000 000 000 000 000 000 000 000 000 000 000 000 000 000 000
5300: 000 000 000 000 000 000 000 000 000 000 000 000 000 000 000 000
5310: 000 000 000 000 000 000 000 000 000 000 000 000 000 000 000 000
5320: 000 000 000 000 000 000 000 000 000 000 000 000 000 000 000 000
5330: 000 000 000 000 000 000 000 000 000 000 000 000 000 000 000 000
5340: 000 000 000 000 000 000 000 000 000 000 000 000 000 000 000 000
5350: 000 000 000 000 000 000 000 000 000 000 000 000 000 000 000 000
5360: 000 000 000 000 000 000 000 000 000 000 000 000 000 000 000 000
5370: 000 000 000 000 000 000 000 000 000 000 000 000 000 000 000 000
5380: 000 000 000 000 000 000 000 000 000 000 000 000 000 000 000 000
5390: 000 000 000 000 000 000 000 000 000 000 000 000 000 000 000 000
53a0: 000 000 000 000 000 000 000 000 000 000 000 000 000 000 000 000
53b0: 000 000 000 000 000 000 000 000 000 000 000 000 000 000 000 000
53c0: 000 000 000 000 000 000 000 000 000 000 000 000 000 000 000 000
53d0: 000 000 000 000 000 000 000 000 000 000 000 000 000 000 000 000
53e0: 000 000 000 000 000 000 000 000 000 000 000 000 000 000 000 000
53f0: 000 000 000 000 000 000 000 000 000 000 000 000 000 000 000 000
5400: 000 000 000 000 000 000 000 000 000 000 000 000 000 000 000 000
5410: 000 000 000 000 000 000 000 000 000 000 000 000 000 000 000 000
5420: 000 000 000 000 000 000 000 000 000 000 000 000 000 000 000 000
5430: 000 000 000 000 000 000 000 000 000 000 000 000 000 000 000 000
5440: 000 000 000 000 000 000 000 000 000 000 000 000 000 000 000 000
5450: 000 000 000 000 000 000 000 000 000 000 000 000 000 000 000 000
5460: 000 000 000 000 000 000 000 000 000 000 000 000 000 000 000 000
5470: 000 000 000 000 000 000 000 000 000 000 000 000 000 000 000 000
5480: 000 000 000 000 000 000 000 000 000 000 000 000 000 000 000 000
5490: 000 000 000 000 000 000 000 000 000 000 000 000 000 000 000 000
54a0: 000 000 000 000 000 000 000 000 000 000 000 000 000 000 000 000
54b0: 000 000 000 000 000 000 000 000 000 000 000 000 000 000 000 000
54c0: 000 000 000 000 000 000 000 000 000 000 000 000 000 000 000 000
54d0: 000 000 000 000 000 000 000 000 000 000 000 000 000 000 000 000
54e0: 000 000 000 000 000 000 000 000 000 000 000 000 000 000 000 000
54f0: 000 000 000 000 000 000 000 000 000 000 000 000 000 000 000 000
5500: 000 000 000 000 000 000 000 000 000 000 000 000 000 000 000 000
5510: 000 000 000 000 000 000 000 000 000 000 000 000 000 000 000 000
5520: 000 000 000 000 000 000 000 000 000 000 000 000 000 000 000 000
5530: 000 000 000 000 000 000 000 000 000 000 000 000 000 000 000 000
5540: 000 000 000 000 000 000 000 000 000 000 000 000 000 000 000 000
5550: 000 000 000 000 000 000 000 000 000 000 000 000 000 000 000 000
5560: 000 000 000 000 000 000 000 000 000 000 000 000 000 000 000 000
5570: 000 000 000 000 000 000 000 000 000 000 000 000 000 000 000 000
5580: 000 000 000 000 000 000 000 000 000 000 000 000 000 000 000 000
5590: 000 000 000 000 000 000 000 000 000 000 000 000 000 000 000 000
55a0: 000 000 000 000 000 000 000 000 000 000 000 000 000 000 000 000
55b0: 000 000 000 000 000 000 000 000 000 000 000 000 000 000 000 000
55c0: 000 000 000 000 000 000 000 000 000 000 000 000 000 000 000 000
55d0: 000 000 000 000 000 000 000 000 000 000 000 000 000 000 000 000
55e0: 000 000 000 000 000 000 000 000 000 000 000 000 000 000 000 000
55f0: 000 000 000 000 000 000 000 000 000 000 000 000 000 000 000 000
5600: 000 000 000 000 000 000 000 000 000 000 000 000 000 000 000 000
5610: 000 000 000 000 000 000 000 000 000 000 000 000 000 000 000 000
5620: 000 000 000 000 000 000 000 000 000 000 000 000 000 000 000 000
5630: 000 000 000 000 000 000 000 000 000 000 000 000 000 000 000 000
5640: 000 000 000 000 000 000 000 000 000 000 000 000 000 000 000 000
5650: 000 000 000 000 000 000 000 000 000 000 000 000 000 000 000 000
5660: 000 000 000 000 000 000 000 000 000 000 000 000 000 000 000 000
5670: 000 000 000 000 000 000 000 000 000 000 000 000 000 000 000 000
5680: 000 000 000 000 000 000 000 000 000 000 000 000 000 000 000 000
5690: 000 000 000 000 000 000 000 000 000 000 000 000 000 000 000 000
56a0: 000 000 000 000 000 000 000 000 000 000 000 000 000 000 000 000
56b0: 000 000 000 000 000 000 000 000 000 000 000 000 000 000 000 000
56c0: 000 000 000 000 000 000 000 000 000 000 000 000 000 000 000 000
56d0: 000 000 000 000 000 000 000 000 000 000 000 000 000 000 000 000
56e0: 000 000 000 000 000 000 000 000 000 000 000 000 000 000 000 000
56f0: 000 000 000 000 000 000 000 000 000 000 000 000 000 000 000 000
5700: 000 000 000 000 000 000 000 000 000 000 000 000 000 000 000 000
5710: 000 000 000 000 000 000 000 000 000 000 000 000 000 000 000 000
5720: 000 000 000 000 000 000 000 000 000 000 000 000 000 000 000 000
5730: 000 000 000 000 000 000 000 000 000 000 000 000 000 000 000 000
5740: 000 000 000 000 000 000 000 000 000 000 000 000 000 000 000 000
5750: 000 000 000 000 000 000 000 000 000 000 000 000 000 000 000 000
5760: 000 000 000 000 000 000 000 000 000 000 000 000 000 000 000 000
5770: 000 000 000 000 000 000 000 000 000 000 000 000 000 000 000 000
5780: 000 000 000 000 000 000 000 000 000 000 000 000 000 000 000 000
5790: 000 000 000 000 000 000 000 000 000 000 000 000 000 000 000 000
57a0: 000 000 000 000 000 000 000 000 000 000 000 000 000 000 000 000
57b0: 000 000 000 000 000 000 000 000 000 000 000 000 000 000 000 000
57c0: 000 000 000 000 000 000 000 000 000 000 000 000 000 000 000 000
57d0: 000 000 000 000 000 000 000 000 000 000 000 000 000 000 000 000
57e0: 000 000 000 000 000 000 000 000 000 000 000 000 000 000 000 000
57f0: 000 000 000 000 000 000 000 000 000 000 000 000 000 000 000 000
5800: 000 000 000 000 000 000 000 000 000 000 000 000 000 000 000 000
5810: 000 000 000 000 000 000 000 000 000 000 000 000 000 000 000 000
5820: 000 000 000 000 000 000 000 000 000 000 000 000 000 000 000 000
5830: 000 000 000 000 000 000 000 000 000 000 000 000 000 000 000 000
5840: 000 000 000 000 000 000 000 000 000 000 000 000 000 000 000 000
5850: 000 000 000 000 000 000 000 000 000 000 000 000 000 000 000 000
5860: 000 000 000 000 000 000 000 000 000 000 000 000 000 000 000 000
5870: 000 000 000 000 000 000 000 000 000 000 000 000 000 000 000 000
5880: 000 000 000 000 000 000 000 000 000 000 000 000 000 000 000 000
5890: 000 000 000 000 000 000 000 000 000 000 000 000 000 000 000 000
58a0: 000 000 000 000 000 000 000 000 000 000 000 000 000 000 000 000
58b0: 000 000 000 000 000 000 000 000 000 000 000 000 000 000 000 000
58c0: 000 000 000 000 000 000 000 000 000 000 000 000 000 000 000 000
58d0: 000 000 000 000 000 000 000 000 000 000 000 000 000 000 000 000
58e0: 000 000 000 000 000 000 000 000 000 000 000 000 000 000 000 000
58f0: 000 000 000 000 000 000 000 000 000 000 000 000 000 000 000 000
5900: 000 000 000 000 000 000 000 000 000 000 000 000 000 000 000 000
5910: 000 000 000 000 000 000 000 000 000 000 000 000 000 000 000 000
5920: 000 000 000 000 000 000 000 000 000 000 000 000 000 000 000 000
5930: 000 000 000 000 000 000 000 000 000 000 000 000 000 000 000 000
5940: 000 000 000 000 000 000 000 000 000 000 000 000 000 000 000 000
5950: 000 000 000 000 000 000 000 000 000 000 000 000 000 000 000 000
5960: 000 000 000 000 000 000 000 000 000 000 000 000 000 000 000 000
5970: 000 000 000 000 000 000 000 000 000 000 000 000 000 000 000 000
5980: 000 000 000 000 000 000 000 000 000 000 000 000 000 000 000 000
5990: 000 000 000 000 000 000 000 000 000 000 000 000 000 000 000 000
59a0: 000 000 000 000 000 000 000 000 000 000 000 000 000 000 000 000
59b0: 000 000 000 000 000 000 000 000 000 000 000 000 000 000 000 000
59c0: 000 000 000 000 000 000 000 000 000 000 000 000 000 000 000 000
59d0: 000 000 000 000 000 000 000 000 000 000 000 000 000 000 000 000
59e0: 000 000 000 000 000 000 000 000 000 000 000 000 000 000 000 000
59f0: 000 000 000 000 000 000 000 000 000 000 000 000 000 000 000 000
5a00: 000 000 000 000 000 000 000 000 000 000 000 000 000 000 000 000
5a10: 000 000 000 000 000 000 000 000 000 000 000 000 000 000 000 000
5a20: 000 000 000 000 000 000 000 000 000 000 000 000 000 000 000 000
5a30: 000 000 000 000 000 000 000 000 000 000 000 000 000 000 000 000
5a40: 000 000 000 000 000 000 000 000 000 000 000 000 000 000 000 000
5a50: 000 000 000 000 000 000 000 000 000 000 000 000 000 000 000 000
5a60: 000 000 000 000 000 000 000 000 000 000 000 000 000 000 000 000
5a70: 000 000 000 000 000 000 000 000 000 000 000 000 000 000 000 000
5a80: 000 000 000 000 000 000 000 000 000 000 000 000 000 000 000 000
5a90: 000 000 000 000 000 000 000 000 000 000 000 000 000 000 000 000
5aa0: 000 000 000 000 000 000 000 000 000 000 000 000 000 000 000 000
5ab0: 000 000 000 000 000 000 000 000 000 000 000 000 000 000 000 000
5ac0: 000 000 000 000 000 000 000 000 000 000 000 000 000 000 000 000
5ad0: 000 000 000 000 000 000 000 000 000 000 000 000 000 000 000 000
5ae0: 000 000 000 000 000 000 000 000 000 000 000 000 000 000 000 000
5af0: 000 000 000 000 000 000 000 000 000 000 000 000 000 000 000 000
5b00: 000 000 000 000 000 000 000 000 000 000 000 000 000 000 000 000
5b10: 000 000 000 000 000 000 000 000 000 000 000 000 000 000 000 000
5b20: 000 000 000 000 000 000 000 000 000 000 000 000 000 000 000 000
5b30: 000 000 000 000 000 000 000 000 000 000 000 000 000 000 000 000
5b40: 000 000 000 000 000 000 000 000 000 000 000 000 000 000 000 000
5b50: 000 000 000 000 000 000 000 000 000 000 000 000 000 000 000 000
5b60: 000 000 000 000 000 000 000 000 000 000 000 000 000 000 000 000
5b70: 000 000 000 000 000 000 000 000 000 000 000 000 000 000 000 000
5b80: 000 000 000 000 000 000 000 000 000 000 000 000 000 000 000 000
5b90: 000 000 000 000 000 000 000 000 000 000 000 000 000 000 000 000
5ba0: 000 000 000 000 000 000 000 000 000 000 000 000 000 000 000 000
5bb0: 000 000 000 000 000 000 000 000 000 000 000 000 000 000 000 000
5bc0: 000 000 000 000 000 000 000 000 000 000 000 000 000 000 000 000
5bd0: 000 000 000 000 000 000 000 000 000 000 000 000 000 000 000 000
5be0: 000 000 000 000 000 000 000 000 000 000 000 000 000 000 000 000
5bf0: 000 000 000 000 000 000 000 000 000 000 000 000 000 000 000 000
5c00: 000 000 000 000 000 000 000 000 000 000 000 000 000 000 000 000
5c10: 000 000 000 000 000 000 000 000 000 000 000 000 000 000 000 000
5c20: 000 000 000 000 000 000 000 000 000 000 000 000 000 000 000 000
5c30: 000 000 000 000 000 000 000 000 000 000 000 000 000 000 000 000
5c40: 000 000 000 000 000 000 000 000 000 000 000 000 000 000 000 000
5c50: 000 000 000 000 000 000 000 000 000 000 000 000 000 000 000 000
5c60: 000 000 000 000 000 000 000 000 000 000 000 000 000 000 000 000
5c70: 000 000 000 000 000 000 000 000 000 000 000 000 000 000 000 000
5c80: 000 000 000 000 000 000 000 000 000 000 000 000 000 000 000 000
5c90: 000 000 000 000 000 000 000 000 000 000 000 000 000 000 000 000
5ca0: 000 000 000 000 000 000 000 000 000 000 000 000 000 000 000 000
5cb0: 000 000 000 000 000 000 000 000 000 000 000 000 000 000 000 000
5cc0: 000 000 000 000 000 000 000 000 000 000 000 000 000 000 000 000
5cd0: 000 000 000 000 000 000 000 000 000 000 000 000 000 000 000 000
5ce0: 000 000 000 000 000 000 000 000 000 000 000 000 000 000 000 000
5cf0: 000 000 000 000 000 000 000 000 000 000 000 000 000 000 000 000
5d00: 000 000 000 000 000 000 000 000 000 000 000 000 000 000 000 000
5d10: 000 000 000 000 000 000 000 000 000 000 000 000 000 000 000 000
5d20: 000 000 000 000 000 000 000 000 000 000 000 000 000 000 000 000
5d30: 000 000 000 000 000 000 000 000 000 000 000 000 000 000 000 000
5d40: 000 000 000 000 000 000 000 000 000 000 000 000 000 000 000 000
5d50: 000 000 000 000 000 000 000 000 000 000 000 000 000 000 000 000
5d60: 000 000 000 000 000 000 000 000 000 000 000 000 000 000 000 000
5d70: 000 000 000 000 000 000 000 000 000 000 000 000 000 000 000 000
5d80: 000 000 000 000 000 000 000 000 000 000 000 000 000 000 000 000
5d90: 000 000 000 000 000 000 000 000 000 000 000 000 000 000 000 000
5da0: 000 000 000 000 000 000 000 000 000 000 000 000 000 000 000 000
5db0: 000 000 000 000 000 000 000 000 000 000 000 000 000 000 000 000
5dc0: 000 000 000 000 000 000 000 000 000 000 000 000 000 000 000 000
5dd0: 000 000 000 000 000 000 000 000 000 000 000 000 000 000 000 000
5de0: 000 000 000 000 000 000 000 000 000 000 000 000 000 000 000 000
5df0: 000 000 000 000 000 000 000 000 000 000 000 000 000 000 000 000
5e00: 000 000 000 000 000 000 000 000 000 000 000 000 000 000 000 000
5e10: 000 000 000 000 000 000 000 000 000 000 000 000 000 000 000 000
5e20: 000 000 000 000 000 000 000 000 000 000 000 000 000 000 000 000
5e30: 000 000 000 000 000 000 000 000 000 000 000 000 000 000 000 000
5e40: 000 000 000 000 000 000 000 000 000 000 000 000 000 000 000 000
5e50: 000 000 000 000 000 000 000 000 000 000 000 000 000 000 000 000
5e60: 000 000 000 000 000 000 000 000 000 000 000 000 000 000 000 000
5e70: 000 000 000 000 000 000 000 000 000 000 000 000 000 000 000 000
5e80: 000 000 000 000 000 000 000 000 000 000 000 000 000 000 000 000
5e90: 000 000 000 000 000 000 000 000 000 000 000 000 000 000 000 000
5ea0: 000 000 000 000 000 000 000 000 000 000 000 000 000 000 000 000
5eb0: 000 000 000 000 000 000 000 000 000 000 000 000 000 000 000 000
5ec0: 000 000 000 000 000 000 000 000 000 000 000 000 000 000 000 000
5ed0: 000 000 000 000 000 000 000 000 000 000 000 000 000 000 000 000
5ee0: 000 000 000 000 000 000 000 000 000 000 000 000 000 000 000 000
5ef0: 000 000 000 000 000 000 000 000 000 000 000 000 000 000 000 000
5f00: 000 000 000 000 000 000 000 000 000 000 000 000 000 000 000 000
5f10: 000 000 000 000 000 000 000 000 000 000 000 000 000 000 000 000
5f20: 000 000 000 000 000 000 000 000 000 000 000 000 000 000 000 000
5f30: 000 000 000 000 000 000 000 000 000 000 000 000 000 000 000 000
5f40: 000 000 000 000 000 000 000 000 000 000 000 000 000 000 000 000
5f50: 000 000 000 000 000 000 000 000 000 000 000 000 000 000 000 000
5f60: 000 000 000 000 000 000 000 000 000 000 000 000 000 000 000 000
5f70: 000 000 000 000 000 000 000 000 000 000 000 000 000 000 000 000
5f80: 000 000 000 000 000 000 000 000 000 000 000 000 000 000 000 000
5f90: 000 000 000 000 000 000 000 000 000 000 000 000 000 000 000 000
5fa0: 000 000 000 000 000 000 000 000 000 000 000 000 000 000 000 000
5fb0: 000 000 000 000 000 000 000 000 000 000 000 000 000 000 000 000
5fc0: 000 000 000 000 000 000 000 000 000 000 000 000 000 000 000 000
5fd0: 000 000 000 000 000 000 000 000 000 000 000 000 000 000 000 000
5fe0: 000 000 000 000 000 000 000 000 000 000 000 000 000 000 000 000
5ff0: 000 000 000 000 000 000 000 000 000 000 000 000 000 000 000 000
6000: 000 000 000 000 000 000 000 000 000 000 000 000 000 000 000 000
6010: 000 000 000 000 000 000 000 000 000 000 000 000 000 000 000 000
6020: 000 000 000 000 000 000 000 000 000 000 000 000 000 000 000 000
6030: 000 000 000 000 000 000 000 000 000 000 000 000 000 000 000 000
6040: 000 000 000 000 000 000 000 000 000 000 000 000 000 000 000 000
6050: 000 000 000 000 000 000 000 000 000 000 000 000 000 000 000 000
6060: 000 000 000 000 000 000 000 000 000 000 000 000 000 000 000 000
6070: 000 000 000 000 000 000 000 000 000 000 000 000 000 000 000 000
6080: 000 000 000 000 000 000 000 000 000 000 000 000 000 000 000 000
6090: 000 000 000 000 000 000 000 000 000 000 000 000 000 000 000 000
60a0: 000 000 000 000 000 000 000 000 000 000 000 000 000 000 000 000
60b0: 000 000 000 000 000 000 000 000 000 000 000 000 000 000 000 000
60c0: 000 000 000 000 000 000 000 000 000 000 000 000 000 000 000 000
60d0: 000 000 000 000 000 000 000 000 000 000 000 000 000 000 000 000
60e0: 000 000 000 000 000 000 000 000 000 000 000 000 000 000 000 000
60f0: 000 000 000 000 000 000 000 000 000 000 000 000 000 000 000 000
6100: 000 000 000 000 000 000 000 000 000 000 000 000 000 000 000 000
6110: 000 000 000 000 000 000 000 000 000 000 000 000 000 000 000 000
6120: 000 000 000 000 000 000 000 000 000 000 000 000 000 000 000 000
6130: 000 000 000 000 000 000 000 000 000 000 000 000 000 000 000 000
6140: 000 000 000 000 000 000 000 000 000 000 000 000 000 000 000 000
6150: 000 000 000 000 000 000 000 000 000 000 000 000 000 000 000 000
6160: 000 000 000 000 000 000 000 000 000 000 000 000 000 000 000 000
6170: 000 000 000 000 000 000 000 000 000 000 000 000 000 000 000 000
6180: 000 000 000 000 000 000 000 000 000 000 000 000 000 000 000 000
6190: 000 000 000 000 000 000 000 000 000 000 000 000 000 000 000 000
61a0: 000 000 000 000 000 000 000 000 000 000 000 000 000 000 000 000
61b0: 000 000 000 000 000 000 000 000 000 000 000 000 000 000 000 000
61c0: 000 000 000 000 000 000 000 000 000 000 000 000 000 000 000 000
61d0: 000 000 000 000 000 000 000 000 000 000 000 000 000 000 000 000
61e0: 000 000 000 000 000 000 000 000 000 000 000 000 000 000 000 000
61f0: 000 000 000 000 000 000 000 000 000 000 000 000 000 000 000 000
6200: 000 000 000 000 000 000 000 000 000 000 000 000 000 000 000 000
6210: 000 000 000 000 000 000 000 000 000 000 000 000 000 000 000 000
6220: 000 000 000 000 000 000 000 000 000 000 000 000 000 000 000 000
6230: 000 000 000 000 000 000 000 000 000 000 000 000 000 000 000 000
6240: 000 000 000 000 000 000 000 000 000 000 000 000 000 000 000 000
6250: 000 000 000 000 000 000 000 000 000 000 000 000 000 000 000 000
6260: 000 000 000 000 000 000 000 000 000 000 000 000 000 000 000 000
6270: 000 000 000 000 000 000 000 000 000 000 000 000 000 000 000 000
6280: 000 000 000 000 000 000 000 000 000 000 000 000 000 000 000 000
6290: 000 000 000 000 000 000 000 000 000 000 000 000 000 000 000 000
62a0: 000 000 000 000 000 000 000 000 000 000 000 000 000 000 000 000
62b0: 000 000 000 000 000 000 000 000 000 000 000 000 000 000 000 000
62c0: 000 000 000 000 000 000 000 000 000 000 000 000 000 000 000 000
62d0: 000 000 000 000 000 000 000 000 000 000 000 000 000 000 000 000
62e0: 000 000 000 000 000 000 000 000 000 000 000 000 000 000 000 000
62f0: 000 000 000 000 000 000 000 000 000 000 000 000 000 000 000 000
6300: 000 000 000 000 000 000 000 000 000 000 000 000 000 000 000 000
6310: 000 000 000 000 000 000 000 000 000 000 000 000 000 000 000 000
6320: 000 000 000 000 000 000 000 000 000 000 000 000 000 000 000 000
6330: 000 000 000 000 000 000 000 000 000 000 000 000 000 000 000 000
6340: 000 000 000 000 000 000 000 000 000 000 000 000 000 000 000 000
6350: 000 000 000 000 000 000 000 000 000 000 000 000 000 000 000 000
6360: 000 000 000 000 000 000 000 000 000 000 000 000 000 000 000 000
6370: 000 000 000 000 000 000 000 000 000 000 000 000 000 000 000 000
6380: 000 000 000 000 000 000 000 000 000 000 000 000 000 000 000 000
6390: 000 000 000 000 000 000 000 000 000 000 000 000 000 000 000 000
63a0: 000 000 000 000 000 000 000 000 000 000 000 000 000 000 000 000
63b0: 000 000 000 000 000 000 000 000 000 000 000 000 000 000 000 000
63c0: 000 000 000 000 000 000 000 000 000 000 000 000 000 000 000 000
63d0: 000 000 000 000 000 000 000 000 000 000 000 000 000 000 000 000
63e0: 000 000 000 000 000 000 000 000 000 000 000 000 000 000 000 000
63f0: 000 000 000 000 000 000 000 000 000 000 000 000 000 000 000 000
6400: 000 000 000 000 000 000 000 000 000 000 000 000 000 000 000 000
6410: 000 000 000 000 000 000 000 000 000 000 000 000 000 000 000 000
6420: 000 000 000 000 000 000 000 000 000 000 000 000 000 000 000 000
6430: 000 000 000 000 000 000 000 000 000 000 000 000 000 000 000 000
6440: 000 000 000 000 000 000 000 000 000 000 000 000 000 000 000 000
6450: 000 000 000 000 000 000 000 000 000 000 000 000 000 000 000 000
6460: 000 000 000 000 000 000 000 000 000 000 000 000 000 000 000 000
6470: 000 000 000 000 000 000 000 000 000 000 000 000 000 000 000 000
6480: 000 000 000 000 000 000 000 000 000 000 000 000 000 000 000 000
6490: 000 000 000 000 000 000 000 000 000 000 000 000 000 000 000 000
64a0: 000 000 000 000 000 000 000 000 000 000 000 000 000 000 000 000
64b0: 000 000 000 000 000 000 000 000 000 000 000 000 000 000 000 000
64c0: 000 000 000 000 000 000 000 000 000 000 000 000 000 000 000 000
64d0: 000 000 000 000 000 000 000 000 000 000 000 000 000 000 000 000
64e0: 000 000 000 000 000 000 000 000 000 000 000 000 000 000 000 000
64f0: 000 000 000 000 000 000 000 000 000 000 000 000 000 000 000 000
6500: 000 000 000 000 000 000 000 000 000 000 000 000 000 000 000 000
6510: 000 000 000 000 000 000 000 000 000 000 000 000 000 000 000 000
6520: 000 000 000 000 000 000 000 000 000 000 000 000 000 000 000 000
6530: 000 000 000 000 000 000 000 000 000 000 000 000 000 000 000 000
6540: 000 000 000 000 000 000 000 000 000 000 000 000 000 000 000 000
6550: 000 000 000 000 000 000 000 000 000 000 000 000 000 000 000 000
6560: 000 000 000 000 000 000 000 000 000 000 000 000 000 000 000 000
6570: 000 000 000 000 000 000 000 000 000 000 000 000 000 000 000 000
6580: 000 000 000 000 000 000 000 000 000 000 000 000 000 000 000 000
6590: 000 000 000 000 000 000 000 000 000 000 000 000 000 000 000 000
65a0: 000 000 000 000 000 000 000 000 000 000 000 000 000 000 000 000
65b0: 000 000 000 000 000 000 000 000 000 000 000 000 000 000 000 000
65c0: 000 000 000 000 000 000 000 000 000 000 000 000 000 000 000 000
65d0: 000 000 000 000 000 000 000 000 000 000 000 000 000 000 000 000
65e0: 000 000 000 000 000 000 000 000 000 000 000 000 000 000 000 000
65f0: 000 000 000 000 000 000 000 000 000 000 000 000 000 000 000 000
6600: 000 000 000 000 000 000 000 000 000 000 000 000 000 000 000 000
6610: 000 000 000 000 000 000 000 000 000 000 000 000 000 000 000 000
6620: 000 000 000 000 000 000 000 000 000 000 000 000 000 000 000 000
6630: 000 000 000 000 000 000 000 000 000 000 000 000 000 000 000 000
6640: 000 000 000 000 000 000 000 000 000 000 000 000 000 000 000 000
6650: 000 000 000 000 000 000 000 000 000 000 000 000 000 000 000 000
6660: 000 000 000 000 000 000 000 000 000 000 000 000 000 000 000 000
6670: 000 000 000 000 000 000 000 000 000 000 000 000 000 000 000 000
6680: 000 000 000 000 000 000 000 000 000 000 000 000 000 000 000 000
6690: 000 000 000 000 000 000 000 000 000 000 000 000 000 000 000 000
66a0: 000 000 000 000 000 000 000 000 000 000 000 000 000 000 000 000
66b0: 000 000 000 000 000 000 000 000 000 000 000 000 000 000 000 000
66c0: 000 000 000 000 000 000 000 000 000 000 000 000 000 000 000 000
66d0: 000 000 000 000 000 000 000 000 000 000 000 000 000 000 000 000
66e0: 000 000 000 000 000 000 000 000 000 000 000 000 000 000 000 000
66f0: 000 000 000 000 000 000 000 000 000 000 000 000 000 000 000 000
6700: 000 000 000 000 000 000 000 000 000 000 000 000 000 000 000 000
6710: 000 000 000 000 000 000 000 000 000 000 000 000 000 000 000 000
6720: 000 000 000 000 000 000 000 000 000 000 000 000 000 000 000 000
6730: 000 000 000 000 000 000 000 000 000 000 000 000 000 000 000 000
6740: 000 000 000 000 000 000 000 000 000 000 000 000 000 000 000 000
6750: 000 000 000 000 000 000 000 000 000 000 000 000 000 000 000 000
6760: 000 000 000 000 000 000 000 000 000 000 000 000 000 000 000 000
6770: 000 000 000 000 000 000 000 000 000 000 000 000 000 000 000 000
6780: 000 000 000 000 000 000 000 000 000 000 000 000 000 000 000 000
6790: 000 000 000 000 000 000 000 000 000 000 000 000 000 000 000 000
67a0: 000 000 000 000 000 000 000 000 000 000 000 000 000 000 000 000
67b0: 000 000 000 000 000 000 000 000 000 000 000 000 000 000 000 000
67c0: 000 000 000 000 000 000 000 000 000 000 000 000 000 000 000 000
67d0: 000 000 000 000 000 000 000 000 000 000 000 000 000 000 000 000
67e0: 000 000 000 000 000 000 000 000 000 000 000 000 000 000 000 000
67f0: 000 000 000 000 000 000 000 000 000 000 000 000 000 000 000 000
6800: 000 000 000 000 000 000 000 000 000 000 000 000 000 000 000 000
6810: 000 000 000 000 000 000 000 000 000 000 000 000 000 000 000 000
6820: 000 000 000 000 000 000 000 000 000 000 000 000 000 000 000 000
6830: 000 000 000 000 000 000 000 000 000 000 000 000 000 000 000 000
6840: 000 000 000 000 000 000 000 000 000 000 000 000 000 000 000 000
6850: 000 000 000 000 000 000 000 000 000 000 000 000 000 000 000 000
6860: 000 000 000 000 000 000 000 000 000 000 000 000 000 000 000 000
6870: 000 000 000 000 000 000 000 000 000 000 000 000 000 000 000 000
6880: 000 000 000 000 000 000 000 000 000 000 000 000 000 000 000 000
6890: 000 000 000 000 000 000 000 000 000 000 000 000 000 000 000 000
68a0: 000 000 000 000 000 000 000 000 000 000 000 000 000 000 000 000
68b0: 000 000 000 000 000 000 000 000 000 000 000 000 000 000 000 000
68c0: 000 000 000 000 000 000 000 000 000 000 000 000 000 000 000 000
68d0: 000 000 000 000 000 000 000 000 000 000 000 000 000 000 000 000
68e0: 000 000 000 000 000 000 000 000 000 000 000 000 000 000 000 000
68f0: 000 000 000 000 000 000 000 000 000 000 000 000 000 000 000 000
6900: 000 000 000 000 000 000 000 000 000 000 000 000 000 000 000 000
6910: 000 000 000 000 000 000 000 000 000 000 000 000 000 000 000 000
6920: 000 000 000 000 000 000 000 000 000 000 000 000 000 000 000 000
6930: 000 000 000 000 000 000 000 000 000 000 000 000 000 000 000 000
6940: 000 000 000 000 000 000 000 000 000 000 000 000 000 000 000 000
6950: 000 000 000 000 000 000 000 000 000 000 000 000 000 000 000 000
6960: 000 000 000 000 000 000 000 000 000 000 000 000 000 000 000 000
6970: 000 000 000 000 000 000 000 000 000 000 000 000 000 000 000 000
6980: 000 000 000 000 000 000 000 000 000 000 000 000 000 000 000 000
6990: 000 000 000 000 000 000 000 000 000 000 000 000 000 000 000 000
69a0: 000 000 000 000 000 000 000 000 000 000 000 000 000 000 000 000
69b0: 000 000 000 000 000 000 000 000 000 000 000 000 000 000 000 000
69c0: 000 000 000 000 000 000 000 000 000 000 000 000 000 000 000 000
69d0: 000 000 000 000 000 000 000 000 000 000 000 000 000 000 000 000
69e0: 000 000 000 000 000 000 000 000 000 000 000 000 000 000 000 000
69f0: 000 000 000 000 000 000 000 000 000 000 000 000 000 000 000 000
6a00: 000 000 000 000 000 000 000 000 000 000 000 000 000 000 000 000
6a10: 000 000 000 000 000 000 000 000 000 000 000 000 000 000 000 000
6a20: 000 000 000 000 000 000 000 000 000 000 000 000 000 000 000 000
6a30: 000 000 000 000 000 000 000 000 000 000 000 000 000 000 000 000
6a40: 000 000 000 000 000 000 000 000 000 000 000 000 000 000 000 000
6a50: 000 000 000 000 000 000 000 000 000 000 000 000 000 000 000 000
6a60: 000 000 000 000 000 000 000 000 000 000 000 000 000 000 000 000
6a70: 000 000 000 000 000 000 000 000 000 000 000 000 000 000 000 000
6a80: 000 000 000 000 000 000 000 000 000 000 000 000 000 000 000 000
6a90: 000 000 000 000 000 000 000 000 000 000 000 000 000 000 000 000
6aa0: 000 000 000 000 000 000 000 000 000 000 000 000 000 000 000 000
6ab0: 000 000 000 000 000 000 000 000 000 000 000 000 000 000 000 000
6ac0: 000 000 000 000 000 000 000 000 000 000 000 000 000 000 000 000
6ad0: 000 000 000 000 000 000 000 000 000 000 000 000 000 000 000 000
6ae0: 000 000 000 000 000 000 000 000 000 000 000 000 000 000 000 000
6af0: 000 000 000 000 000 000 000 000 000 000 000 000 000 000 000 000
6b00: 000 000 000 000 000 000 000 000 000 000 000 000 000 000 000 000
6b10: 000 000 000 000 000 000 000 000 000 000 000 000 000 000 000 000
6b20: 000 000 000 000 000 000 000 000 000 000 000 000 000 000 000 000
6b30: 000 000 000 000 000 000 000 000 000 000 000 000 000 000 000 000
6b40: 000 000 000 000 000 000 000 000 000 000 000 000 000 000 000 000
6b50: 000 000 000 000 000 000 000 000 000 000 000 000 000 000 000 000
6b60: 000 000 000 000 000 000 000 000 000 000 000 000 000 000 000 000
6b70: 000 000 000 000 000 000 000 000 000 000 000 000 000 000 000 000
6b80: 000 000 000 000 000 000 000 000 000 000 000 000 000 000 000 000
6b90: 000 000 000 000 000 000 000 000 000 000 000 000 000 000 000 000
6ba0: 000 000 000 000 000 000 000 000 000 000 000 000 000 000 000 000
6bb0: 000 000 000 000 000 000 000 000 000 000 000 000 000 000 000 000
6bc0: 000 000 000 000 000 000 000 000 000 000 000 000 000 000 000 000
6bd0: 000 000 000 000 000 000 000 000 000 000 000 000 000 000 000 000
6be0: 000 000 000 000 000 000 000 000 000 000 000 000 000 000 000 000
6bf0: 000 000 000 000 000 000 000 000 000 000 000 000 000 000 000 000
6c00: 000 000 000 000 000 000 000 000 000 000 000 000 000 000 000 000
6c10: 000 000 000 000 000 000 000 000 000 000 000 000 000 000 000 000
6c20: 000 000 000 000 000 000 000 000 000 000 000 000 000 000 000 000
6c30: 000 000 000 000 000 000 000 000 000 000 000 000 000 000 000 000
6c40: 000 000 000 000 000 000 000 000 000 000 000 000 000 000 000 000
6c50: 000 000 000 000 000 000 000 000 000 000 000 000 000 000 000 000
6c60: 000 000 000 000 000 000 000 000 000 000 000 000 000 000 000 000
6c70: 000 000 000 000 000 000 000 000 000 000 000 000 000 000 000 000
6c80: 000 000 000 000 000 000 000 000 000 000 000 000 000 000 000 000
6c90: 000 000 000 000 000 000 000 000 000 000 000 000 000 000 000 000
6ca0: 000 000 000 000 000 000 000 000 000 000 000 000 000 000 000 000
6cb0: 000 000 000 000 000 000 000 000 000 000 000 000 000 000 000 000
6cc0: 000 000 000 000 000 000 000 000 000 000 000 000 000 000 000 000
6cd0: 000 000 000 000 000 000 000 000 000 000 000 000 000 000 000 000
6ce0: 000 000 000 000 000 000 000 000 000 000 000 000 000 000 000 000
6cf0: 000 000 000 000 000 000 000 000 000 000 000 000 000 000 000 000
6d00: 000 000 000 000 000 000 000 000 000 000 000 000 000 000 000 000
6d10: 000 000 000 000 000 000 000 000 000 000 000 000 000 000 000 000
6d20: 000 000 000 000 000 000 000 000 000 000 000 000 000 000 000 000
6d30: 000 000 000 000 000 000 000 000 000 000 000 000 000 000 000 000
6d40: 000 000 000 000 000 000 000 000 000 000 000 000 000 000 000 000
6d50: 000 000 000 000 000 000 000 000 000 000 000 000 000 000 000 000
6d60: 000 000 000 000 000 000 000 000 000 000 000 000 000 000 000 000
6d70: 000 000 000 000 000 000 000 000 000 000 000 000 000 000 000 000
6d80: 000 000 000 000 000 000 000 000 000 000 000 000 000 000 000 000
6d90: 000 000 000 000 000 000 000 000 000 000 000 000 000 000 000 000
6da0: 000 000 000 000 000 000 000 000 000 000 000 000 000 000 000 000
6db0: 000 000 000 000 000 000 000 000 000 000 000 000 000 000 000 000
6dc0: 000 000 000 000 000 000 000 000 000 000 000 000 000 000 000 000
6dd0: 000 000 000 000 000 000 000 000 000 000 000 000 000 000 000 000
6de0: 000 000 000 000 000 000 000 000 000 000 000 000 000 000 000 000
6df0: 000 000 000 000 000 000 000 000 000 000 000 000 000 000 000 000
6e00: 000 000 000 000 000 000 000 000 000 000 000 000 000 000 000 000
6e10: 000 000 000 000 000 000 000 000 000 000 000 000 000 000 000 000
6e20: 000 000 000 000 000 000 000 000 000 000 000 000 000 000 000 000
6e30: 000 000 000 000 000 000 000 000 000 000 000 000 000 000 000 000
6e40: 000 000 000 000 000 000 000 000 000 000 000 000 000 000 000 000
6e50: 000 000 000 000 000 000 000 000 000 000 000 000 000 000 000 000
6e60: 000 000 000 000 000 000 000 000 000 000 000 000 000 000 000 000
6e70: 000 000 000 000 000 000 000 000 000 000 000 000 000 000 000 000
6e80: 000 000 000 000 000 000 000 000 000 000 000 000 000 000 000 000
6e90: 000 000 000 000 000 000 000 000 000 000 000 000 000 000 000 000
6ea0: 000 000 000 000 000 000 000 000 000 000 000 000 000 000 000 000
6eb0: 000 000 000 000 000 000 000 000 000 000 000 000 000 000 000 000
6ec0: 000 000 000 000 000 000 000 000 000 000 000 000 000 000 000 000
6ed0: 000 000 000 000 000 000 000 000 000 000 000 000 000 000 000 000
6ee0: 000 000 000 000 000 000 000 000 000 000 000 000 000 000 000 000
6ef0: 000 000 000 000 000 000 000 000 000 000 000 000 000 000 000 000
6f00: 000 000 000 000 000 000 000 000 000 000 000 000 000 000 000 000
6f10: 000 000 000 000 000 000 000 000 000 000 000 000 000 000 000 000
6f20: 000 000 000 000 000 000 000 000 000 000 000 000 000 000 000 000
6f30: 000 000 000 000 000 000 000 000 000 000 000 000 000 000 000 000
6f40: 000 000 000 000 000 000 000 000 000 000 000 000 000 000 000 000
6f50: 000 000 000 000 000 000 000 000 000 000 000 000 000 000 000 000
6f60: 000 000 000 000 000 000 000 000 000 000 000 000 000 000 000 000
6f70: 000 000 000 000 000 000 000 000 000 000 000 000 000 000 000 000
6f80: 000 000 000 000 000 000 000 000 000 000 000 000 000 000 000 000
6f90: 000 000 000 000 000 000 000 000 000 000 000 000 000 000 000 000
6fa0: 000 000 000 000 000 000 000 000 000 000 000 000 000 000 000 000
6fb0: 000 000 000 000 000 000 000 000 000 000 000 000 000 000 000 000
6fc0: 000 000 000 000 000 000 000 000 000 000 000 000 000 000 000 000
6fd0: 000 000 000 000 000 000 000 000 000 000 000 000 000 000 000 000
6fe0: 000 000 000 000 000 000 000 000 000 000 000 000 000 000 000 000
6ff0: 000 000 000 000 000 000 000 000 000 000 000 000 000 000 000 000
7000: 000 000 000 000 000 000 000 000 000 000 000 000 000 000 000 000
7010: 000 000 000 000 000 000 000 000 000 000 000 000 000 000 000 000
7020: 000 000 000 000 000 000 000 000 000 000 000 000 000 000 000 000
7030: 000 000 000 000 000 000 000 000 000 000 000 000 000 000 000 000
7040: 000 000 000 000 000 000 000 000 000 000 000 000 000 000 000 000
7050: 000 000 000 000 000 000 000 000 000 000 000 000 000 000 000 000
7060: 000 000 000 000 000 000 000 000 000 000 000 000 000 000 000 000
7070: 000 000 000 000 000 000 000 000 000 000 000 000 000 000 000 000
7080: 000 000 000 000 000 000 000 000 000 000 000 000 000 000 000 000
7090: 000 000 000 000 000 000 000 000 000 000 000 000 000 000 000 000
70a0: 000 000 000 000 000 000 000 000 000 000 000 000 000 000 000 000
70b0: 000 000 000 000 000 000 000 000 000 000 000 000 000 000 000 000
70c0: 000 000 000 000 000 000 000 000 000 000 000 000 000 000 000 000
70d0: 000 000 000 000 000 000 000 000 000 000 000 000 000 000 000 000
70e0: 000 000 000 000 000 000 000 000 000 000 000 000 000 000 000 000
70f0: 000 000 000 000 000 000 000 000 000 000 000 000 000 000 000 000
7100: 000 000 000 000 000 000 000 000 000 000 000 000 000 000 000 000
7110: 000 000 000 000 000 000 000 000 000 000 000 000 000 000 000 000
7120: 000 000 000 000 000 000 000 000 000 000 000 000 000 000 000 000
7130: 000 000 000 000 000 000 000 000 000 000 000 000 000 000 000 000
7140: 000 000 000 000 000 000 000 000 000 000 000 000 000 000 000 000
7150: 000 000 000 000 000 000 000 000 000 000 000 000 000 000 000 000
7160: 000 000 000 000 000 000 000 000 000 000 000 000 000 000 000 000
7170: 000 000 000 000 000 000 000 000 000 000 000 000 000 000 000 000
7180: 000 000 000 000 000 000 000 000 000 000 000 000 000 000 000 000
7190: 000 000 000 000 000 000 000 000 000 000 000 000 000 000 000 000
71a0: 000 000 000 000 000 000 000 000 000 000 000 000 000 000 000 000
71b0: 000 000 000 000 000 000 000 000 000 000 000 000 000 000 000 000
71c0: 000 000 000 000 000 000 000 000 000 000 000 000 000 000 000 000
71d0: 000 000 000 000 000 000 000 000 000 000 000 000 000 000 000 000
71e0: 000 000 000 000 000 000 000 000 000 000 000 000 000 000 000 000
71f0: 000 000 000 000 000 000 000 000 000 000 000 000 000 000 000 000
7200: 000 000 000 000 000 000 000 000 000 000 000 000 000 000 000 000
7210: 000 000 000 000 000 000 000 000 000 000 000 000 000 000 000 000
7220: 000 000 000 000 000 000 000 000 000 000 000 000 000 000 000 000
7230: 000 000 000 000 000 000 000 000 000 000 000 000 000 000 000 000
7240: 000 000 000 000 000 000 000 000 000 000 000 000 000 000 000 000
7250: 000 000 000 000 000 000 000 000 000 000 000 000 000 000 000 000
7260: 000 000 000 000 000 000 000 000 000 000 000 000 000 000 000 000
7270: 000 000 000 000 000 000 000 000 000 000 000 000 000 000 000 000
7280: 000 000 000 000 000 000 000 000 000 000 000 000 000 000 000 000
7290: 000 000 000 000 000 000 000 000 000 000 000 000 000 000 000 000
72a0: 000 000 000 000 000 000 000 000 000 000 000 000 000 000 000 000
72b0: 000 000 000 000 000 000 000 000 000 000 000 000 000 000 000 000
72c0: 000 000 000 000 000 000 000 000 000 000 000 000 000 000 000 000
72d0: 000 000 000 000 000 000 000 000 000 000 000 000 000 000 000 000
72e0: 000 000 000 000 000 000 000 000 000 000 000 000 000 000 000 000
72f0: 000 000 000 000 000 000 000 000 000 000 000 000 000 000 000 000
7300: 000 000 000 000 000 000 000 000 000 000 000 000 000 000 000 000
7310: 000 000 000 000 000 000 000 000 000 000 000 000 000 000 000 000
7320: 000 000 000 000 000 000 000 000 000 000 000 000 000 000 000 000
7330: 000 000 000 000 000 000 000 000 000 000 000 000 000 000 000 000
7340: 000 000 000 000 000 000 000 000 000 000 000 000 000 000 000 000
7350: 000 000 000 000 000 000 000 000 000 000 000 000 000 000 000 000
7360: 000 000 000 000 000 000 000 000 000 000 000 000 000 000 000 000
7370: 000 000 000 000 000 000 000 000 000 000 000 000 000 000 000 000
7380: 000 000 000 000 000 000 000 000 000 000 000 000 000 000 000 000
7390: 000 000 000 000 000 000 000 000 000 000 000 000 000 000 000 000
73a0: 000 000 000 000 000 000 000 000 000 000 000 000 000 000 000 000
73b0: 000 000 000 000 000 000 000 000 000 000 000 000 000 000 000 000
73c0: 000 000 000 000 000 000 000 000 000 000 000 000 000 000 000 000
73d0: 000 000 000 000 000 000 000 000 000 000 000 000 000 000 000 000
73e0: 000 000 000 000 000 000 000 000 000 000 000 000 000 000 000 000
73f0: 000 000 000 000 000 000 000 000 000 000 000 000 000 000 000 000
7400: 000 000 000 000 000 000 000 000 000 000 000 000 000 000 000 000
7410: 000 000 000 000 000 000 000 000 000 000 000 000 000 000 000 000
7420: 000 000 000 000 000 000 000 000 000 000 000 000 000 000 000 000
7430: 000 000 000 000 000 000 000 000 000 000 000 000 000 000 000 000
7440: 000 000 000 000 000 000 000 000 000 000 000 000 000 000 000 000
7450: 000 000 000 000 000 000 000 000 000 000 000 000 000 000 000 000
7460: 000 000 000 000 000 000 000 000 000 000 000 000 000 000 000 000
7470: 000 000 000 000 000 000 000 000 000 000 000 000 000 000 000 000
7480: 000 000 000 000 000 000 000 000 000 000 000 000 000 000 000 000
7490: 000 000 000 000 000 000 000 000 000 000 000 000 000 000 000 000
74a0: 000 000 000 000 000 000 000 000 000 000 000 000 000 000 000 000
74b0: 000 000 000 000 000 000 000 000 000 000 000 000 000 000 000 000
74c0: 000 000 000 000 000 000 000 000 000 000 000 000 000 000 000 000
74d0: 000 000 000 000 000 000 000 000 000 000 000 000 000 000 000 000
74e0: 000 000 000 000 000 000 000 000 000 000 000 000 000 000 000 000
74f0: 000 000 000 000 000 000 000 000 000 000 000 000 000 000 000 000
7500: 000 000 000 000 000 000 000 000 000 000 000 000 000 000 000 000
7510: 000 000 000 000 000 000 000 000 000 000 000 000 000 000 000 000
7520: 000 000 000 000 000 000 000 000 000 000 000 000 000 000 000 000
7530: 000 000 000 000 000 000 000 000 000 000 000 000 000 000 000 000
7540: 000 000 000 000 000 000 000 000 000 000 000 000 000 000 000 000
7550: 000 000 000 000 000 000 000 000 000 000 000 000 000 000 000 000
7560: 000 000 000 000 000 000 000 000 000 000 000 000 000 000 000 000
7570: 000 000 000 000 000 000 000 000 000 000 000 000 000 000 000 000
7580: 000 000 000 000 000 000 000 000 000 000 000 000 000 000 000 000
7590: 000 000 000 000 000 000 000 000 000 000 000 000 000 000 000 000
75a0: 000 000 000 000 000 000 000 000 000 000 000 000 000 000 000 000
75b0: 000 000 000 000 000 000 000 000 000 000 000 000 000 000 000 000
75c0: 000 000 000 000 000 000 000 000 000 000 000 000 000 000 000 000
75d0: 000 000 000 000 000 000 000 000 000 000 000 000 000 000 000 000
75e0: 000 000 000 000 000 000 000 000 000 000 000 000 000 000 000 000
75f0: 000 000 000 000 000 000 000 000 000 000 000 000 000 000 000 000
7600: 000 000 000 000 000 000 000 000 000 000 000 000 000 000 000 000
7610: 000 000 000 000 000 000 000 000 000 000 000 000 000 000 000 000
7620: 000 000 000 000 000 000 000 000 000 000 000 000 000 000 000 000
7630: 000 000 000 000 000 000 000 000 000 000 000 000 000 000 000 000
7640: 000 000 000 000 000 000 000 000 000 000 000 000 000 000 000 000
7650: 000 000 000 000 000 000 000 000 000 000 000 000 000 000 000 000
7660: 000 000 000 000 000 000 000 000 000 000 000 000 000 000 000 000
7670: 000 000 000 000 000 000 000 000 000 000 000 000 000 000 000 000
7680: 000 000 000 000 000 000 000 000 000 000 000 000 000 000 000 000
7690: 000 000 000 000 000 000 000 000 000 000 000 000 000 000 000 000
76a0: 000 000 000 000 000 000 000 000 000 000 000 000 000 000 000 000
76b0: 000 000 000 000 000 000 000 000 000 000 000 000 000 000 000 000
76c0: 000 000 000 000 000 000 000 000 000 000 000 000 000 000 000 000
76d0: 000 000 000 000 000 000 000 000 000 000 000 000 000 000 000 000
76e0: 000 000 000 000 000 000 000 000 000 000 000 000 000 000 000 000
76f0: 000 000 000 000 000 000 000 000 000 000 000 000 000 000 000 000
7700: 000 000 000 000 000 000 000 000 000 000 000 000 000 000 000 000
7710: 000 000 000 000 000 000 000 000 000 000 000 000 000 000 000 000
7720: 000 000 000 000 000 000 000 000 000 000 000 000 000 000 000 000
7730: 000 000 000 000 000 000 000 000 000 000 000 000 000 000 000 000
7740: 000 000 000 000 000 000 000 000 000 000 000 000 000 000 000 000
7750: 000 000 000 000 000 000 000 000 000 000 000 000 000 000 000 000
7760: 000 000 000 000 000 000 000 000 000 000 000 000 000 000 000 000
7770: 000 000 000 000 000 000 000 000 000 000 000 000 000 000 000 000
7780: 000 000 000 000 000 000 000 000 000 000 000 000 000 000 000 000
7790: 000 000 000 000 000 000 000 000 000 000 000 000 000 000 000 000
77a0: 000 000 000 000 000 000 000 000 000 000 000 000 000 000 000 000
77b0: 000 000 000 000 000 000 000 000 000 000 000 000 000 000 000 000
77c0: 000 000 000 000 000 000 000 000 000 000 000 000 000 000 000 000
77d0: 000 000 000 000 000 000 000 000 000 000 000 000 000 000 000 000
77e0: 000 000 000 000 000 000 000 000 000 000 000 000 000 000 000 000
77f0: 000 000 000 000 000 000 000 000 000 000 000 000 000 000 000 000
7800: 000 000 000 000 000 000 000 000 000 000 000 000 000 000 000 000
7810: 000 000 000 000 000 000 000 000 000 000 000 000 000 000 000 000
7820: 000 000 000 000 000 000 000 000 000 000 000 000 000 000 000 000
7830: 000 000 000 000 000 000 000 000 000 000 000 000 000 000 000 000
7840: 000 000 000 000 000 000 000 000 000 000 000 000 000 000 000 000
7850: 000 000 000 000 000 000 000 000 000 000 000 000 000 000 000 000
7860: 000 000 000 000 000 000 000 000 000 000 000 000 000 000 000 000
7870: 000 000 000 000 000 000 000 000 000 000 000 000 000 000 000 000
7880: 000 000 000 000 000 000 000 000 000 000 000 000 000 000 000 000
7890: 000 000 000 000 000 000 000 000 000 000 000 000 000 000 000 000
78a0: 000 000 000 000 000 000 000 000 000 000 000 000 000 000 000 000
78b0: 000 000 000 000 000 000 000 000 000 000 000 000 000 000 000 000
78c0: 000 000 000 000 000 000 000 000 000 000 000 000 000 000 000 000
78d0: 000 000 000 000 000 000 000 000 000 000 000 000 000 000 000 000
78e0: 000 000 000 000 000 000 000 000 000 000 000 000 000 000 000 000
78f0: 000 000 000 000 000 000 000 000 000 000 000 000 000 000 000 000
7900: 000 000 000 000 000 000 000 000 000 000 000 000 000 000 000 000
7910: 000 000 000 000 000 000 000 000 000 000 000 000 000 000 000 000
7920: 000 000 000 000 000 000 000 000 000 000 000 000 000 000 000 000
7930: 000 000 000 000 000 000 000 000 000 000 000 000 000 000 000 000
7940: 000 000 000 000 000 000 000 000 000 000 000 000 000 000 000 000
7950: 000 000 000 000 000 000 000 000 000 000 000 000 000 000 000 000
7960: 000 000 000 000 000 000 000 000 000 000 000 000 000 000 000 000
7970: 000 000 000 000 000 000 000 000 000 000 000 000 000 000 000 000
7980: 000 000 000 000 000 000 000 000 000 000 000 000 000 000 000 000
7990: 000 000 000 000 000 000 000 000 000 000 000 000 000 000 000 000
79a0: 000 000 000 000 000 000 000 000 000 000 000 000 000 000 000 000
79b0: 000 000 000 000 000 000 000 000 000 000 000 000 000 000 000 000
79c0: 000 000 000 000 000 000 000 000 000 000 000 000 000 000 000 000
79d0: 000 000 000 000 000 000 000 000 000 000 000 000 000 000 000 000
79e0: 000 000 000 000 000 000 000 000 000 000 000 000 000 000 000 000
79f0: 000 000 000 000 000 000 000 000 000 000 000 000 000 000 000 000
7a00: 000 000 000 000 000 000 000 000 000 000 000 000 000 000 000 000
7a10: 000 000 000 000 000 000 000 000 000 000 000 000 000 000 000 000
7a20: 000 000 000 000 000 000 000 000 000 000 000 000 000 000 000 000
7a30: 000 000 000 000 000 000 000 000 000 000 000 000 000 000 000 000
7a40: 000 000 000 000 000 000 000 000 000 000 000 000 000 000 000 000
7a50: 000 000 000 000 000 000 000 000 000 000 000 000 000 000 000 000
7a60: 000 000 000 000 000 000 000 000 000 000 000 000 000 000 000 000
7a70: 000 000 000 000 000 000 000 000 000 000 000 000 000 000 000 000
7a80: 000 000 000 000 000 000 000 000 000 000 000 000 000 000 000 000
7a90: 000 000 000 000 000 000 000 000 000 000 000 000 000 000 000 000
7aa0: 000 000 000 000 000 000 000 000 000 000 000 000 000 000 000 000
7ab0: 000 000 000 000 000 000 000 000 000 000 000 000 000 000 000 000
7ac0: 000 000 000 000 000 000 000 000 000 000 000 000 000 000 000 000
7ad0: 000 000 000 000 000 000 000 000 000 000 000 000 000 000 000 000
7ae0: 000 000 000 000 000 000 000 000 000 000 000 000 000 000 000 000
7af0: 000 000 000 000 000 000 000 000 000 000 000 000 000 000 000 000
7b00: 000 000 000 000 000 000 000 000 000 000 000 000 000 000 000 000
7b10: 000 000 000 000 000 000 000 000 000 000 000 000 000 000 000 000
7b20: 000 000 000 000 000 000 000 000 000 000 000 000 000 000 000 000
7b30: 000 000 000 000 000 000 000 000 000 000 000 000 000 000 000 000
7b40: 000 000 000 000 000 000 000 000 000 000 000 000 000 000 000 000
7b50: 000 000 000 000 000 000 000 000 000 000 000 000 000 000 000 000
7b60: 000 000 000 000 000 000 000 000 000 000 000 000 000 000 000 000
7b70: 000 000 000 000 000 000 000 000 000 000 000 000 000 000 000 000
7b80: 000 000 000 000 000 000 000 000 000 000 000 000 000 000 000 000
7b90: 000 000 000 000 000 000 000 000 000 000 000 000 000 000 000 000
7ba0: 000 000 000 000 000 000 000 000 000 000 000 000 000 000 000 000
7bb0: 000 000 000 000 000 000 000 000 000 000 000 000 000 000 000 000
7bc0: 000 000 000 000 000 000 000 000 000 000 000 000 000 000 000 000
7bd0: 000 000 000 000 000 000 000 000 000 000 000 000 000 000 000 000
7be0: 000 000 000 000 000 000 000 000 000 000 000 000 000 000 000 000
7bf0: 000 000 000 000 000 000 000 000 000 000 000 000 000 000 000 000
7c00: 000 000 000 000 000 000 000 000 000 000 000 000 000 000 000 000
7c10: 000 000 000 000 000 000 000 000 000 000 000 000 000 000 000 000
7c20: 000 000 000 000 000 000 000 000 000 000 000 000 000 000 000 000
7c30: 000 000 000 000 000 000 000 000 000 000 000 000 000 000 000 000
7c40: 000 000 000 000 000 000 000 000 000 000 000 000 000 000 000 000
7c50: 000 000 000 000 000 000 000 000 000 000 000 000 000 000 000 000
7c60: 000 000 000 000 000 000 000 000 000 000 000 000 000 000 000 000
7c70: 000 000 000 000 000 000 000 000 000 000 000 000 000 000 000 000
7c80: 000 000 000 000 000 000 000 000 000 000 000 000 000 000 000 000
7c90: 000 000 000 000 000 000 000 000 000 000 000 000 000 000 000 000
7ca0: 000 000 000 000 000 000 000 000 000 000 000 000 000 000 000 000
7cb0: 000 000 000 000 000 000 000 000 000 000 000 000 000 000 000 000
7cc0: 000 000 000 000 000 000 000 000 000 000 000 000 000 000 000 000
7cd0: 000 000 000 000 000 000 000 000 000 000 000 000 000 000 000 000
7ce0: 000 000 000 000 000 000 000 000 000 000 000 000 000 000 000 000
7cf0: 000 000 000 000 000 000 000 000 000 000 000 000 000 000 000 000
7d00: 000 000 000 000 000 000 000 000 000 000 000 000 000 000 000 000
7d10: 000 000 000 000 000 000 000 000 000 000 000 000 000 000 000 000
7d20: 000 000 000 000 000 000 000 000 000 000 000 000 000 000 000 000
7d30: 000 000 000 000 000 000 000 000 000 000 000 000 000 000 000 000
7d40: 000 000 000 000 000 000 000 000 000 000 000 000 000 000 000 000
7d50: 000 000 000 000 000 000 000 000 000 000 000 000 000 000 000 000
7d60: 000 000 000 000 000 000 000 000 000 000 000 000 000 000 000 000
7d70: 000 000 000 000 000 000 000 000 000 000 000 000 000 000 000 000
7d80: 000 000 000 000 000 000 000 000 000 000 000 000 000 000 000 000
7d90: 000 000 000 000 000 000 000 000 000 000 000 000 000 000 000 000
7da0: 000 000 000 000 000 000 000 000 000 000 000 000 000 000 000 000
7db0: 000 000 000 000 000 000 000 000 000 000 000 000 000 000 000 000
7dc0: 000 000 000 000 000 000 000 000 000 000 000 000 000 000 000 000
7dd0: 000 000 000 000 000 000 000 000 000 000 000 000 000 000 000 000
7de0: 000 000 000 000 000 000 000 000 000 000 000 000 000 000 000 000
7df0: 000 000 000 000 000 000 000 000 000 000 000 000 000 000 000 000
7e00: 000 000 000 000 000 000 000 000 000 000 000 000 000 000 000 000
7e10: 000 000 000 000 000 000 000 000 000 000 000 000 000 000 000 000
7e20: 000 000 000 000 000 000 000 000 000 000 000 000 000 000 000 000
7e30: 000 000 000 000 000 000 000 000 000 000 000 000 000 000 000 000
7e40: 000 000 000 000 000 000 000 000 000 000 000 000 000 000 000 000
7e50: 000 000 000 000 000 000 000 000 000 000 000 000 000 000 000 000
7e60: 000 000 000 000 000 000 000 000 000 000 000 000 000 000 000 000
7e70: 000 000 000 000 000 000 000 000 000 000 000 000 000 000 000 000
7e80: 000 000 000 000 000 000 000 000 000 000 000 000 000 000 000 000
7e90: 000 000 000 000 000 000 000 000 000 000 000 000 000 000 000 000
7ea0: 000 000 000 000 000 000 000 000 000 000 000 000 000 000 000 000
7eb0: 000 000 000 000 000 000 000 000 000 000 000 000 000 000 000 000
7ec0: 000 000 000 000 000 000 000 000 000 000 000 000 000 000 000 000
7ed0: 000 000 000 000 000 000 000 000 000 000 000 000 000 000 000 000
7ee0: 000 000 000 000 000 000 000 000 000 000 000 000 000 000 000 000
7ef0: 000 000 000 000 000 000 000 000 000 000 000 000 000 000 000 000
7f00: 000 000 000 000 000 000 000 000 000 000 000 000 000 000 000 000
7f10: 000 000 000 000 000 000 000 000 000 000 000 000 000 000 000 000
7f20: 000 000 000 000 000 000 000 000 000 000 000 000 000 000 000 000
7f30: 000 000 000 000 000 000 000 000 000 000 000 000 000 000 000 000
7f40: 000 000 000 000 000 000 000 000 000 000 000 000 000 000 000 000
7f50: 000 000 000 000 000 000 000 000 000 000 000 000 000 000 000 000
7f60: 000 000 000 000 000 000 000 000 000 000 000 000 000 000 000 000
7f70: 000 000 000 000 000 000 000 000 000 000 000 000 000 000 000 000
7f80: 000 000 000 000 000 000 000 000 000 000 000 000 000 000 000 000
7f90: 000 000 000 000 000 000 000 000 000 000 000 000 000 000 000 000
7fa0: 000 000 000 000 000 000 000 000 000 000 000 000 000 000 000 000
7fb0: 000 000 000 000 000 000 000 000 000 000 000 000 000 000 000 000
7fc0: 000 000 000 000 000 000 000 000 000 000 000 000 000 000 000 000
7fd0: 000 000 000 000 000 000 000 000 000 000 000 000 000 000 000 000
7fe0: 000 000 000 000 000 000 000 000 000 000 000 000 000 000 000 000
7ff0: 000 000 000 000 000 000 000 000 000 000 000 000 000 000 000 000
8000: 000 000 000 000 000 000 000 000 000 000 000 000 000 000 000 000
8010: 000 000 000 000 000 000 000 000 000 000 000 000 000 000 000 000
8020: 000 000 000 000 000 000 000 000 000 000 000 000 000 000 000 000
8030: 000 000 000 000 000 000 000 000 000 000 000 000 000 000 000 000
8040: 000 000 000 000 000 000 000 000 000 000 000 000 000 000 000 000
8050: 000 000 000 000 000 000 000 000 000 000 000 000 000 000 000 000
8060: 000 000 000 000 000 000 000 000 000 000 000 000 000 000 000 000
8070: 000 000 000 000 000 000 000 000 000 000 000 000 000 000 000 000
8080: 000 000 000 000 000 000 000 000 000 000 000 000 000 000 000 000
8090: 000 000 000 000 000 000 000 000 000 000 000 000 000 000 000 000
80a0: 000 000 000 000 000 000 000 000 000 000 000 000 000 000 000 000
80b0: 000 000 000 000 000 000 000 000 000 000 000 000 000 000 000 000
80c0: 000 000 000 000 000 000 000 000 000 000 000 000 000 000 000 000
80d0: 000 000 000 000 000 000 000 000 000 000 000 000 000 000 000 000
80e0: 000 000 000 000 000 000 000 000 000 000 000 000 000 000 000 000
80f0: 000 000 000 000 000 000 000 000 000 000 000 000 000 000 000 000
8100: 000 000 000 000 000 000 000 000 000 000 000 000 000 000 000 000
8110: 000 000 000 000 000 000 000 000 000 000 000 000 000 000 000 000
8120: 000 000 000 000 000 000 000 000 000 000 000 000 000 000 000 000
8130: 000 000 000 000 000 000 000 000 000 000 000 000 000 000 000 000
8140: 000 000 000 000 000 000 000 000 000 000 000 000 000 000 000 000
8150: 000 000 000 000 000 000 000 000 000 000 000 000 000 000 000 000
8160: 000 000 000 000 000 000 000 000 000 000 000 000 000 000 000 000
8170: 000 000 000 000 000 000 000 000 000 000 000 000 000 000 000 000
8180: 000 000 000 000 000 000 000 000 000 000 000 000 000 000 000 000
8190: 000 000 000 000 000 000 000 000 000 000 000 000 000 000 000 000
81a0: 000 000 000 000 000 000 000 000 000 000 000 000 000 000 000 000
81b0: 000 000 000 000 000 000 000 000 000 000 000 000 000 000 000 000
81c0: 000 000 000 000 000 000 000 000 000 000 000 000 000 000 000 000
81d0: 000 000 000 000 000 000 000 000 000 000 000 000 000 000 000 000
81e0: 000 000 000 000 000 000 000 000 000 000 000 000 000 000 000 000
81f0: 000 000 000 000 000 000 000 000 000 000 000 000 000 000 000 000
8200: 000 000 000 000 000 000 000 000 000 000 000 000 000 000 000 000
8210: 000 000 000 000 000 000 000 000 000 000 000 000 000 000 000 000
8220: 000 000 000 000 000 000 000 000 000 000 000 000 000 000 000 000
8230: 000 000 000 000 000 000 000 000 000 000 000 000 000 000 000 000
8240: 000 000 000 000 000 000 000 000 000 000 000 000 000 000 000 000
8250: 000 000 000 000 000 000 000 000 000 000 000 000 000 000 000 000
8260: 000 000 000 000 000 000 000 000 000 000 000 000 000 000 000 000
8270: 000 000 000 000 000 000 000 000 000 000 000 000 000 000 000 000
8280: 000 000 000 000 000 000 000 000 000 000 000 000 000 000 000 000
8290: 000 000 000 000 000 000 000 000 000 000 000 000 000 000 000 000
82a0: 000 000 000 000 000 000 000 000 000 000 000 000 000 000 000 000
82b0: 000 000 000 000 000 000 000 000 000 000 000 000 000 000 000 000
82c0: 000 000 000 000 000 000 000 000 000 000 000 000 000 000 000 000
82d0: 000 000 000 000 000 000 000 000 000 000 000 000 000 000 000 000
82e0: 000 000 000 000 000 000 000 000 000 000 000 000 000 000 000 000
82f0: 000 000 000 000 000 000 000 000 000 000 000 000 000 000 000 000
8300: 000 000 000 000 000 000 000 000 000 000 000 000 000 000 000 000
8310: 000 000 000 000 000 000 000 000 000 000 000 000 000 000 000 000
8320: 000 000 000 000 000 000 000 000 000 000 000 000 000 000 000 000
8330: 000 000 000 000 000 000 000 000 000 000 000 000 000 000 000 000
8340: 000 000 000 000 000 000 000 000 000 000 000 000 000 000 000 000
8350: 000 000 000 000 000 000 000 000 000 000 000 000 000 000 000 000
8360: 000 000 000 000 000 000 000 000 000 000 000 000 000 000 000 000
8370: 000 000 000 000 000 000 000 000 000 000 000 000 000 000 000 000
8380: 000 000 000 000 000 000 000 000 000 000 000 000 000 000 000 000
8390: 000 000 000 000 000 000 000 000 000 000 000 000 000 000 000 000
83a0: 000 000 000 000 000 000 000 000 000 000 000 000 000 000 000 000
83b0: 000 000 000 000 000 000 000 000 000 000 000 000 000 000 000 000
83c0: 000 000 000 000 000 000 000 000 000 000 000 000 000 000 000 000
83d0: 000 000 000 000 000 000 000 000 000 000 000 000 000 000 000 000
83e0: 000 000 000 000 000 000 000 000 000 000 000 000 000 000 000 000
83f0: 000 000 000 000 000 000 000 000 000 000 000 000 000 000 000 000
8400: 000 000 000 000 000 000 000 000 000 000 000 000 000 000 000 000
8410: 000 000 000 000 000 000 000 000 000 000 000 000 000 000 000 000
8420: 000 000 000 000 000 000 000 000 000 000 000 000 000 000 000 000
8430: 000 000 000 000 000 000 000 000 000 000 000 000 000 000 000 000
8440: 000 000 000 000 000 000 000 000 000 000 000 000 000 000 000 000
8450: 000 000 000 000 000 000 000 000 000 000 000 000 000 000 000 000
8460: 000 000 000 000 000 000 000 000 000 000 000 000 000 000 000 000
8470: 000 000 000 000 000 000 000 000 000 000 000 000 000 000 000 000
8480: 000 000 000 000 000 000 000 000 000 000 000 000 000 000 000 000
8490: 000 000 000 000 000 000 000 000 000 000 000 000 000 000 000 000
84a0: 000 000 000 000 000 000 000 000 000 000 000 000 000 000 000 000
84b0: 000 000 000 000 000 000 000 000 000 000 000 000 000 000 000 000
84c0: 000 000 000 000 000 000 000 000 000 000 000 000 000 000 000 000
84d0: 000 000 000 000 000 000 000 000 000 000 000 000 000 000 000 000
84e0: 000 000 000 000 000 000 000 000 000 000 000 000 000 000 000 000
84f0: 000 000 000 000 000 000 000 000 000 000 000 000 000 000 000 000
8500: 000 000 000 000 000 000 000 000 000 000 000 000 000 000 000 000
8510: 000 000 000 000 000 000 000 000 000 000 000 000 000 000 000 000
8520: 000 000 000 000 000 000 000 000 000 000 000 000 000 000 000 000
8530: 000 000 000 000 000 000 000 000 000 000 000 000 000 000 000 000
8540: 000 000 000 000 000 000 000 000 000 000 000 000 000 000 000 000
8550: 000 000 000 000 000 000 000 000 000 000 000 000 000 000 000 000
8560: 000 000 000 000 000 000 000 000 000 000 000 000 000 000 000 000
8570: 000 000 000 000 000 000 000 000 000 000 000 000 000 000 000 000
8580: 000 000 000 000 000 000 000 000 000 000 000 000 000 000 000 000
8590: 000 000 000 000 000 000 000 000 000 000 000 000 000 000 000 000
85a0: 000 000 000 000 000 000 000 000 000 000 000 000 000 000 000 000
85b0: 000 000 000 000 000 000 000 000 000 000 000 000 000 000 000 000
85c0: 000 000 000 000 000 000 000 000 000 000 000 000 000 000 000 000
85d0: 000 000 000 000 000 000 000 000 000 000 000 000 000 000 000 000
85e0: 000 000 000 000 000 000 000 000 000 000 000 000 000 000 000 000
85f0: 000 000 000 000 000 000 000 000 000 000 000 000 000 000 000 000
8600: 000 000 000 000 000 000 000 000 000 000 000 000 000 000 000 000
8610: 000 000 000 000 000 000 000 000 000 000 000 000 000 000 000 000
8620: 000 000 000 000 000 000 000 000 000 000 000 000 000 000 000 000
8630: 000 000 000 000 000 000 000 000 000 000 000 000 000 000 000 000
8640: 000 000 000 000 000 000 000 000 000 000 000 000 000 000 000 000
8650: 000 000 000 000 000 000 000 000 000 000 000 000 000 000 000 000
8660: 000 000 000 000 000 000 000 000 000 000 000 000 000 000 000 000
8670: 000 000 000 000 000 000 000 000 000 000 000 000 000 000 000 000
8680: 000 000 000 000 000 000 000 000 000 000 000 000 000 000 000 000
8690: 000 000 000 000 000 000 000 000 000 000 000 000 000 000 000 000
86a0: 000 000 000 000 000 000 000 000 000 000 000 000 000 000 000 000
86b0: 000 000 000 000 000 000 000 000 000 000 000 000 000 000 000 000
86c0: 000 000 000 000 000 000 000 000 000 000 000 000 000 000 000 000
86d0: 000 000 000 000 000 000 000 000 000 000 000 000 000 000 000 000
86e0: 000 000 000 000 000 000 000 000 000 000 000 000 000 000 000 000
86f0: 000 000 000 000 000 000 000 000 000 000 000 000 000 000 000 000
8700: 000 000 000 000 000 000 000 000 000 000 000 000 000 000 000 000
8710: 000 000 000 000 000 000 000 000 000 000 000 000 000 000 000 000
8720: 000 000 000 000 000 000 000 000 000 000 000 000 000 000 000 000
8730: 000 000 000 000 000 000 000 000 000 000 000 000 000 000 000 000
8740: 000 000 000 000 000 000 000 000 000 000 000 000 000 000 000 000
8750: 000 000 000 000 000 000 000 000 000 000 000 000 000 000 000 000
8760: 000 000 000 000 000 000 000 000 000 000 000 000 000 000 000 000
8770: 000 000 000 000 000 000 000 000 000 000 000 000 000 000 000 000
8780: 000 000 000 000 000 000 000 000 000 000 000 000 000 000 000 000
8790: 000 000 000 000 000 000 000 000 000 000 000 000 000 000 000 000
87a0: 000 000 000 000 000 000 000 000 000 000 000 000 000 000 000 000
87b0: 000 000 000 000 000 000 000 000 000 000 000 000 000 000 000 000
87c0: 000 000 000 000 000 000 000 000 000 000 000 000 000 000 000 000
87d0: 000 000 000 000 000 000 000 000 000 000 000 000 000 000 000 000
87e0: 000 000 000 000 000 000 000 000 000 000 000 000 000 000 000 000
87f0: 000 000 000 000 000 000 000 000 000 000 000 000 000 000 000 000
8800: 000 000 000 000 000 000 000 000 000 000 000 000 000 000 000 000
8810: 000 000 000 000 000 000 000 000 000 000 000 000 000 000 000 000
8820: 000 000 000 000 000 000 000 000 000 000 000 000 000 000 000 000
8830: 000 000 000 000 000 000 000 000 000 000 000 000 000 000 000 000
8840: 000 000 000 000 000 000 000 000 000 000 000 000 000 000 000 000
8850: 000 000 000 000 000 000 000 000 000 000 000 000 000 000 000 000
8860: 000 000 000 000 000 000 000 000 000 000 000 000 000 000 000 000
8870: 000 000 000 000 000 000 000 000 000 000 000 000 000 000 000 000
8880: 000 000 000 000 000 000 000 000 000 000 000 000 000 000 000 000
8890: 000 000 000 000 000 000 000 000 000 000 000 000 000 000 000 000
88a0: 000 000 000 000 000 000 000 000 000 000 000 000 000 000 000 000
88b0: 000 000 000 000 000 000 000 000 000 000 000 000 000 000 000 000
88c0: 000 000 000 000 000 000 000 000 000 000 000 000 000 000 000 000
88d0: 000 000 000 000 000 000 000 000 000 000 000 000 000 000 000 000
88e0: 000 000 000 000 000 000 000 000 000 000 000 000 000 000 000 000
88f0: 000 000 000 000 000 000 000 000 000 000 000 000 000 000 000 000
8900: 000 000 000 000 000 000 000 000 000 000 000 000 000 000 000 000
8910: 000 000 000 000 000 000 000 000 000 000 000 000 000 000 000 000
8920: 000 000 000 000 000 000 000 000 000 000 000 000 000 000 000 000
8930: 000 000 000 000 000 000 000 000 000 000 000 000 000 000 000 000
8940: 000 000 000 000 000 000 000 000 000 000 000 000 000 000 000 000
8950: 000 000 000 000 000 000 000 000 000 000 000 000 000 000 000 000
8960: 000 000 000 000 000 000 000 000 000 000 000 000 000 000 000 000
8970: 000 000 000 000 000 000 000 000 000 000 000 000 000 000 000 000
8980: 000 000 000 000 000 000 000 000 000 000 000 000 000 000 000 000
8990: 000 000 000 000 000 000 000 000 000 000 000 000 000 000 000 000
89a0: 000 000 000 000 000 000 000 000 000 000 000 000 000 000 000 000
89b0: 000 000 000 000 000 000 000 000 000 000 000 000 000 000 000 000
89c0: 000 000 000 000 000 000 000 000 000 000 000 000 000 000 000 000
89d0: 000 000 000 000 000 000 000 000 000 000 000 000 000 000 000 000
89e0: 000 000 000 000 000 000 000 000 000 000 000 000 000 000 000 000
89f0: 000 000 000 000 000 000 000 000 000 000 000 000 000 000 000 000
8a00: 000 000 000 000 000 000 000 000 000 000 000 000 000 000 000 000
8a10: 000 000 000 000 000 000 000 000 000 000 000 000 000 000 000 000
8a20: 000 000 000 000 000 000 000 000 000 000 000 000 000 000 000 000
8a30: 000 000 000 000 000 000 000 000 000 000 000 000 000 000 000 000
8a40: 000 000 000 000 000 000 000 000 000 000 000 000 000 000 000 000
8a50: 000 000 000 000 000 000 000 000 000 000 000 000 000 000 000 000
8a60: 000 000 000 000 000 000 000 000 000 000 000 000 000 000 000 000
8a70: 000 000 000 000 000 000 000 000 000 000 000 000 000 000 000 000
8a80: 000 000 000 000 000 000 000 000 000 000 000 000 000 000 000 000
8a90: 000 000 000 000 000 000 000 000 000 000 000 000 000 000 000 000
8aa0: 000 000 000 000 000 000 000 000 000 000 000 000 000 000 000 000
8ab0: 000 000 000 000 000 000 000 000 000 000 000 000 000 000 000 000
8ac0: 000 000 000 000 000 000 000 000 000 000 000 000 000 000 000 000
8ad0: 000 000 000 000 000 000 000 000 000 000 000 000 000 000 000 000
8ae0: 000 000 000 000 000 000 000 000 000 000 000 000 000 000 000 000
8af0: 000 000 000 000 000 000 000 000 000 000 000 000 000 000 000 000
8b00: 000 000 000 000 000 000 000 000 000 000 000 000 000 000 000 000
8b10: 000 000 000 000 000 000 000 000 000 000 000 000 000 000 000 000
8b20: 000 000 000 000 000 000 000 000 000 000 000 000 000 000 000 000
8b30: 000 000 000 000 000 000 000 000 000 000 000 000 000 000 000 000
8b40: 000 000 000 000 000 000 000 000 000 000 000 000 000 000 000 000
8b50: 000 000 000 000 000 000 000 000 000 000 000 000 000 000 000 000
8b60: 000 000 000 000 000 000 000 000 000 000 000 000 000 000 000 000
8b70: 000 000 000 000 000 000 000 000 000 000 000 000 000 000 000 000
8b80: 000 000 000 000 000 000 000 000 000 000 000 000 000 000 000 000
8b90: 000 000 000 000 000 000 000 000 000 000 000 000 000 000 000 000
8ba0: 000 000 000 000 000 000 000 000 000 000 000 000 000 000 000 000
8bb0: 000 000 000 000 000 000 000 000 000 000 000 000 000 000 000 000
8bc0: 000 000 000 000 000 000 000 000 000 000 000 000 000 000 000 000
8bd0: 000 000 000 000 000 000 000 000 000 000 000 000 000 000 000 000
8be0: 000 000 000 000 000 000 000 000 000 000 000 000 000 000 000 000
8bf0: 000 000 000 000 000 000 000 000 000 000 000 000 000 000 000 000
8c00: 000 000 000 000 000 000 000 000 000 000 000 000 000 000 000 000
8c10: 000 000 000 000 000 000 000 000 000 000 000 000 000 000 000 000
8c20: 000 000 000 000 000 000 000 000 000 000 000 000 000 000 000 000
8c30: 000 000 000 000 000 000 000 000 000 000 000 000 000 000 000 000
8c40: 000 000 000 000 000 000 000 000 000 000 000 000 000 000 000 000
8c50: 000 000 000 000 000 000 000 000 000 000 000 000 000 000 000 000
8c60: 000 000 000 000 000 000 000 000 000 000 000 000 000 000 000 000
8c70: 000 000 000 000 000 000 000 000 000 000 000 000 000 000 000 000
8c80: 000 000 000 000 000 000 000 000 000 000 000 000 000 000 000 000
8c90: 000 000 000 000 000 000 000 000 000 000 000 000 000 000 000 000
8ca0: 000 000 000 000 000 000 000 000 000 000 000 000 000 000 000 000
8cb0: 000 000 000 000 000 000 000 000 000 000 000 000 000 000 000 000
8cc0: 000 000 000 000 000 000 000 000 000 000 000 000 000 000 000 000
8cd0: 000 000 000 000 000 000 000 000 000 000 000 000 000 000 000 000
8ce0: 000 000 000 000 000 000 000 000 000 000 000 000 000 000 000 000
8cf0: 000 000 000 000 000 000 000 000 000 000 000 000 000 000 000 000
8d00: 000 000 000 000 000 000 000 000 000 000 000 000 000 000 000 000
8d10: 000 000 000 000 000 000 000 000 000 000 000 000 000 000 000 000
8d20: 000 000 000 000 000 000 000 000 000 000 000 000 000 000 000 000
8d30: 000 000 000 000 000 000 000 000 000 000 000 000 000 000 000 000
8d40: 000 000 000 000 000 000 000 000 000 000 000 000 000 000 000 000
8d50: 000 000 000 000 000 000 000 000 000 000 000 000 000 000 000 000
8d60: 000 000 000 000 000 000 000 000 000 000 000 000 000 000 000 000
8d70: 000 000 000 000 000 000 000 000 000 000 000 000 000 000 000 000
8d80: 000 000 000 000 000 000 000 000 000 000 000 000 000 000 000 000
8d90: 000 000 000 000 000 000 000 000 000 000 000 000 000 000 000 000
8da0: 000 000 000 000 000 000 000 000 000 000 000 000 000 000 000 000
8db0: 000 000 000 000 000 000 000 000 000 000 000 000 000 000 000 000
8dc0: 000 000 000 000 000 000 000 000 000 000 000 000 000 000 000 000
8dd0: 000 000 000 000 000 000 000 000 000 000 000 000 000 000 000 000
8de0: 000 000 000 000 000 000 000 000 000 000 000 000 000 000 000 000
8df0: 000 000 000 000 000 000 000 000 000 000 000 000 000 000 000 000
8e00: 000 000 000 000 000 000 000 000 000 000 000 000 000 000 000 000
8e10: 000 000 000 000 000 000 000 000 000 000 000 000 000 000 000 000
8e20: 000 000 000 000 000 000 000 000 000 000 000 000 000 000 000 000
8e30: 000 000 000 000 000 000 000 000 000 000 000 000 000 000 000 000
8e40: 000 000 000 000 000 000 000 000 000 000 000 000 000 000 000 000
8e50: 000 000 000 000 000 000 000 000 000 000 000 000 000 000 000 000
8e60: 000 000 000 000 000 000 000 000 000 000 000 000 000 000 000 000
8e70: 000 000 000 000 000 000 000 000 000 000 000 000 000 000 000 000
8e80: 000 000 000 000 000 000 000 000 000 000 000 000 000 000 000 000
8e90: 000 000 000 000 000 000 000 000 000 000 000 000 000 000 000 000
8ea0: 000 000 000 000 000 000 000 000 000 000 000 000 000 000 000 000
8eb0: 000 000 000 000 000 000 000 000 000 000 000 000 000 000 000 000
8ec0: 000 000 000 000 000 000 000 000 000 000 000 000 000 000 000 000
8ed0: 000 000 000 000 000 000 000 000 000 000 000 000 000 000 000 000
8ee0: 000 000 000 000 000 000 000 000 000 000 000 000 000 000 000 000
8ef0: 000 000 000 000 000 000 000 000 000 000 000 000 000 000 000 000
8f00: 000 000 000 000 000 000 000 000 000 000 000 000 000 000 000 000
8f10: 000 000 000 000 000 000 000 000 000 000 000 000 000 000 000 000
8f20: 000 000 000 000 000 000 000 000 000 000 000 000 000 000 000 000
8f30: 000 000 000 000 000 000 000 000 000 000 000 000 000 000 000 000
8f40: 000 000 000 000 000 000 000 000 000 000 000 000 000 000 000 000
8f50: 000 000 000 000 000 000 000 000 000 000 000 000 000 000 000 000
8f60: 000 000 000 000 000 000 000 000 000 000 000 000 000 000 000 000
8f70: 000 000 000 000 000 000 000 000 000 000 000 000 000 000 000 000
8f80: 000 000 000 000 000 000 000 000 000 000 000 000 000 000 000 000
8f90: 000 000 000 000 000 000 000 000 000 000 000 000 000 000 000 000
8fa0: 000 000 000 000 000 000 000 000 000 000 000 000 000 000 000 000
8fb0: 000 000 000 000 000 000 000 000 000 000 000 000 000 000 000 000
8fc0: 000 000 000 000 000 000 000 000 000 000 000 000 000 000 000 000
8fd0: 000 000 000 000 000 000 000 000 000 000 000 000 000 000 000 000
8fe0: 000 000 000 000 000 000 000 000 000 000 000 000 000 000 000 000
8ff0: 000 000 000 000 000 000 000 000 000 000 000 000 000 000 000 000
9000: 000 000 000 000 000 000 000 000 000 000 000 000 000 000 000 000
9010: 000 000 000 000 000 000 000 000 000 000 000 000 000 000 000 000
9020: 000 000 000 000 000 000 000 000 000 000 000 000 000 000 000 000
9030: 000 000 000 000 000 000 000 000 000 000 000 000 000 000 000 000
9040: 000 000 000 000 000 000 000 000 000 000 000 000 000 000 000 000
9050: 000 000 000 000 000 000 000 000 000 000 000 000 000 000 000 000
9060: 000 000 000 000 000 000 000 000 000 000 000 000 000 000 000 000
9070: 000 000 000 000 000 000 000 000 000 000 000 000 000 000 000 000
9080: 000 000 000 000 000 000 000 000 000 000 000 000 000 000 000 000
9090: 000 000 000 000 000 000 000 000 000 000 000 000 000 000 000 000
90a0: 000 000 000 000 000 000 000 000 000 000 000 000 000 000 000 000
90b0: 000 000 000 000 000 000 000 000 000 000 000 000 000 000 000 000
90c0: 000 000 000 000 000 000 000 000 000 000 000 000 000 000 000 000
90d0: 000 000 000 000 000 000 000 000 000 000 000 000 000 000 000 000
90e0: 000 000 000 000 000 000 000 000 000 000 000 000 000 000 000 000
90f0: 000 000 000 000 000 000 000 000 000 000 000 000 000 000 000 000
9100: 000 000 000 000 000 000 000 000 000 000 000 000 000 000 000 000
9110: 000 000 000 000 000 000 000 000 000 000 000 000 000 000 000 000
9120: 000 000 000 000 000 000 000 000 000 000 000 000 000 000 000 000
9130: 000 000 000 000 000 000 000 000 000 000 000 000 000 000 000 000
9140: 000 000 000 000 000 000 000 000 000 000 000 000 000 000 000 000
9150: 000 000 000 000 000 000 000 000 000 000 000 000 000 000 000 000
9160: 000 000 000 000 000 000 000 000 000 000 000 000 000 000 000 000
9170: 000 000 000 000 000 000 000 000 000 000 000 000 000 000 000 000
9180: 000 000 000 000 000 000 000 000 000 000 000 000 000 000 000 000
9190: 000 000 000 000 000 000 000 000 000 000 000 000 000 000 000 000
91a0: 000 000 000 000 000 000 000 000 000 000 000 000 000 000 000 000
91b0: 000 000 000 000 000 000 000 000 000 000 000 000 000 000 000 000
91c0: 000 000 000 000 000 000 000 000 000 000 000 000 000 000 000 000
91d0: 000 000 000 000 000 000 000 000 000 000 000 000 000 000 000 000
91e0: 000 000 000 000 000 000 000 000 000 000 000 000 000 000 000 000
91f0: 000 000 000 000 000 000 000 000 000 000 000 000 000 000 000 000
9200: 000 000 000 000 000 000 000 000 000 000 000 000 000 000 000 000
9210: 000 000 000 000 000 000 000 000 000 000 000 000 000 000 000 000
9220: 000 000 000 000 000 000 000 000 000 000 000 000 000 000 000 000
9230: 000 000 000 000 000 000 000 000 000 000 000 000 000 000 000 000
9240: 000 000 000 000 000 000 000 000 000 000 000 000 000 000 000 000
9250: 000 000 000 000 000 000 000 000 000 000 000 000 000 000 000 000
9260: 000 000 000 000 000 000 000 000 000 000 000 000 000 000 000 000
9270: 000 000 000 000 000 000 000 000 000 000 000 000 000 000 000 000
9280: 000 000 000 000 000 000 000 000 000 000 000 000 000 000 000 000
9290: 000 000 000 000 000 000 000 000 000 000 000 000 000 000 000 000
92a0: 000 000 000 000 000 000 000 000 000 000 000 000 000 000 000 000
92b0: 000 000 000 000 000 000 000 000 000 000 000 000 000 000 000 000
92c0: 000 000 000 000 000 000 000 000 000 000 000 000 000 000 000 000
92d0: 000 000 000 000 000 000 000 000 000 000 000 000 000 000 000 000
92e0: 000 000 000 000 000 000 000 000 000 000 000 000 000 000 000 000
92f0: 000 000 000 000 000 000 000 000 000 000 000 000 000 000 000 000
9300: 000 000 000 000 000 000 000 000 000 000 000 000 000 000 000 000
9310: 000 000 000 000 000 000 000 000 000 000 000 000 000 000 000 000
9320: 000 000 000 000 000 000 000 000 000 000 000 000 000 000 000 000
9330: 000 000 000 000 000 000 000 000 000 000 000 000 000 000 000 000
9340: 000 000 000 000 000 000 000 000 000 000 000 000 000 000 000 000
9350: 000 000 000 000 000 000 000 000 000 000 000 000 000 000 000 000
9360: 000 000 000 000 000 000 000 000 000 000 000 000 000 000 000 000
9370: 000 000 000 000 000 000 000 000 000 000 000 000 000 000 000 000
9380: 000 000 000 000 000 000 000 000 000 000 000 000 000 000 000 000
9390: 000 000 000 000 000 000 000 000 000 000 000 000 000 000 000 000
93a0: 000 000 000 000 000 000 000 000 000 000 000 000 000 000 000 000
93b0: 000 000 000 000 000 000 000 000 000 000 000 000 000 000 000 000
93c0: 000 000 000 000 000 000 000 000 000 000 000 000 000 000 000 000
93d0: 000 000 000 000 000 000 000 000 000 000 000 000 000 000 000 000
93e0: 000 000 000 000 000 000 000 000 000 000 000 000 000 000 000 000
93f0: 000 000 000 000 000 000 000 000 000 000 000 000 000 000 000 000
9400: 000 000 000 000 000 000 000 000 000 000 000 000 000 000 000 000
9410: 000 000 000 000 000 000 000 000 000 000 000 000 000 000 000 000
9420: 000 000 000 000 000 000 000 000 000 000 000 000 000 000 000 000
9430: 000 000 000 000 000 000 000 000 000 000 000 000 000 000 000 000
9440: 000 000 000 000 000 000 000 000 000 000 000 000 000 000 000 000
9450: 000 000 000 000 000 000 000 000 000 000 000 000 000 000 000 000
9460: 000 000 000 000 000 000 000 000 000 000 000 000 000 000 000 000
9470: 000 000 000 000 000 000 000 000 000 000 000 000 000 000 000 000
9480: 000 000 000 000 000 000 000 000 000 000 000 000 000 000 000 000
9490: 000 000 000 000 000 000 000 000 000 000 000 000 000 000 000 000
94a0: 000 000 000 000 000 000 000 000 000 000 000 000 000 000 000 000
94b0: 000 000 000 000 000 000 000 000 000 000 000 000 000 000 000 000
94c0: 000 000 000 000 000 000 000 000 000 000 000 000 000 000 000 000
94d0: 000 000 000 000 000 000 000 000 000 000 000 000 000 000 000 000
94e0: 000 000 000 000 000 000 000 000 000 000 000 000 000 000 000 000
94f0: 000 000 000 000 000 000 000 000 000 000 000 000 000 000 000 000
9500: 000 000 000 000 000 000 000 000 000 000 000 000 000 000 000 000
9510: 000 000 000 000 000 000 000 000 000 000 000 000 000 000 000 000
9520: 000 000 000 000 000 000 000 000 000 000 000 000 000 000 000 000
9530: 000 000 000 000 000 000 000 000 000 000 000 000 000 000 000 000
9540: 000 000 000 000 000 000 000 000 000 000 000 000 000 000 000 000
9550: 000 000 000 000 000 000 000 000 000 000 000 000 000 000 000 000
9560: 000 000 000 000 000 000 000 000 000 000 000 000 000 000 000 000
9570: 000 000 000 000 000 000 000 000 000 000 000 000 000 000 000 000
9580: 000 000 000 000 000 000 000 000 000 000 000 000 000 000 000 000
9590: 000 000 000 000 000 000 000 000 000 000 000 000 000 000 000 000
95a0: 000 000 000 000 000 000 000 000 000 000 000 000 000 000 000 000
95b0: 000 000 000 000 000 000 000 000 000 000 000 000 000 000 000 000
95c0: 000 000 000 000 000 000 000 000 000 000 000 000 000 000 000 000
95d0: 000 000 000 000 000 000 000 000 000 000 000 000 000 000 000 000
95e0: 000 000 000 000 000 000 000 000 000 000 000 000 000 000 000 000
95f0: 000 000 000 000 000 000 000 000 000 000 000 000 000 000 000 000
9600: 000 000 000 000 000 000 000 000 000 000 000 000 000 000 000 000
9610: 000 000 000 000 000 000 000 000 000 000 000 000 000 000 000 000
9620: 000 000 000 000 000 000 000 000 000 000 000 000 000 000 000 000
9630: 000 000 000 000 000 000 000 000 000 000 000 000 000 000 000 000
9640: 000 000 000 000 000 000 000 000 000 000 000 000 000 000 000 000
9650: 000 000 000 000 000 000 000 000 000 000 000 000 000 000 000 000
9660: 000 000 000 000 000 000 000 000 000 000 000 000 000 000 000 000
9670: 000 000 000 000 000 000 000 000 000 000 000 000 000 000 000 000
9680: 000 000 000 000 000 000 000 000 000 000 000 000 000 000 000 000
9690: 000 000 000 000 000 000 000 000 000 000 000 000 000 000 000 000
96a0: 000 000 000 000 000 000 000 000 000 000 000 000 000 000 000 000
96b0: 000 000 000 000 000 000 000 000 000 000 000 000 000 000 000 000
96c0: 000 000 000 000 000 000 000 000 000 000 000 000 000 000 000 000
96d0: 000 000 000 000 000 000 000 000 000 000 000 000 000 000 000 000
96e0: 000 000 000 000 000 000 000 000 000 000 000 000 000 000 000 000
96f0: 000 000 000 000 000 000 000 000 000 000 000 000 000 000 000 000
9700: 000 000 000 000 000 000 000 000 000 000 000 000 000 000 000 000
9710: 000 000 000 000 000 000 000 000 000 000 000 000 000 000 000 000
9720: 000 000 000 000 000 000 000 000 000 000 000 000 000 000 000 000
9730: 000 000 000 000 000 000 000 000 000 000 000 000 000 000 000 000
9740: 000 000 000 000 000 000 000 000 000 000 000 000 000 000 000 000
9750: 000 000 000 000 000 000 000 000 000 000 000 000 000 000 000 000
9760: 000 000 000 000 000 000 000 000 000 000 000 000 000 000 000 000
9770: 000 000 000 000 000 000 000 000 000 000 000 000 000 000 000 000
9780: 000 000 000 000 000 000 000 000 000 000 000 000 000 000 000 000
9790: 000 000 000 000 000 000 000 000 000 000 000 000 000 000 000 000
97a0: 000 000 000 000 000 000 000 000 000 000 000 000 000 000 000 000
97b0: 000 000 000 000 000 000 000 000 000 000 000 000 000 000 000 000
97c0: 000 000 000 000 000 000 000 000 000 000 000 000 000 000 000 000
97d0: 000 000 000 000 000 000 000 000 000 000 000 000 000 000 000 000
97e0: 000 000 000 000 000 000 000 000 000 000 000 000 000 000 000 000
97f0: 000 000 000 000 000 000 000 000 000 000 000 000 000 000 000 000
9800: 000 000 000 000 000 000 000 000 000 000 000 000 000 000 000 000
9810: 000 000 000 000 000 000 000 000 000 000 000 000 000 000 000 000
9820: 000 000 000 000 000 000 000 000 000 000 000 000 000 000 000 000
9830: 000 000 000 000 000 000 000 000 000 000 000 000 000 000 000 000
9840: 000 000 000 000 000 000 000 000 000 000 000 000 000 000 000 000
9850: 000 000 000 000 000 000 000 000 000 000 000 000 000 000 000 000
9860: 000 000 000 000 000 000 000 000 000 000 000 000 000 000 000 000
9870: 000 000 000 000 000 000 000 000 000 000 000 000 000 000 000 000
9880: 000 000 000 000 000 000 000 000 000 000 000 000 000 000 000 000
9890: 000 000 000 000 000 000 000 000 000 000 000 000 000 000 000 000
98a0: 000 000 000 000 000 000 000 000 000 000 000 000 000 000 000 000
98b0: 000 000 000 000 000 000 000 000 000 000 000 000 000 000 000 000
98c0: 000 000 000 000 000 000 000 000 000 000 000 000 000 000 000 000
98d0: 000 000 000 000 000 000 000 000 000 000 000 000 000 000 000 000
98e0: 000 000 000 000 000 000 000 000 000 000 000 000 000 000 000 000
98f0: 000 000 000 000 000 000 000 000 000 000 000 000 000 000 000 000
9900: 000 000 000 000 000 000 000 000 000 000 000 000 000 000 000 000
9910: 000 000 000 000 000 000 000 000 000 000 000 000 000 000 000 000
9920: 000 000 000 000 000 000 000 000 000 000 000 000 000 000 000 000
9930: 000 000 000 000 000 000 000 000 000 000 000 000 000 000 000 000
9940: 000 000 000 000 000 000 000 000 000 000 000 000 000 000 000 000
9950: 000 000 000 000 000 000 000 000 000 000 000 000 000 000 000 000
9960: 000 000 000 000 000 000 000 000 000 000 000 000 000 000 000 000
9970: 000 000 000 000 000 000 000 000 000 000 000 000 000 000 000 000
9980: 000 000 000 000 000 000 000 000 000 000 000 000 000 000 000 000
9990: 000 000 000 000 000 000 000 000 000 000 000 000 000 000 000 000
99a0: 000 000 000 000 000 000 000 000 000 000 000 000 000 000 000 000
99b0: 000 000 000 000 000 000 000 000 000 000 000 000 000 000 000 000
99c0: 000 000 000 000 000 000 000 000 000 000 000 000 000 000 000 000
99d0: 000 000 000 000 000 000 000 000 000 000 000 000 000 000 000 000
99e0: 000 000 000 000 000 000 000 000 000 000 000 000 000 000 000 000
99f0: 000 000 000 000 000 000 000 000 000 000 000 000 000 000 000 000
9a00: 000 000 000 000 000 000 000 000 000 000 000 000 000 000 000 000
9a10: 000 000 000 000 000 000 000 000 000 000 000 000 000 000 000 000
9a20: 000 000 000 000 000 000 000 000 000 000 000 000 000 000 000 000
9a30: 000 000 000 000 000 000 000 000 000 000 000 000 000 000 000 000
9a40: 000 000 000 000 000 000 000 000 000 000 000 000 000 000 000 000
9a50: 000 000 000 000 000 000 000 000 000 000 000 000 000 000 000 000
9a60: 000 000 000 000 000 000 000 000 000 000 000 000 000 000 000 000
9a70: 000 000 000 000 000 000 000 000 000 000 000 000 000 000 000 000
9a80: 000 000 000 000 000 000 000 000 000 000 000 000 000 000 000 000
9a90: 000 000 000 000 000 000 000 000 000 000 000 000 000 000 000 000
9aa0: 000 000 000 000 000 000 000 000 000 000 000 000 000 000 000 000
9ab0: 000 000 000 000 000 000 000 000 000 000 000 000 000 000 000 000
9ac0: 000 000 000 000 000 000 000 000 000 000 000 000 000 000 000 000
9ad0: 000 000 000 000 000 000 000 000 000 000 000 000 000 000 000 000
9ae0: 000 000 000 000 000 000 000 000 000 000 000 000 000 000 000 000
9af0: 000 000 000 000 000 000 000 000 000 000 000 000 000 000 000 000
9b00: 000 000 000 000 000 000 000 000 000 000 000 000 000 000 000 000
9b10: 000 000 000 000 000 000 000 000 000 000 000 000 000 000 000 000
9b20: 000 000 000 000 000 000 000 000 000 000 000 000 000 000 000 000
9b30: 000 000 000 000 000 000 000 000 000 000 000 000 000 000 000 000
9b40: 000 000 000 000 000 000 000 000 000 000 000 000 000 000 000 000
9b50: 000 000 000 000 000 000 000 000 000 000 000 000 000 000 000 000
9b60: 000 000 000 000 000 000 000 000 000 000 000 000 000 000 000 000
9b70: 000 000 000 000 000 000 000 000 000 000 000 000 000 000 000 000
9b80: 000 000 000 000 000 000 000 000 000 000 000 000 000 000 000 000
9b90: 000 000 000 000 000 000 000 000 000 000 000 000 000 000 000 000
9ba0: 000 000 000 000 000 000 000 000 000 000 000 000 000 000 000 000
9bb0: 000 000 000 000 000 000 000 000 000 000 000 000 000 000 000 000
9bc0: 000 000 000 000 000 000 000 000 000 000 000 000 000 000 000 000
9bd0: 000 000 000 000 000 000 000 000 000 000 000 000 000 000 000 000
9be0: 000 000 000 000 000 000 000 000 000 000 000 000 000 000 000 000
9bf0: 000 000 000 000 000 000 000 000 000 000 000 000 000 000 000 000
9c00: 000 000 000 000 000 000 000 000 000 000 000 000 000 000 000 000
9c10: 000 000 000 000 000 000 000 000 000 000 000 000 000 000 000 000
9c20: 000 000 000 000 000 000 000 000 000 000 000 000 000 000 000 000
9c30: 000 000 000 000 000 000 000 000 000 000 000 000 000 000 000 000
9c40: 000 000 000 000 000 000 000 000 000 000 000 000 000 000 000 000
9c50: 000 000 000 000 000 000 000 000 000 000 000 000 000 000 000 000
9c60: 000 000 000 000 000 000 000 000 000 000 000 000 000 000 000 000
9c70: 000 000 000 000 000 000 000 000 000 000 000 000 000 000 000 000
9c80: 000 000 000 000 000 000 000 000 000 000 000 000 000 000 000 000
9c90: 000 000 000 000 000 000 000 000 000 000 000 000 000 000 000 000
9ca0: 000 000 000 000 000 000 000 000 000 000 000 000 000 000 000 000
9cb0: 000 000 000 000 000 000 000 000 000 000 000 000 000 000 000 000
9cc0: 000 000 000 000 000 000 000 000 000 000 000 000 000 000 000 000
9cd0: 000 000 000 000 000 000 000 000 000 000 000 000 000 000 000 000
9ce0: 000 000 000 000 000 000 000 000 000 000 000 000 000 000 000 000
9cf0: 000 000 000 000 000 000 000 000 000 000 000 000 000 000 000 000
9d00: 000 000 000 000 000 000 000 000 000 000 000 000 000 000 000 000
9d10: 000 000 000 000 000 000 000 000 000 000 000 000 000 000 000 000
9d20: 000 000 000 000 000 000 000 000 000 000 000 000 000 000 000 000
9d30: 000 000 000 000 000 000 000 000 000 000 000 000 000 000 000 000
9d40: 000 000 000 000 000 000 000 000 000 000 000 000 000 000 000 000
9d50: 000 000 000 000 000 000 000 000 000 000 000 000 000 000 000 000
9d60: 000 000 000 000 000 000 000 000 000 000 000 000 000 000 000 000
9d70: 000 000 000 000 000 000 000 000 000 000 000 000 000 000 000 000
9d80: 000 000 000 000 000 000 000 000 000 000 000 000 000 000 000 000
9d90: 000 000 000 000 000 000 000 000 000 000 000 000 000 000 000 000
9da0: 000 000 000 000 000 000 000 000 000 000 000 000 000 000 000 000
9db0: 000 000 000 000 000 000 000 000 000 000 000 000 000 000 000 000
9dc0: 000 000 000 000 000 000 000 000 000 000 000 000 000 000 000 000
9dd0: 000 000 000 000 000 000 000 000 000 000 000 000 000 000 000 000
9de0: 000 000 000 000 000 000 000 000 000 000 000 000 000 000 000 000
9df0: 000 000 000 000 000 000 000 000 000 000 000 000 000 000 000 000
9e00: 000 000 000 000 000 000 000 000 000 000 000 000 000 000 000 000
9e10: 000 000 000 000 000 000 000 000 000 000 000 000 000 000 000 000
9e20: 000 000 000 000 000 000 000 000 000 000 000 000 000 000 000 000
9e30: 000 000 000 000 000 000 000 000 000 000 000 000 000 000 000 000
9e40: 000 000 000 000 000 000 000 000 000 000 000 000 000 000 000 000
9e50: 000 000 000 000 000 000 000 000 000 000 000 000 000 000 000 000
9e60: 000 000 000 000 000 000 000 000 000 000 000 000 000 000 000 000
9e70: 000 000 000 000 000 000 000 000 000 000 000 000 000 000 000 000
9e80: 000 000 000 000 000 000 000 000 000 000 000 000 000 000 000 000
9e90: 000 000 000 000 000 000 000 000 000 000 000 000 000 000 000 000
9ea0: 000 000 000 000 000 000 000 000 000 000 000 000 000 000 000 000
9eb0: 000 000 000 000 000 000 000 000 000 000 000 000 000 000 000 000
9ec0: 000 000 000 000 000 000 000 000 000 000 000 000 000 000 000 000
9ed0: 000 000 000 000 000 000 000 000 000 000 000 000 000 000 000 000
9ee0: 000 000 000 000 000 000 000 000 000 000 000 000 000 000 000 000
9ef0: 000 000 000 000 000 000 000 000 000 000 000 000 000 000 000 000
9f00: 000 000 000 000 000 000 000 000 000 000 000 000 000 000 000 000
9f10: 000 000 000 000 000 000 000 000 000 000 000 000 000 000 000 000
9f20: 000 000 000 000 000 000 000 000 000 000 000 000 000 000 000 000
9f30: 000 000 000 000 000 000 000 000 000 000 000 000 000 000 000 000
9f40: 000 000 000 000 000 000 000 000 000 000 000 000 000 000 000 000
9f50: 000 000 000 000 000 000 000 000 000 000 000 000 000 000 000 000
9f60: 000 000 000 000 000 000 000 000 000 000 000 000 000 000 000 000
9f70: 000 000 000 000 000 000 000 000 000 000 000 000 000 000 000 000
9f80: 000 000 000 000 000 000 000 000 000 000 000 000 000 000 000 000
9f90: 000 000 000 000 000 000 000 000 000 000 000 000 000 000 000 000
9fa0: 000 000 000 000 000 000 000 000 000 000 000 000 000 000 000 000
9fb0: 000 000 000 000 000 000 000 000 000 000 000 000 000 000 000 000
9fc0: 000 000 000 000 000 000 000 000 000 000 000 000 000 000 000 000
9fd0: 000 000 000 000 000 000 000 000 000 000 000 000 000 000 000 000
9fe0: 000 000 000 000 000 000 000 000 000 000 000 000 000 000 000 000
9ff0: 000 000 000 000 000 000 000 000 000 000 000 000 000 000 000 000
a000: 000 000 000 000 000 000 000 000 000 000 000 000 000 000 000 000
a010: 000 000 000 000 000 000 000 000 000 000 000 000 000 000 000 000
a020: 000 000 000 000 000 000 000 000 000 000 000 000 000 000 000 000
a030: 000 000 000 000 000 000 000 000 000 000 000 000 000 000 000 000
a040: 000 000 000 000 000 000 000 000 000 000 000 000 000 000 000 000
a050: 000 000 000 000 000 000 000 000 000 000 000 000 000 000 000 000
a060: 000 000 000 000 000 000 000 000 000 000 000 000 000 000 000 000
a070: 000 000 000 000 000 000 000 000 000 000 000 000 000 000 000 000
a080: 000 000 000 000 000 000 000 000 000 000 000 000 000 000 000 000
a090: 000 000 000 000 000 000 000 000 000 000 000 000 000 000 000 000
a0a0: 000 000 000 000 000 000 000 000 000 000 000 000 000 000 000 000
a0b0: 000 000 000 000 000 000 000 000 000 000 000 000 000 000 000 000
a0c0: 000 000 000 000 000 000 000 000 000 000 000 000 000 000 000 000
a0d0: 000 000 000 000 000 000 000 000 000 000 000 000 000 000 000 000
a0e0: 000 000 000 000 000 000 000 000 000 000 000 000 000 000 000 000
a0f0: 000 000 000 000 000 000 000 000 000 000 000 000 000 000 000 000
a100: 000 000 000 000 000 000 000 000 000 000 000 000 000 000 000 000
a110: 000 000 000 000 000 000 000 000 000 000 000 000 000 000 000 000
a120: 000 000 000 000 000 000 000 000 000 000 000 000 000 000 000 000
a130: 000 000 000 000 000 000 000 000 000 000 000 000 000 000 000 000
a140: 000 000 000 000 000 000 000 000 000 000 000 000 000 000 000 000
a150: 000 000 000 000 000 000 000 000 000 000 000 000 000 000 000 000
a160: 000 000 000 000 000 000 000 000 000 000 000 000 000 000 000 000
a170: 000 000 000 000 000 000 000 000 000 000 000 000 000 000 000 000
a180: 000 000 000 000 000 000 000 000 000 000 000 000 000 000 000 000
a190: 000 000 000 000 000 000 000 000 000 000 000 000 000 000 000 000
a1a0: 000 000 000 000 000 000 000 000 000 000 000 000 000 000 000 000
a1b0: 000 000 000 000 000 000 000 000 000 000 000 000 000 000 000 000
a1c0: 000 000 000 000 000 000 000 000 000 000 000 000 000 000 000 000
a1d0: 000 000 000 000 000 000 000 000 000 000 000 000 000 000 000 000
a1e0: 000 000 000 000 000 000 000 000 000 000 000 000 000 000 000 000
a1f0: 000 000 000 000 000 000 000 000 000 000 000 000 000 000 000 000
a200: 000 000 000 000 000 000 000 000 000 000 000 000 000 000 000 000
a210: 000 000 000 000 000 000 000 000 000 000 000 000 000 000 000 000
a220: 000 000 000 000 000 000 000 000 000 000 000 000 000 000 000 000
a230: 000 000 000 000 000 000 000 000 000 000 000 000 000 000 000 000
a240: 000 000 000 000 000 000 000 000 000 000 000 000 000 000 000 000
a250: 000 000 000 000 000 000 000 000 000 000 000 000 000 000 000 000
a260: 000 000 000 000 000 000 000 000 000 000 000 000 000 000 000 000
a270: 000 000 000 000 000 000 000 000 000 000 000 000 000 000 000 000
a280: 000 000 000 000 000 000 000 000 000 000 000 000 000 000 000 000
a290: 000 000 000 000 000 000 000 000 000 000 000 000 000 000 000 000
a2a0: 000 000 000 000 000 000 000 000 000 000 000 000 000 000 000 000
a2b0: 000 000 000 000 000 000 000 000 000 000 000 000 000 000 000 000
a2c0: 000 000 000 000 000 000 000 000 000 000 000 000 000 000 000 000
a2d0: 000 000 000 000 000 000 000 000 000 000 000 000 000 000 000 000
a2e0: 000 000 000 000 000 000 000 000 000 000 000 000 000 000 000 000
a2f0: 000 000 000 000 000 000 000 000 000 000 000 000 000 000 000 000
a300: 000 000 000 000 000 000 000 000 000 000 000 000 000 000 000 000
a310: 000 000 000 000 000 000 000 000 000 000 000 000 000 000 000 000
a320: 000 000 000 000 000 000 000 000 000 000 000 000 000 000 000 000
a330: 000 000 000 000 000 000 000 000 000 000 000 000 000 000 000 000
a340: 000 000 000 000 000 000 000 000 000 000 000 000 000 000 000 000
a350: 000 000 000 000 000 000 000 000 000 000 000 000 000 000 000 000
a360: 000 000 000 000 000 000 000 000 000 000 000 000 000 000 000 000
a370: 000 000 000 000 000 000 000 000 000 000 000 000 000 000 000 000
a380: 000 000 000 000 000 000 000 000 000 000 000 000 000 000 000 000
a390: 000 000 000 000 000 000 000 000 000 000 000 000 000 000 000 000
a3a0: 000 000 000 000 000 000 000 000 000 000 000 000 000 000 000 000
a3b0: 000 000 000 000 000 000 000 000 000 000 000 000 000 000 000 000
a3c0: 000 000 000 000 000 000 000 000 000 000 000 000 000 000 000 000
a3d0: 000 000 000 000 000 000 000 000 000 000 000 000 000 000 000 000
a3e0: 000 000 000 000 000 000 000 000 000 000 000 000 000 000 000 000
a3f0: 000 000 000 000 000 000 000 000 000 000 000 000 000 000 000 000
a400: 000 000 000 000 000 000 000 000 000 000 000 000 000 000 000 000
a410: 000 000 000 000 000 000 000 000 000 000 000 000 000 000 000 000
a420: 000 000 000 000 000 000 000 000 000 000 000 000 000 000 000 000
a430: 000 000 000 000 000 000 000 000 000 000 000 000 000 000 000 000
a440: 000 000 000 000 000 000 000 000 000 000 000 000 000 000 000 000
a450: 000 000 000 000 000 000 000 000 000 000 000 000 000 000 000 000
a460: 000 000 000 000 000 000 000 000 000 000 000 000 000 000 000 000
a470: 000 000 000 000 000 000 000 000 000 000 000 000 000 000 000 000
a480: 000 000 000 000 000 000 000 000 000 000 000 000 000 000 000 000
a490: 000 000 000 000 000 000 000 000 000 000 000 000 000 000 000 000
a4a0: 000 000 000 000 000 000 000 000 000 000 000 000 000 000 000 000
a4b0: 000 000 000 000 000 000 000 000 000 000 000 000 000 000 000 000
a4c0: 000 000 000 000 000 000 000 000 000 000 000 000 000 000 000 000
a4d0: 000 000 000 000 000 000 000 000 000 000 000 000 000 000 000 000
a4e0: 000 000 000 000 000 000 000 000 000 000 000 000 000 000 000 000
a4f0: 000 000 000 000 000 000 000 000 000 000 000 000 000 000 000 000
a500: 000 000 000 000 000 000 000 000 000 000 000 000 000 000 000 000
a510: 000 000 000 000 000 000 000 000 000 000 000 000 000 000 000 000
a520: 000 000 000 000 000 000 000 000 000 000 000 000 000 000 000 000
a530: 000 000 000 000 000 000 000 000 000 000 000 000 000 000 000 000
a540: 000 000 000 000 000 000 000 000 000 000 000 000 000 000 000 000
a550: 000 000 000 000 000 000 000 000 000 000 000 000 000 000 000 000
a560: 000 000 000 000 000 000 000 000 000 000 000 000 000 000 000 000
a570: 000 000 000 000 000 000 000 000 000 000 000 000 000 000 000 000
a580: 000 000 000 000 000 000 000 000 000 000 000 000 000 000 000 000
a590: 000 000 000 000 000 000 000 000 000 000 000 000 000 000 000 000
a5a0: 000 000 000 000 000 000 000 000 000 000 000 000 000 000 000 000
a5b0: 000 000 000 000 000 000 000 000 000 000 000 000 000 000 000 000
a5c0: 000 000 000 000 000 000 000 000 000 000 000 000 000 000 000 000
a5d0: 000 000 000 000 000 000 000 000 000 000 000 000 000 000 000 000
a5e0: 000 000 000 000 000 000 000 000 000 000 000 000 000 000 000 000
a5f0: 000 000 000 000 000 000 000 000 000 000 000 000 000 000 000 000
a600: 000 000 000 000 000 000 000 000 000 000 000 000 000 000 000 000
a610: 000 000 000 000 000 000 000 000 000 000 000 000 000 000 000 000
a620: 000 000 000 000 000 000 000 000 000 000 000 000 000 000 000 000
a630: 000 000 000 000 000 000 000 000 000 000 000 000 000 000 000 000
a640: 000 000 000 000 000 000 000 000 000 000 000 000 000 000 000 000
a650: 000 000 000 000 000 000 000 000 000 000 000 000 000 000 000 000
a660: 000 000 000 000 000 000 000 000 000 000 000 000 000 000 000 000
a670: 000 000 000 000 000 000 000 000 000 000 000 000 000 000 000 000
a680: 000 000 000 000 000 000 000 000 000 000 000 000 000 000 000 000
a690: 000 000 000 000 000 000 000 000 000 000 000 000 000 000 000 000
a6a0: 000 000 000 000 000 000 000 000 000 000 000 000 000 000 000 000
a6b0: 000 000 000 000 000 000 000 000 000 000 000 000 000 000 000 000
a6c0: 000 000 000 000 000 000 000 000 000 000 000 000 000 000 000 000
a6d0: 000 000 000 000 000 000 000 000 000 000 000 000 000 000 000 000
a6e0: 000 000 000 000 000 000 000 000 000 000 000 000 000 000 000 000
a6f0: 000 000 000 000 000 000 000 000 000 000 000 000 000 000 000 000
a700: 000 000 000 000 000 000 000 000 000 000 000 000 000 000 000 000
a710: 000 000 000 000 000 000 000 000 000 000 000 000 000 000 000 000
a720: 000 000 000 000 000 000 000 000 000 000 000 000 000 000 000 000
a730: 000 000 000 000 000 000 000 000 000 000 000 000 000 000 000 000
a740: 000 000 000 000 000 000 000 000 000 000 000 000 000 000 000 000
a750: 000 000 000 000 000 000 000 000 000 000 000 000 000 000 000 000
a760: 000 000 000 000 000 000 000 000 000 000 000 000 000 000 000 000
a770: 000 000 000 000 000 000 000 000 000 000 000 000 000 000 000 000
a780: 000 000 000 000 000 000 000 000 000 000 000 000 000 000 000 000
a790: 000 000 000 000 000 000 000 000 000 000 000 000 000 000 000 000
a7a0: 000 000 000 000 000 000 000 000 000 000 000 000 000 000 000 000
a7b0: 000 000 000 000 000 000 000 000 000 000 000 000 000 000 000 000
a7c0: 000 000 000 000 000 000 000 000 000 000 000 000 000 000 000 000
a7d0: 000 000 000 000 000 000 000 000 000 000 000 000 000 000 000 000
a7e0: 000 000 000 000 000 000 000 000 000 000 000 000 000 000 000 000
a7f0: 000 000 000 000 000 000 000 000 000 000 000 000 000 000 000 000
a800: 000 000 000 000 000 000 000 000 000 000 000 000 000 000 000 000
a810: 000 000 000 000 000 000 000 000 000 000 000 000 000 000 000 000
a820: 000 000 000 000 000 000 000 000 000 000 000 000 000 000 000 000
a830: 000 000 000 000 000 000 000 000 000 000 000 000 000 000 000 000
a840: 000 000 000 000 000 000 000 000 000 000 000 000 000 000 000 000
a850: 000 000 000 000 000 000 000 000 000 000 000 000 000 000 000 000
a860: 000 000 000 000 000 000 000 000 000 000 000 000 000 000 000 000
a870: 000 000 000 000 000 000 000 000 000 000 000 000 000 000 000 000
a880: 000 000 000 000 000 000 000 000 000 000 000 000 000 000 000 000
a890: 000 000 000 000 000 000 000 000 000 000 000 000 000 000 000 000
a8a0: 000 000 000 000 000 000 000 000 000 000 000 000 000 000 000 000
a8b0: 000 000 000 000 000 000 000 000 000 000 000 000 000 000 000 000
a8c0: 000 000 000 000 000 000 000 000 000 000 000 000 000 000 000 000
a8d0: 000 000 000 000 000 000 000 000 000 000 000 000 000 000 000 000
a8e0: 000 000 000 000 000 000 000 000 000 000 000 000 000 000 000 000
a8f0: 000 000 000 000 000 000 000 000 000 000 000 000 000 000 000 000
a900: 000 000 000 000 000 000 000 000 000 000 000 000 000 000 000 000
a910: 000 000 000 000 000 000 000 000 000 000 000 000 000 000 000 000
a920: 000 000 000 000 000 000 000 000 000 000 000 000 000 000 000 000
a930: 000 000 000 000 000 000 000 000 000 000 000 000 000 000 000 000
a940: 000 000 000 000 000 000 000 000 000 000 000 000 000 000 000 000
a950: 000 000 000 000 000 000 000 000 000 000 000 000 000 000 000 000
a960: 000 000 000 000 000 000 000 000 000 000 000 000 000 000 000 000
a970: 000 000 000 000 000 000 000 000 000 000 000 000 000 000 000 000
a980: 000 000 000 000 000 000 000 000 000 000 000 000 000 000 000 000
a990: 000 000 000 000 000 000 000 000 000 000 000 000 000 000 000 000
a9a0: 000 000 000 000 000 000 000 000 000 000 000 000 000 000 000 000
a9b0: 000 000 000 000 000 000 000 000 000 000 000 000 000 000 000 000
a9c0: 000 000 000 000 000 000 000 000 000 000 000 000 000 000 000 000
a9d0: 000 000 000 000 000 000 000 000 000 000 000 000 000 000 000 000
a9e0: 000 000 000 000 000 000 000 000 000 000 000 000 000 000 000 000
a9f0: 000 000 000 000 000 000 000 000 000 000 000 000 000 000 000 000
aa00: 000 000 000 000 000 000 000 000 000 000 000 000 000 000 000 000
aa10: 000 000 000 000 000 000 000 000 000 000 000 000 000 000 000 000
aa20: 000 000 000 000 000 000 000 000 000 000 000 000 000 000 000 000
aa30: 000 000 000 000 000 000 000 000 000 000 000 000 000 000 000 000
aa40: 000 000 000 000 000 000 000 000 000 000 000 000 000 000 000 000
aa50: 000 000 000 000 000 000 000 000 000 000 000 000 000 000 000 000
aa60: 000 000 000 000 000 000 000 000 000 000 000 000 000 000 000 000
aa70: 000 000 000 000 000 000 000 000 000 000 000 000 000 000 000 000
aa80: 000 000 000 000 000 000 000 000 000 000 000 000 000 000 000 000
aa90: 000 000 000 000 000 000 000 000 000 000 000 000 000 000 000 000
aaa0: 000 000 000 000 000 000 000 000 000 000 000 000 000 000 000 000
aab0: 000 000 000 000 000 000 000 000 000 000 000 000 000 000 000 000
aac0: 000 000 000 000 000 000 000 000 000 000 000 000 000 000 000 000
aad0: 000 000 000 000 000 000 000 000 000 000 000 000 000 000 000 000
aae0: 000 000 000 000 000 000 000 000 000 000 000 000 000 000 000 000
aaf0: 000 000 000 000 000 000 000 000 000 000 000 000 000 000 000 000
ab00: 000 000 000 000 000 000 000 000 000 000 000 000 000 000 000 000
ab10: 000 000 000 000 000 000 000 000 000 000 000 000 000 000 000 000
ab20: 000 000 000 000 000 000 000 000 000 000 000 000 000 000 000 000
ab30: 000 000 000 000 000 000 000 000 000 000 000 000 000 000 000 000
ab40: 000 000 000 000 000 000 000 000 000 000 000 000 000 000 000 000
ab50: 000 000 000 000 000 000 000 000 000 000 000 000 000 000 000 000
ab60: 000 000 000 000 000 000 000 000 000 000 000 000 000 000 000 000
ab70: 000 000 000 000 000 000 000 000 000 000 000 000 000 000 000 000
ab80: 000 000 000 000 000 000 000 000 000 000 000 000 000 000 000 000
ab90: 000 000 000 000 000 000 000 000 000 000 000 000 000 000 000 000
aba0: 000 000 000 000 000 000 000 000 000 000 000 000 000 000 000 000
abb0: 000 000 000 000 000 000 000 000 000 000 000 000 000 000 000 000
abc0: 000 000 000 000 000 000 000 000 000 000 000 000 000 000 000 000
abd0: 000 000 000 000 000 000 000 000 000 000 000 000 000 000 000 000
abe0: 000 000 000 000 000 000 000 000 000 000 000 000 000 000 000 000
abf0: 000 000 000 000 000 000 000 000 000 000 000 000 000 000 000 000
ac00: 000 000 000 000 000 000 000 000 000 000 000 000 000 000 000 000
ac10: 000 000 000 000 000 000 000 000 000 000 000 000 000 000 000 000
ac20: 000 000 000 000 000 000 000 000 000 000 000 000 000 000 000 000
ac30: 000 000 000 000 000 000 000 000 000 000 000 000 000 000 000 000
ac40: 000 000 000 000 000 000 000 000 000 000 000 000 000 000 000 000
ac50: 000 000 000 000 000 000 000 000 000 000 000 000 000 000 000 000
ac60: 000 000 000 000 000 000 000 000 000 000 000 000 000 000 000 000
ac70: 000 000 000 000 000 000 000 000 000 000 000 000 000 000 000 000
ac80: 000 000 000 000 000 000 000 000 000 000 000 000 000 000 000 000
ac90: 000 000 000 000 000 000 000 000 000 000 000 000 000 000 000 000
aca0: 000 000 000 000 000 000 000 000 000 000 000 000 000 000 000 000
acb0: 000 000 000 000 000 000 000 000 000 000 000 000 000 000 000 000
acc0: 000 000 000 000 000 000 000 000 000 000 000 000 000 000 000 000
acd0: 000 000 000 000 000 000 000 000 000 000 000 000 000 000 000 000
ace0: 000 000 000 000 000 000 000 000 000 000 000 000 000 000 000 000
acf0: 000 000 000 000 000 000 000 000 000 000 000 000 000 000 000 000
ad00: 000 000 000 000 000 000 000 000 000 000 000 000 000 000 000 000
ad10: 000 000 000 000 000 000 000 000 000 000 000 000 000 000 000 000
ad20: 000 000 000 000 000 000 000 000 000 000 000 000 000 000 000 000
ad30: 000 000 000 000 000 000 000 000 000 000 000 000 000 000 000 000
ad40: 000 000 000 000 000 000 000 000 000 000 000 000 000 000 000 000
ad50: 000 000 000 000 000 000 000 000 000 000 000 000 000 000 000 000
ad60: 000 000 000 000 000 000 000 000 000 000 000 000 000 000 000 000
ad70: 000 000 000 000 000 000 000 000 000 000 000 000 000 000 000 000
ad80: 000 000 000 000 000 000 000 000 000 000 000 000 000 000 000 000
ad90: 000 000 000 000 000 000 000 000 000 000 000 000 000 000 000 000
ada0: 000 000 000 000 000 000 000 000 000 000 000 000 000 000 000 000
adb0: 000 000 000 000 000 000 000 000 000 000 000 000 000 000 000 000
adc0: 000 000 000 000 000 000 000 000 000 000 000 000 000 000 000 000
add0: 000 000 000 000 000 000 000 000 000 000 000 000 000 000 000 000
ade0: 000 000 000 000 000 000 000 000 000 000 000 000 000 000 000 000
adf0: 000 000 000 000 000 000 000 000 000 000 000 000 000 000 000 000
ae00: 000 000 000 000 000 000 000 000 000 000 000 000 000 000 000 000
ae10: 000 000 000 000 000 000 000 000 000 000 000 000 000 000 000 000
ae20: 000 000 000 000 000 000 000 000 000 000 000 000 000 000 000 000
ae30: 000 000 000 000 000 000 000 000 000 000 000 000 000 000 000 000
ae40: 000 000 000 000 000 000 000 000 000 000 000 000 000 000 000 000
ae50: 000 000 000 000 000 000 000 000 000 000 000 000 000 000 000 000
ae60: 000 000 000 000 000 000 000 000 000 000 000 000 000 000 000 000
ae70: 000 000 000 000 000 000 000 000 000 000 000 000 000 000 000 000
ae80: 000 000 000 000 000 000 000 000 000 000 000 000 000 000 000 000
ae90: 000 000 000 000 000 000 000 000 000 000 000 000 000 000 000 000
aea0: 000 000 000 000 000 000 000 000 000 000 000 000 000 000 000 000
aeb0: 000 000 000 000 000 000 000 000 000 000 000 000 000 000 000 000
aec0: 000 000 000 000 000 000 000 000 000 000 000 000 000 000 000 000
aed0: 000 000 000 000 000 000 000 000 000 000 000 000 000 000 000 000
aee0: 000 000 000 000 000 000 000 000 000 000 000 000 000 000 000 000
aef0: 000 000 000 000 000 000 000 000 000 000 000 000 000 000 000 000
af00: 000 000 000 000 000 000 000 000 000 000 000 000 000 000 000 000
af10: 000 000 000 000 000 000 000 000 000 000 000 000 000 000 000 000
af20: 000 000 000 000 000 000 000 000 000 000 000 000 000 000 000 000
af30: 000 000 000 000 000 000 000 000 000 000 000 000 000 000 000 000
af40: 000 000 000 000 000 000 000 000 000 000 000 000 000 000 000 000
af50: 000 000 000 000 000 000 000 000 000 000 000 000 000 000 000 000
af60: 000 000 000 000 000 000 000 000 000 000 000 000 000 000 000 000
af70: 000 000 000 000 000 000 000 000 000 000 000 000 000 000 000 000
af80: 000 000 000 000 000 000 000 000 000 000 000 000 000 000 000 000
af90: 000 000 000 000 000 000 000 000 000 000 000 000 000 000 000 000
afa0: 000 000 000 000 000 000 000 000 000 000 000 000 000 000 000 000
afb0: 000 000 000 000 000 000 000 000 000 000 000 000 000 000 000 000
afc0: 000 000 000 000 000 000 000 000 000 000 000 000 000 000 000 000
afd0: 000 000 000 000 000 000 000 000 000 000 000 000 000 000 000 000
afe0: 000 000 000 000 000 000 000 000 000 000 000 000 000 000 000 000
aff0: 000 000 000 000 000 000 000 000 000 000 000 000 000 000 000 000
b000: 000 000 000 000 000 000 000 000 000 000 000 000 000 000 000 000
b010: 000 000 000 000 000 000 000 000 000 000 000 000 000 000 000 000
b020: 000 000 000 000 000 000 000 000 000 000 000 000 000 000 000 000
b030: 000 000 000 000 000 000 000 000 000 000 000 000 000 000 000 000
b040: 000 000 000 000 000 000 000 000 000 000 000 000 000 000 000 000
b050: 000 000 000 000 000 000 000 000 000 000 000 000 000 000 000 000
b060: 000 000 000 000 000 000 000 000 000 000 000 000 000 000 000 000
b070: 000 000 000 000 000 000 000 000 000 000 000 000 000 000 000 000
b080: 000 000 000 000 000 000 000 000 000 000 000 000 000 000 000 000
b090: 000 000 000 000 000 000 000 000 000 000 000 000 000 000 000 000
b0a0: 000 000 000 000 000 000 000 000 000 000 000 000 000 000 000 000
b0b0: 000 000 000 000 000 000 000 000 000 000 000 000 000 000 000 000
b0c0: 000 000 000 000 000 000 000 000 000 000 000 000 000 000 000 000
b0d0: 000 000 000 000 000 000 000 000 000 000 000 000 000 000 000 000
b0e0: 000 000 000 000 000 000 000 000 000 000 000 000 000 000 000 000
b0f0: 000 000 000 000 000 000 000 000 000 000 000 000 000 000 000 000
b100: 000 000 000 000 000 000 000 000 000 000 000 000 000 000 000 000
b110: 000 000 000 000 000 000 000 000 000 000 000 000 000 000 000 000
b120: 000 000 000 000 000 000 000 000 000 000 000 000 000 000 000 000
b130: 000 000 000 000 000 000 000 000 000 000 000 000 000 000 000 000
b140: 000 000 000 000 000 000 000 000 000 000 000 000 000 000 000 000
b150: 000 000 000 000 000 000 000 000 000 000 000 000 000 000 000 000
b160: 000 000 000 000 000 000 000 000 000 000 000 000 000 000 000 000
b170: 000 000 000 000 000 000 000 000 000 000 000 000 000 000 000 000
b180: 000 000 000 000 000 000 000 000 000 000 000 000 000 000 000 000
b190: 000 000 000 000 000 000 000 000 000 000 000 000 000 000 000 000
b1a0: 000 000 000 000 000 000 000 000 000 000 000 000 000 000 000 000
b1b0: 000 000 000 000 000 000 000 000 000 000 000 000 000 000 000 000
b1c0: 000 000 000 000 000 000 000 000 000 000 000 000 000 000 000 000
b1d0: 000 000 000 000 000 000 000 000 000 000 000 000 000 000 000 000
b1e0: 000 000 000 000 000 000 000 000 000 000 000 000 000 000 000 000
b1f0: 000 000 000 000 000 000 000 000 000 000 000 000 000 000 000 000
b200: 000 000 000 000 000 000 000 000 000 000 000 000 000 000 000 000
b210: 000 000 000 000 000 000 000 000 000 000 000 000 000 000 000 000
b220: 000 000 000 000 000 000 000 000 000 000 000 000 000 000 000 000
b230: 000 000 000 000 000 000 000 000 000 000 000 000 000 000 000 000
b240: 000 000 000 000 000 000 000 000 000 000 000 000 000 000 000 000
b250: 000 000 000 000 000 000 000 000 000 000 000 000 000 000 000 000
b260: 000 000 000 000 000 000 000 000 000 000 000 000 000 000 000 000
b270: 000 000 000 000 000 000 000 000 000 000 000 000 000 000 000 000
b280: 000 000 000 000 000 000 000 000 000 000 000 000 000 000 000 000
b290: 000 000 000 000 000 000 000 000 000 000 000 000 000 000 000 000
b2a0: 000 000 000 000 000 000 000 000 000 000 000 000 000 000 000 000
b2b0: 000 000 000 000 000 000 000 000 000 000 000 000 000 000 000 000
b2c0: 000 000 000 000 000 000 000 000 000 000 000 000 000 000 000 000
b2d0: 000 000 000 000 000 000 000 000 000 000 000 000 000 000 000 000
b2e0: 000 000 000 000 000 000 000 000 000 000 000 000 000 000 000 000
b2f0: 000 000 000 000 000 000 000 000 000 000 000 000 000 000 000 000
b300: 000 000 000 000 000 000 000 000 000 000 000 000 000 000 000 000
b310: 000 000 000 000 000 000 000 000 000 000 000 000 000 000 000 000
b320: 000 000 000 000 000 000 000 000 000 000 000 000 000 000 000 000
b330: 000 000 000 000 000 000 000 000 000 000 000 000 000 000 000 000
b340: 000 000 000 000 000 000 000 000 000 000 000 000 000 000 000 000
b350: 000 000 000 000 000 000 000 000 000 000 000 000 000 000 000 000
b360: 000 000 000 000 000 000 000 000 000 000 000 000 000 000 000 000
b370: 000 000 000 000 000 000 000 000 000 000 000 000 000 000 000 000
b380: 000 000 000 000 000 000 000 000 000 000 000 000 000 000 000 000
b390: 000 000 000 000 000 000 000 000 000 000 000 000 000 000 000 000
b3a0: 000 000 000 000 000 000 000 000 000 000 000 000 000 000 000 000
b3b0: 000 000 000 000 000 000 000 000 000 000 000 000 000 000 000 000
b3c0: 000 000 000 000 000 000 000 000 000 000 000 000 000 000 000 000
b3d0: 000 000 000 000 000 000 000 000 000 000 000 000 000 000 000 000
b3e0: 000 000 000 000 000 000 000 000 000 000 000 000 000 000 000 000
b3f0: 000 000 000 000 000 000 000 000 000 000 000 000 000 000 000 000
b400: 000 000 000 000 000 000 000 000 000 000 000 000 000 000 000 000
b410: 000 000 000 000 000 000 000 000 000 000 000 000 000 000 000 000
b420: 000 000 000 000 000 000 000 000 000 000 000 000 000 000 000 000
b430: 000 000 000 000 000 000 000 000 000 000 000 000 000 000 000 000
b440: 000 000 000 000 000 000 000 000 000 000 000 000 000 000 000 000
b450: 000 000 000 000 000 000 000 000 000 000 000 000 000 000 000 000
b460: 000 000 000 000 000 000 000 000 000 000 000 000 000 000 000 000
b470: 000 000 000 000 000 000 000 000 000 000 000 000 000 000 000 000
b480: 000 000 000 000 000 000 000 000 000 000 000 000 000 000 000 000
b490: 000 000 000 000 000 000 000 000 000 000 000 000 000 000 000 000
b4a0: 000 000 000 000 000 000 000 000 000 000 000 000 000 000 000 000
b4b0: 000 000 000 000 000 000 000 000 000 000 000 000 000 000 000 000
b4c0: 000 000 000 000 000 000 000 000 000 000 000 000 000 000 000 000
b4d0: 000 000 000 000 000 000 000 000 000 000 000 000 000 000 000 000
b4e0: 000 000 000 000 000 000 000 000 000 000 000 000 000 000 000 000
b4f0: 000 000 000 000 000 000 000 000 000 000 000 000 000 000 000 000
b500: 000 000 000 000 000 000 000 000 000 000 000 000 000 000 000 000
b510: 000 000 000 000 000 000 000 000 000 000 000 000 000 000 000 000
b520: 000 000 000 000 000 000 000 000 000 000 000 000 000 000 000 000
b530: 000 000 000 000 000 000 000 000 000 000 000 000 000 000 000 000
b540: 000 000 000 000 000 000 000 000 000 000 000 000 000 000 000 000
b550: 000 000 000 000 000 000 000 000 000 000 000 000 000 000 000 000
b560: 000 000 000 000 000 000 000 000 000 000 000 000 000 000 000 000
b570: 000 000 000 000 000 000 000 000 000 000 000 000 000 000 000 000
b580: 000 000 000 000 000 000 000 000 000 000 000 000 000 000 000 000
b590: 000 000 000 000 000 000 000 000 000 000 000 000 000 000 000 000
b5a0: 000 000 000 000 000 000 000 000 000 000 000 000 000 000 000 000
b5b0: 000 000 000 000 000 000 000 000 000 000 000 000 000 000 000 000
b5c0: 000 000 000 000 000 000 000 000 000 000 000 000 000 000 000 000
b5d0: 000 000 000 000 000 000 000 000 000 000 000 000 000 000 000 000
b5e0: 000 000 000 000 000 000 000 000 000 000 000 000 000 000 000 000
b5f0: 000 000 000 000 000 000 000 000 000 000 000 000 000 000 000 000
b600: 000 000 000 000 000 000 000 000 000 000 000 000 000 000 000 000
b610: 000 000 000 000 000 000 000 000 000 000 000 000 000 000 000 000
b620: 000 000 000 000 000 000 000 000 000 000 000 000 000 000 000 000
b630: 000 000 000 000 000 000 000 000 000 000 000 000 000 000 000 000
b640: 000 000 000 000 000 000 000 000 000 000 000 000 000 000 000 000
b650: 000 000 000 000 000 000 000 000 000 000 000 000 000 000 000 000
b660: 000 000 000 000 000 000 000 000 000 000 000 000 000 000 000 000
b670: 000 000 000 000 000 000 000 000 000 000 000 000 000 000 000 000
b680: 000 000 000 000 000 000 000 000 000 000 000 000 000 000 000 000
b690: 000 000 000 000 000 000 000 000 000 000 000 000 000 000 000 000
b6a0: 000 000 000 000 000 000 000 000 000 000 000 000 000 000 000 000
b6b0: 000 000 000 000 000 000 000 000 000 000 000 000 000 000 000 000
b6c0: 000 000 000 000 000 000 000 000 000 000 000 000 000 000 000 000
b6d0: 000 000 000 000 000 000 000 000 000 000 000 000 000 000 000 000
b6e0: 000 000 000 000 000 000 000 000 000 000 000 000 000 000 000 000
b6f0: 000 000 000 000 000 000 000 000 000 000 000 000 000 000 000 000
b700: 000 000 000 000 000 000 000 000 000 000 000 000 000 000 000 000
b710: 000 000 000 000 000 000 000 000 000 000 000 000 000 000 000 000
b720: 000 000 000 000 000 000 000 000 000 000 000 000 000 000 000 000
b730: 000 000 000 000 000 000 000 000 000 000 000 000 000 000 000 000
b740: 000 000 000 000 000 000 000 000 000 000 000 000 000 000 000 000
b750: 000 000 000 000 000 000 000 000 000 000 000 000 000 000 000 000
b760: 000 000 000 000 000 000 000 000 000 000 000 000 000 000 000 000
b770: 000 000 000 000 000 000 000 000 000 000 000 000 000 000 000 000
b780: 000 000 000 000 000 000 000 000 000 000 000 000 000 000 000 000
b790: 000 000 000 000 000 000 000 000 000 000 000 000 000 000 000 000
b7a0: 000 000 000 000 000 000 000 000 000 000 000 000 000 000 000 000
b7b0: 000 000 000 000 000 000 000 000 000 000 000 000 000 000 000 000
b7c0: 000 000 000 000 000 000 000 000 000 000 000 000 000 000 000 000
b7d0: 000 000 000 000 000 000 000 000 000 000 000 000 000 000 000 000
b7e0: 000 000 000 000 000 000 000 000 000 000 000 000 000 000 000 000
b7f0: 000 000 000 000 000 000 000 000 000 000 000 000 000 000 000 000
b800: 000 000 000 000 000 000 000 000 000 000 000 000 000 000 000 000
b810: 000 000 000 000 000 000 000 000 000 000 000 000 000 000 000 000
b820: 000 000 000 000 000 000 000 000 000 000 000 000 000 000 000 000
b830: 000 000 000 000 000 000 000 000 000 000 000 000 000 000 000 000
b840: 000 000 000 000 000 000 000 000 000 000 000 000 000 000 000 000
b850: 000 000 000 000 000 000 000 000 000 000 000 000 000 000 000 000
b860: 000 000 000 000 000 000 000 000 000 000 000 000 000 000 000 000
b870: 000 000 000 000 000 000 000 000 000 000 000 000 000 000 000 000
b880: 000 000 000 000 000 000 000 000 000 000 000 000 000 000 000 000
b890: 000 000 000 000 000 000 000 000 000 000 000 000 000 000 000 000
b8a0: 000 000 000 000 000 000 000 000 000 000 000 000 000 000 000 000
b8b0: 000 000 000 000 000 000 000 000 000 000 000 000 000 000 000 000
b8c0: 000 000 000 000 000 000 000 000 000 000 000 000 000 000 000 000
b8d0: 000 000 000 000 000 000 000 000 000 000 000 000 000 000 000 000
b8e0: 000 000 000 000 000 000 000 000 000 000 000 000 000 000 000 000
b8f0: 000 000 000 000 000 000 000 000 000 000 000 000 000 000 000 000
b900: 000 000 000 000 000 000 000 000 000 000 000 000 000 000 000 000
b910: 000 000 000 000 000 000 000 000 000 000 000 000 000 000 000 000
b920: 000 000 000 000 000 000 000 000 000 000 000 000 000 000 000 000
b930: 000 000 000 000 000 000 000 000 000 000 000 000 000 000 000 000
b940: 000 000 000 000 000 000 000 000 000 000 000 000 000 000 000 000
b950: 000 000 000 000 000 000 000 000 000 000 000 000 000 000 000 000
b960: 000 000 000 000 000 000 000 000 000 000 000 000 000 000 000 000
b970: 000 000 000 000 000 000 000 000 000 000 000 000 000 000 000 000
b980: 000 000 000 000 000 000 000 000 000 000 000 000 000 000 000 000
b990: 000 000 000 000 000 000 000 000 000 000 000 000 000 000 000 000
b9a0: 000 000 000 000 000 000 000 000 000 000 000 000 000 000 000 000
b9b0: 000 000 000 000 000 000 000 000 000 000 000 000 000 000 000 000
b9c0: 000 000 000 000 000 000 000 000 000 000 000 000 000 000 000 000
b9d0: 000 000 000 000 000 000 000 000 000 000 000 000 000 000 000 000
b9e0: 000 000 000 000 000 000 000 000 000 000 000 000 000 000 000 000
b9f0: 000 000 000 000 000 000 000 000 000 000 000 000 000 000 000 000
ba00: 000 000 000 000 000 000 000 000 000 000 000 000 000 000 000 000
ba10: 000 000 000 000 000 000 000 000 000 000 000 000 000 000 000 000
ba20: 000 000 000 000 000 000 000 000 000 000 000 000 000 000 000 000
ba30: 000 000 000 000 000 000 000 000 000 000 000 000 000 000 000 000
ba40: 000 000 000 000 000 000 000 000 000 000 000 000 000 000 000 000
ba50: 000 000 000 000 000 000 000 000 000 000 000 000 000 000 000 000
ba60: 000 000 000 000 000 000 000 000 000 000 000 000 000 000 000 000
ba70: 000 000 000 000 000 000 000 000 000 000 000 000 000 000 000 000
ba80: 000 000 000 000 000 000 000 000 000 000 000 000 000 000 000 000
ba90: 000 000 000 000 000 000 000 000 000 000 000 000 000 000 000 000
baa0: 000 000 000 000 000 000 000 000 000 000 000 000 000 000 000 000
bab0: 000 000 000 000 000 000 000 000 000 000 000 000 000 000 000 000
bac0: 000 000 000 000 000 000 000 000 000 000 000 000 000 000 000 000
bad0: 000 000 000 000 000 000 000 000 000 000 000 000 000 000 000 000
bae0: 000 000 000 000 000 000 000 000 000 000 000 000 000 000 000 000
baf0: 000 000 000 000 000 000 000 000 000 000 000 000 000 000 000 000
bb00: 000 000 000 000 000 000 000 000 000 000 000 000 000 000 000 000
bb10: 000 000 000 000 000 000 000 000 000 000 000 000 000 000 000 000
bb20: 000 000 000 000 000 000 000 000 000 000 000 000 000 000 000 000
bb30: 000 000 000 000 000 000 000 000 000 000 000 000 000 000 000 000
bb40: 000 000 000 000 000 000 000 000 000 000 000 000 000 000 000 000
bb50: 000 000 000 000 000 000 000 000 000 000 000 000 000 000 000 000
bb60: 000 000 000 000 000 000 000 000 000 000 000 000 000 000 000 000
bb70: 000 000 000 000 000 000 000 000 000 000 000 000 000 000 000 000
bb80: 000 000 000 000 000 000 000 000 000 000 000 000 000 000 000 000
bb90: 000 000 000 000 000 000 000 000 000 000 000 000 000 000 000 000
bba0: 000 000 000 000 000 000 000 000 000 000 000 000 000 000 000 000
bbb0: 000 000 000 000 000 000 000 000 000 000 000 000 000 000 000 000
bbc0: 000 000 000 000 000 000 000 000 000 000 000 000 000 000 000 000
bbd0: 000 000 000 000 000 000 000 000 000 000 000 000 000 000 000 000
bbe0: 000 000 000 000 000 000 000 000 000 000 000 000 000 000 000 000
bbf0: 000 000 000 000 000 000 000 000 000 000 000 000 000 000 000 000
bc00: 000 000 000 000 000 000 000 000 000 000 000 000 000 000 000 000
bc10: 000 000 000 000 000 000 000 000 000 000 000 000 000 000 000 000
bc20: 000 000 000 000 000 000 000 000 000 000 000 000 000 000 000 000
bc30: 000 000 000 000 000 000 000 000 000 000 000 000 000 000 000 000
bc40: 000 000 000 000 000 000 000 000 000 000 000 000 000 000 000 000
bc50: 000 000 000 000 000 000 000 000 000 000 000 000 000 000 000 000
bc60: 000 000 000 000 000 000 000 000 000 000 000 000 000 000 000 000
bc70: 000 000 000 000 000 000 000 000 000 000 000 000 000 000 000 000
bc80: 000 000 000 000 000 000 000 000 000 000 000 000 000 000 000 000
bc90: 000 000 000 000 000 000 000 000 000 000 000 000 000 000 000 000
bca0: 000 000 000 000 000 000 000 000 000 000 000 000 000 000 000 000
bcb0: 000 000 000 000 000 000 000 000 000 000 000 000 000 000 000 000
bcc0: 000 000 000 000 000 000 000 000 000 000 000 000 000 000 000 000
bcd0: 000 000 000 000 000 000 000 000 000 000 000 000 000 000 000 000
bce0: 000 000 000 000 000 000 000 000 000 000 000 000 000 000 000 000
bcf0: 000 000 000 000 000 000 000 000 000 000 000 000 000 000 000 000
bd00: 000 000 000 000 000 000 000 000 000 000 000 000 000 000 000 000
bd10: 000 000 000 000 000 000 000 000 000 000 000 000 000 000 000 000
bd20: 000 000 000 000 000 000 000 000 000 000 000 000 000 000 000 000
bd30: 000 000 000 000 000 000 000 000 000 000 000 000 000 000 000 000
bd40: 000 000 000 000 000 000 000 000 000 000 000 000 000 000 000 000
bd50: 000 000 000 000 000 000 000 000 000 000 000 000 000 000 000 000
bd60: 000 000 000 000 000 000 000 000 000 000 000 000 000 000 000 000
bd70: 000 000 000 000 000 000 000 000 000 000 000 000 000 000 000 000
bd80: 000 000 000 000 000 000 000 000 000 000 000 000 000 000 000 000
bd90: 000 000 000 000 000 000 000 000 000 000 000 000 000 000 000 000
bda0: 000 000 000 000 000 000 000 000 000 000 000 000 000 000 000 000
bdb0: 000 000 000 000 000 000 000 000 000 000 000 000 000 000 000 000
bdc0: 000 000 000 000 000 000 000 000 000 000 000 000 000 000 000 000
bdd0: 000 000 000 000 000 000 000 000 000 000 000 000 000 000 000 000
bde0: 000 000 000 000 000 000 000 000 000 000 000 000 000 000 000 000
bdf0: 000 000 000 000 000 000 000 000 000 000 000 000 000 000 000 000
be00: 000 000 000 000 000 000 000 000 000 000 000 000 000 000 000 000
be10: 000 000 000 000 000 000 000 000 000 000 000 000 000 000 000 000
be20: 000 000 000 000 000 000 000 000 000 000 000 000 000 000 000 000
be30: 000 000 000 000 000 000 000 000 000 000 000 000 000 000 000 000
be40: 000 000 000 000 000 000 000 000 000 000 000 000 000 000 000 000
be50: 000 000 000 000 000 000 000 000 000 000 000 000 000 000 000 000
be60: 000 000 000 000 000 000 000 000 000 000 000 000 000 000 000 000
be70: 000 000 000 000 000 000 000 000 000 000 000 000 000 000 000 000
be80: 000 000 000 000 000 000 000 000 000 000 000 000 000 000 000 000
be90: 000 000 000 000 000 000 000 000 000 000 000 000 000 000 000 000
bea0: 000 000 000 000 000 000 000 000 000 000 000 000 000 000 000 000
beb0: 000 000 000 000 000 000 000 000 000 000 000 000 000 000 000 000
bec0: 000 000 000 000 000 000 000 000 000 000 000 000 000 000 000 000
bed0: 000 000 000 000 000 000 000 000 000 000 000 000 000 000 000 000
bee0: 000 000 000 000 000 000 000 000 000 000 000 000 000 000 000 000
bef0: 000 000 000 000 000 000 000 000 000 000 000 000 000 000 000 000
bf00: 000 000 000 000 000 000 000 000 000 000 000 000 000 000 000 000
bf10: 000 000 000 000 000 000 000 000 000 000 000 000 000 000 000 000
bf20: 000 000 000 000 000 000 000 000 000 000 000 000 000 000 000 000
bf30: 000 000 000 000 000 000 000 000 000 000 000 000 000 000 000 000
bf40: 000 000 000 000 000 000 000 000 000 000 000 000 000 000 000 000
bf50: 000 000 000 000 000 000 000 000 000 000 000 000 000 000 000 000
bf60: 000 000 000 000 000 000 000 000 000 000 000 000 000 000 000 000
bf70: 000 000 000 000 000 000 000 000 000 000 000 000 000 000 000 000
bf80: 000 000 000 000 000 000 000 000 000 000 000 000 000 000 000 000
bf90: 000 000 000 000 000 000 000 000 000 000 000 000 000 000 000 000
bfa0: 000 000 000 000 000 000 000 000 000 000 000 000 000 000 000 000
bfb0: 000 000 000 000 000 000 000 000 000 000 000 000 000 000 000 000
bfc0: 000 000 000 000 000 000 000 000 000 000 000 000 000 000 000 000
bfd0: 000 000 000 000 000 000 000 000 000 000 000 000 000 000 000 000
bfe0: 000 000 000 000 000 000 000 000 000 000 000 000 000 000 000 000
bff0: 000 000 000 000 000 000 000 000 000 000 000 000 000 000 000 000
c000: 000 000 000 000 000 000 000 000 000 000 000 000 000 000 000 000
c010: 000 000 000 000 000 000 000 000 000 000 000 000 000 000 000 000
c020: 000 000 000 000 000 000 000 000 000 000 000 000 000 000 000 000
c030: 000 000 000 000 000 000 000 000 000 000 000 000 000 000 000 000
c040: 000 000 000 000 000 000 000 000 000 000 000 000 000 000 000 000
c050: 000 000 000 000 000 000 000 000 000 000 000 000 000 000 000 000
c060: 000 000 000 000 000 000 000 000 000 000 000 000 000 000 000 000
c070: 000 000 000 000 000 000 000 000 000 000 000 000 000 000 000 000
c080: 000 000 000 000 000 000 000 000 000 000 000 000 000 000 000 000
c090: 000 000 000 000 000 000 000 000 000 000 000 000 000 000 000 000
c0a0: 000 000 000 000 000 000 000 000 000 000 000 000 000 000 000 000
c0b0: 000 000 000 000 000 000 000 000 000 000 000 000 000 000 000 000
c0c0: 000 000 000 000 000 000 000 000 000 000 000 000 000 000 000 000
c0d0: 000 000 000 000 000 000 000 000 000 000 000 000 000 000 000 000
c0e0: 000 000 000 000 000 000 000 000 000 000 000 000 000 000 000 000
c0f0: 000 000 000 000 000 000 000 000 000 000 000 000 000 000 000 000
c100: 000 000 000 000 000 000 000 000 000 000 000 000 000 000 000 000
c110: 000 000 000 000 000 000 000 000 000 000 000 000 000 000 000 000
c120: 000 000 000 000 000 000 000 000 000 000 000 000 000 000 000 000
c130: 000 000 000 000 000 000 000 000 000 000 000 000 000 000 000 000
c140: 000 000 000 000 000 000 000 000 000 000 000 000 000 000 000 000
c150: 000 000 000 000 000 000 000 000 000 000 000 000 000 000 000 000
c160: 000 000 000 000 000 000 000 000 000 000 000 000 000 000 000 000
c170: 000 000 000 000 000 000 000 000 000 000 000 000 000 000 000 000
c180: 000 000 000 000 000 000 000 000 000 000 000 000 000 000 000 000
c190: 000 000 000 000 000 000 000 000 000 000 000 000 000 000 000 000
c1a0: 000 000 000 000 000 000 000 000 000 000 000 000 000 000 000 000
c1b0: 000 000 000 000 000 000 000 000 000 000 000 000 000 000 000 000
c1c0: 000 000 000 000 000 000 000 000 000 000 000 000 000 000 000 000
c1d0: 000 000 000 000 000 000 000 000 000 000 000 000 000 000 000 000
c1e0: 000 000 000 000 000 000 000 000 000 000 000 000 000 000 000 000
c1f0: 000 000 000 000 000 000 000 000 000 000 000 000 000 000 000 000
c200: 000 000 000 000 000 000 000 000 000 000 000 000 000 000 000 000
c210: 000 000 000 000 000 000 000 000 000 000 000 000 000 000 000 000
c220: 000 000 000 000 000 000 000 000 000 000 000 000 000 000 000 000
c230: 000 000 000 000 000 000 000 000 000 000 000 000 000 000 000 000
c240: 000 000 000 000 000 000 000 000 000 000 000 000 000 000 000 000
c250: 000 000 000 000 000 000 000 000 000 000 000 000 000 000 000 000
c260: 000 000 000 000 000 000 000 000 000 000 000 000 000 000 000 000
c270: 000 000 000 000 000 000 000 000 000 000 000 000 000 000 000 000
c280: 000 000 000 000 000 000 000 000 000 000 000 000 000 000 000 000
c290: 000 000 000 000 000 000 000 000 000 000 000 000 000 000 000 000
c2a0: 000 000 000 000 000 000 000 000 000 000 000 000 000 000 000 000
c2b0: 000 000 000 000 000 000 000 000 000 000 000 000 000 000 000 000
c2c0: 000 000 000 000 000 000 000 000 000 000 000 000 000 000 000 000
c2d0: 000 000 000 000 000 000 000 000 000 000 000 000 000 000 000 000
c2e0: 000 000 000 000 000 000 000 000 000 000 000 000 000 000 000 000
c2f0: 000 000 000 000 000 000 000 000 000 000 000 000 000 000 000 000
c300: 000 000 000 000 000 000 000 000 000 000 000 000 000 000 000 000
c310: 000 000 000 000 000 000 000 000 000 000 000 000 000 000 000 000
c320: 000 000 000 000 000 000 000 000 000 000 000 000 000 000 000 000
c330: 000 000 000 000 000 000 000 000 000 000 000 000 000 000 000 000
c340: 000 000 000 000 000 000 000 000 000 000 000 000 000 000 000 000
c350: 000 000 000 000 000 000 000 000 000 000 000 000 000 000 000 000
c360: 000 000 000 000 000 000 000 000 000 000 000 000 000 000 000 000
c370: 000 000 000 000 000 000 000 000 000 000 000 000 000 000 000 000
c380: 000 000 000 000 000 000 000 000 000 000 000 000 000 000 000 000
c390: 000 000 000 000 000 000 000 000 000 000 000 000 000 000 000 000
c3a0: 000 000 000 000 000 000 000 000 000 000 000 000 000 000 000 000
c3b0: 000 000 000 000 000 000 000 000 000 000 000 000 000 000 000 000
c3c0: 000 000 000 000 000 000 000 000 000 000 000 000 000 000 000 000
c3d0: 000 000 000 000 000 000 000 000 000 000 000 000 000 000 000 000
c3e0: 000 000 000 000 000 000 000 000 000 000 000 000 000 000 000 000
c3f0: 000 000 000 000 000 000 000 000 000 000 000 000 000 000 000 000
c400: 000 000 000 000 000 000 000 000 000 000 000 000 000 000 000 000
c410: 000 000 000 000 000 000 000 000 000 000 000 000 000 000 000 000
c420: 000 000 000 000 000 000 000 000 000 000 000 000 000 000 000 000
c430: 000 000 000 000 000 000 000 000 000 000 000 000 000 000 000 000
c440: 000 000 000 000 000 000 000 000 000 000 000 000 000 000 000 000
c450: 000 000 000 000 000 000 000 000 000 000 000 000 000 000 000 000
c460: 000 000 000 000 000 000 000 000 000 000 000 000 000 000 000 000
c470: 000 000 000 000 000 000 000 000 000 000 000 000 000 000 000 000
c480: 000 000 000 000 000 000 000 000 000 000 000 000 000 000 000 000
c490: 000 000 000 000 000 000 000 000 000 000 000 000 000 000 000 000
c4a0: 000 000 000 000 000 000 000 000 000 000 000 000 000 000 000 000
c4b0: 000 000 000 000 000 000 000 000 000 000 000 000 000 000 000 000
c4c0: 000 000 000 000 000 000 000 000 000 000 000 000 000 000 000 000
c4d0: 000 000 000 000 000 000 000 000 000 000 000 000 000 000 000 000
c4e0: 000 000 000 000 000 000 000 000 000 000 000 000 000 000 000 000
c4f0: 000 000 000 000 000 000 000 000 000 000 000 000 000 000 000 000
c500: 000 000 000 000 000 000 000 000 000 000 000 000 000 000 000 000
c510: 000 000 000 000 000 000 000 000 000 000 000 000 000 000 000 000
c520: 000 000 000 000 000 000 000 000 000 000 000 000 000 000 000 000
c530: 000 000 000 000 000 000 000 000 000 000 000 000 000 000 000 000
c540: 000 000 000 000 000 000 000 000 000 000 000 000 000 000 000 000
c550: 000 000 000 000 000 000 000 000 000 000 000 000 000 000 000 000
c560: 000 000 000 000 000 000 000 000 000 000 000 000 000 000 000 000
c570: 000 000 000 000 000 000 000 000 000 000 000 000 000 000 000 000
c580: 000 000 000 000 000 000 000 000 000 000 000 000 000 000 000 000
c590: 000 000 000 000 000 000 000 000 000 000 000 000 000 000 000 000
c5a0: 000 000 000 000 000 000 000 000 000 000 000 000 000 000 000 000
c5b0: 000 000 000 000 000 000 000 000 000 000 000 000 000 000 000 000
c5c0: 000 000 000 000 000 000 000 000 000 000 000 000 000 000 000 000
c5d0: 000 000 000 000 000 000 000 000 000 000 000 000 000 000 000 000
c5e0: 000 000 000 000 000 000 000 000 000 000 000 000 000 000 000 000
c5f0: 000 000 000 000 000 000 000 000 000 000 000 000 000 000 000 000
c600: 000 000 000 000 000 000 000 000 000 000 000 000 000 000 000 000
c610: 000 000 000 000 000 000 000 000 000 000 000 000 000 000 000 000
c620: 000 000 000 000 000 000 000 000 000 000 000 000 000 000 000 000
c630: 000 000 000 000 000 000 000 000 000 000 000 000 000 000 000 000
c640: 000 000 000 000 000 000 000 000 000 000 000 000 000 000 000 000
c650: 000 000 000 000 000 000 000 000 000 000 000 000 000 000 000 000
c660: 000 000 000 000 000 000 000 000 000 000 000 000 000 000 000 000
c670: 000 000 000 000 000 000 000 000 000 000 000 000 000 000 000 000
c680: 000 000 000 000 000 000 000 000 000 000 000 000 000 000 000 000
c690: 000 000 000 000 000 000 000 000 000 000 000 000 000 000 000 000
c6a0: 000 000 000 000 000 000 000 000 000 000 000 000 000 000 000 000
c6b0: 000 000 000 000 000 000 000 000 000 000 000 000 000 000 000 000
c6c0: 000 000 000 000 000 000 000 000 000 000 000 000 000 000 000 000
c6d0: 000 000 000 000 000 000 000 000 000 000 000 000 000 000 000 000
c6e0: 000 000 000 000 000 000 000 000 000 000 000 000 000 000 000 000
c6f0: 000 000 000 000 000 000 000 000 000 000 000 000 000 000 000 000
c700: 000 000 000 000 000 000 000 000 000 000 000 000 000 000 000 000
c710: 000 000 000 000 000 000 000 000 000 000 000 000 000 000 000 000
c720: 000 000 000 000 000 000 000 000 000 000 000 000 000 000 000 000
c730: 000 000 000 000 000 000 000 000 000 000 000 000 000 000 000 000
c740: 000 000 000 000 000 000 000 000 000 000 000 000 000 000 000 000
c750: 000 000 000 000 000 000 000 000 000 000 000 000 000 000 000 000
c760: 000 000 000 000 000 000 000 000 000 000 000 000 000 000 000 000
c770: 000 000 000 000 000 000 000 000 000 000 000 000 000 000 000 000
c780: 000 000 000 000 000 000 000 000 000 000 000 000 000 000 000 000
c790: 000 000 000 000 000 000 000 000 000 000 000 000 000 000 000 000
c7a0: 000 000 000 000 000 000 000 000 000 000 000 000 000 000 000 000
c7b0: 000 000 000 000 000 000 000 000 000 000 000 000 000 000 000 000
c7c0: 000 000 000 000 000 000 000 000 000 000 000 000 000 000 000 000
c7d0: 000 000 000 000 000 000 000 000 000 000 000 000 000 000 000 000
c7e0: 000 000 000 000 000 000 000 000 000 000 000 000 000 000 000 000
c7f0: 000 000 000 000 000 000 000 000 000 000 000 000 000 000 000 000
c800: 000 000 000 000 000 000 000 000 000 000 000 000 000 000 000 000
c810: 000 000 000 000 000 000 000 000 000 000 000 000 000 000 000 000
c820: 000 000 000 000 000 000 000 000 000 000 000 000 000 000 000 000
c830: 000 000 000 000 000 000 000 000 000 000 000 000 000 000 000 000
c840: 000 000 000 000 000 000 000 000 000 000 000 000 000 000 000 000
c850: 000 000 000 000 000 000 000 000 000 000 000 000 000 000 000 000
c860: 000 000 000 000 000 000 000 000 000 000 000 000 000 000 000 000
c870: 000 000 000 000 000 000 000 000 000 000 000 000 000 000 000 000
c880: 000 000 000 000 000 000 000 000 000 000 000 000 000 000 000 000
c890: 000 000 000 000 000 000 000 000 000 000 000 000 000 000 000 000
c8a0: 000 000 000 000 000 000 000 000 000 000 000 000 000 000 000 000
c8b0: 000 000 000 000 000 000 000 000 000 000 000 000 000 000 000 000
c8c0: 000 000 000 000 000 000 000 000 000 000 000 000 000 000 000 000
c8d0: 000 000 000 000 000 000 000 000 000 000 000 000 000 000 000 000
c8e0: 000 000 000 000 000 000 000 000 000 000 000 000 000 000 000 000
c8f0: 000 000 000 000 000 000 000 000 000 000 000 000 000 000 000 000
c900: 000 000 000 000 000 000 000 000 000 000 000 000 000 000 000 000
c910: 000 000 000 000 000 000 000 000 000 000 000 000 000 000 000 000
c920: 000 000 000 000 000 000 000 000 000 000 000 000 000 000 000 000
c930: 000 000 000 000 000 000 000 000 000 000 000 000 000 000 000 000
c940: 000 000 000 000 000 000 000 000 000 000 000 000 000 000 000 000
c950: 000 000 000 000 000 000 000 000 000 000 000 000 000 000 000 000
c960: 000 000 000 000 000 000 000 000 000 000 000 000 000 000 000 000
c970: 000 000 000 000 000 000 000 000 000 000 000 000 000 000 000 000
c980: 000 000 000 000 000 000 000 000 000 000 000 000 000 000 000 000
c990: 000 000 000 000 000 000 000 000 000 000 000 000 000 000 000 000
c9a0: 000 000 000 000 000 000 000 000 000 000 000 000 000 000 000 000
c9b0: 000 000 000 000 000 000 000 000 000 000 000 000 000 000 000 000
c9c0: 000 000 000 000 000 000 000 000 000 000 000 000 000 000 000 000
c9d0: 000 000 000 000 000 000 000 000 000 000 000 000 000 000 000 000
c9e0: 000 000 000 000 000 000 000 000 000 000 000 000 000 000 000 000
c9f0: 000 000 000 000 000 000 000 000 000 000 000 000 000 000 000 000
ca00: 000 000 000 000 000 000 000 000 000 000 000 000 000 000 000 000
ca10: 000 000 000 000 000 000 000 000 000 000 000 000 000 000 000 000
ca20: 000 000 000 000 000 000 000 000 000 000 000 000 000 000 000 000
ca30: 000 000 000 000 000 000 000 000 000 000 000 000 000 000 000 000
ca40: 000 000 000 000 000 000 000 000 000 000 000 000 000 000 000 000
ca50: 000 000 000 000 000 000 000 000 000 000 000 000 000 000 000 000
ca60: 000 000 000 000 000 000 000 000 000 000 000 000 000 000 000 000
ca70: 000 000 000 000 000 000 000 000 000 000 000 000 000 000 000 000
ca80: 000 000 000 000 000 000 000 000 000 000 000 000 000 000 000 000
ca90: 000 000 000 000 000 000 000 000 000 000 000 000 000 000 000 000
caa0: 000 000 000 000 000 000 000 000 000 000 000 000 000 000 000 000
cab0: 000 000 000 000 000 000 000 000 000 000 000 000 000 000 000 000
cac0: 000 000 000 000 000 000 000 000 000 000 000 000 000 000 000 000
cad0: 000 000 000 000 000 000 000 000 000 000 000 000 000 000 000 000
cae0: 000 000 000 000 000 000 000 000 000 000 000 000 000 000 000 000
caf0: 000 000 000 000 000 000 000 000 000 000 000 000 000 000 000 000
cb00: 000 000 000 000 000 000 000 000 000 000 000 000 000 000 000 000
cb10: 000 000 000 000 000 000 000 000 000 000 000 000 000 000 000 000
cb20: 000 000 000 000 000 000 000 000 000 000 000 000 000 000 000 000
cb30: 000 000 000 000 000 000 000 000 000 000 000 000 000 000 000 000
cb40: 000 000 000 000 000 000 000 000 000 000 000 000 000 000 000 000
cb50: 000 000 000 000 000 000 000 000 000 000 000 000 000 000 000 000
cb60: 000 000 000 000 000 000 000 000 000 000 000 000 000 000 000 000
cb70: 000 000 000 000 000 000 000 000 000 000 000 000 000 000 000 000
cb80: 000 000 000 000 000 000 000 000 000 000 000 000 000 000 000 000
cb90: 000 000 000 000 000 000 000 000 000 000 000 000 000 000 000 000
cba0: 000 000 000 000 000 000 000 000 000 000 000 000 000 000 000 000
cbb0: 000 000 000 000 000 000 000 000 000 000 000 000 000 000 000 000
cbc0: 000 000 000 000 000 000 000 000 000 000 000 000 000 000 000 000
cbd0: 000 000 000 000 000 000 000 000 000 000 000 000 000 000 000 000
cbe0: 000 000 000 000 000 000 000 000 000 000 000 000 000 000 000 000
cbf0: 000 000 000 000 000 000 000 000 000 000 000 000 000 000 000 000
cc00: 000 000 000 000 000 000 000 000 000 000 000 000 000 000 000 000
cc10: 000 000 000 000 000 000 000 000 000 000 000 000 000 000 000 000
cc20: 000 000 000 000 000 000 000 000 000 000 000 000 000 000 000 000
cc30: 000 000 000 000 000 000 000 000 000 000 000 000 000 000 000 000
cc40: 000 000 000 000 000 000 000 000 000 000 000 000 000 000 000 000
cc50: 000 000 000 000 000 000 000 000 000 000 000 000 000 000 000 000
cc60: 000 000 000 000 000 000 000 000 000 000 000 000 000 000 000 000
cc70: 000 000 000 000 000 000 000 000 000 000 000 000 000 000 000 000
cc80: 000 000 000 000 000 000 000 000 000 000 000 000 000 000 000 000
cc90: 000 000 000 000 000 000 000 000 000 000 000 000 000 000 000 000
cca0: 000 000 000 000 000 000 000 000 000 000 000 000 000 000 000 000
ccb0: 000 000 000 000 000 000 000 000 000 000 000 000 000 000 000 000
ccc0: 000 000 000 000 000 000 000 000 000 000 000 000 000 000 000 000
ccd0: 000 000 000 000 000 000 000 000 000 000 000 000 000 000 000 000
cce0: 000 000 000 000 000 000 000 000 000 000 000 000 000 000 000 000
ccf0: 000 000 000 000 000 000 000 000 000 000 000 000 000 000 000 000
cd00: 000 000 000 000 000 000 000 000 000 000 000 000 000 000 000 000
cd10: 000 000 000 000 000 000 000 000 000 000 000 000 000 000 000 000
cd20: 000 000 000 000 000 000 000 000 000 000 000 000 000 000 000 000
cd30: 000 000 000 000 000 000 000 000 000 000 000 000 000 000 000 000
cd40: 000 000 000 000 000 000 000 000 000 000 000 000 000 000 000 000
cd50: 000 000 000 000 000 000 000 000 000 000 000 000 000 000 000 000
cd60: 000 000 000 000 000 000 000 000 000 000 000 000 000 000 000 000
cd70: 000 000 000 000 000 000 000 000 000 000 000 000 000 000 000 000
cd80: 000 000 000 000 000 000 000 000 000 000 000 000 000 000 000 000
cd90: 000 000 000 000 000 000 000 000 000 000 000 000 000 000 000 000
cda0: 000 000 000 000 000 000 000 000 000 000 000 000 000 000 000 000
cdb0: 000 000 000 000 000 000 000 000 000 000 000 000 000 000 000 000
cdc0: 000 000 000 000 000 000 000 000 000 000 000 000 000 000 000 000
cdd0: 000 000 000 000 000 000 000 000 000 000 000 000 000 000 000 000
cde0: 000 000 000 000 000 000 000 000 000 000 000 000 000 000 000 000
cdf0: 000 000 000 000 000 000 000 000 000 000 000 000 000 000 000 000
ce00: 000 000 000 000 000 000 000 000 000 000 000 000 000 000 000 000
ce10: 000 000 000 000 000 000 000 000 000 000 000 000 000 000 000 000
ce20: 000 000 000 000 000 000 000 000 000 000 000 000 000 000 000 000
ce30: 000 000 000 000 000 000 000 000 000 000 000 000 000 000 000 000
ce40: 000 000 000 000 000 000 000 000 000 000 000 000 000 000 000 000
ce50: 000 000 000 000 000 000 000 000 000 000 000 000 000 000 000 000
ce60: 000 000 000 000 000 000 000 000 000 000 000 000 000 000 000 000
ce70: 000 000 000 000 000 000 000 000 000 000 000 000 000 000 000 000
ce80: 000 000 000 000 000 000 000 000 000 000 000 000 000 000 000 000
ce90: 000 000 000 000 000 000 000 000 000 000 000 000 000 000 000 000
cea0: 000 000 000 000 000 000 000 000 000 000 000 000 000 000 000 000
ceb0: 000 000 000 000 000 000 000 000 000 000 000 000 000 000 000 000
cec0: 000 000 000 000 000 000 000 000 000 000 000 000 000 000 000 000
ced0: 000 000 000 000 000 000 000 000 000 000 000 000 000 000 000 000
cee0: 000 000 000 000 000 000 000 000 000 000 000 000 000 000 000 000
cef0: 000 000 000 000 000 000 000 000 000 000 000 000 000 000 000 000
cf00: 000 000 000 000 000 000 000 000 000 000 000 000 000 000 000 000
cf10: 000 000 000 000 000 000 000 000 000 000 000 000 000 000 000 000
cf20: 000 000 000 000 000 000 000 000 000 000 000 000 000 000 000 000
cf30: 000 000 000 000 000 000 000 000 000 000 000 000 000 000 000 000
cf40: 000 000 000 000 000 000 000 000 000 000 000 000 000 000 000 000
cf50: 000 000 000 000 000 000 000 000 000 000 000 000 000 000 000 000
cf60: 000 000 000 000 000 000 000 000 000 000 000 000 000 000 000 000
cf70: 000 000 000 000 000 000 000 000 000 000 000 000 000 000 000 000
cf80: 000 000 000 000 000 000 000 000 000 000 000 000 000 000 000 000
cf90: 000 000 000 000 000 000 000 000 000 000 000 000 000 000 000 000
cfa0: 000 000 000 000 000 000 000 000 000 000 000 000 000 000 000 000
cfb0: 000 000 000 000 000 000 000 000 000 000 000 000 000 000 000 000
cfc0: 000 000 000 000 000 000 000 000 000 000 000 000 000 000 000 000
cfd0: 000 000 000 000 000 000 000 000 000 000 000 000 000 000 000 000
cfe0: 000 000 000 000 000 000 000 000 000 000 000 000 000 000 000 000
cff0: 000 000 000 000 000 000 000 000 000 000 000 000 000 000 000 000
d000: 000 000 000 000 000 000 000 000 000 000 000 000 000 000 000 000
d010: 000 000 000 000 000 000 000 000 000 000 000 000 000 000 000 000
d020: 000 000 000 000 000 000 000 000 000 000 000 000 000 000 000 000
d030: 000 000 000 000 000 000 000 000 000 000 000 000 000 000 000 000
d040: 000 000 000 000 000 000 000 000 000 000 000 000 000 000 000 000
d050: 000 000 000 000 000 000 000 000 000 000 000 000 000 000 000 000
d060: 000 000 000 000 000 000 000 000 000 000 000 000 000 000 000 000
d070: 000 000 000 000 000 000 000 000 000 000 000 000 000 000 000 000
d080: 000 000 000 000 000 000 000 000 000 000 000 000 000 000 000 000
d090: 000 000 000 000 000 000 000 000 000 000 000 000 000 000 000 000
d0a0: 000 000 000 000 000 000 000 000 000 000 000 000 000 000 000 000
d0b0: 000 000 000 000 000 000 000 000 000 000 000 000 000 000 000 000
d0c0: 000 000 000 000 000 000 000 000 000 000 000 000 000 000 000 000
d0d0: 000 000 000 000 000 000 000 000 000 000 000 000 000 000 000 000
d0e0: 000 000 000 000 000 000 000 000 000 000 000 000 000 000 000 000
d0f0: 000 000 000 000 000 000 000 000 000 000 000 000 000 000 000 000
d100: 000 000 000 000 000 000 000 000 000 000 000 000 000 000 000 000
d110: 000 000 000 000 000 000 000 000 000 000 000 000 000 000 000 000
d120: 000 000 000 000 000 000 000 000 000 000 000 000 000 000 000 000
d130: 000 000 000 000 000 000 000 000 000 000 000 000 000 000 000 000
d140: 000 000 000 000 000 000 000 000 000 000 000 000 000 000 000 000
d150: 000 000 000 000 000 000 000 000 000 000 000 000 000 000 000 000
d160: 000 000 000 000 000 000 000 000 000 000 000 000 000 000 000 000
d170: 000 000 000 000 000 000 000 000 000 000 000 000 000 000 000 000
d180: 000 000 000 000 000 000 000 000 000 000 000 000 000 000 000 000
d190: 000 000 000 000 000 000 000 000 000 000 000 000 000 000 000 000
d1a0: 000 000 000 000 000 000 000 000 000 000 000 000 000 000 000 000
d1b0: 000 000 000 000 000 000 000 000 000 000 000 000 000 000 000 000
d1c0: 000 000 000 000 000 000 000 000 000 000 000 000 000 000 000 000
d1d0: 000 000 000 000 000 000 000 000 000 000 000 000 000 000 000 000
d1e0: 000 000 000 000 000 000 000 000 000 000 000 000 000 000 000 000
d1f0: 000 000 000 000 000 000 000 000 000 000 000 000 000 000 000 000
d200: 000 000 000 000 000 000 000 000 000 000 000 000 000 000 000 000
d210: 000 000 000 000 000 000 000 000 000 000 000 000 000 000 000 000
d220: 000 000 000 000 000 000 000 000 000 000 000 000 000 000 000 000
d230: 000 000 000 000 000 000 000 000 000 000 000 000 000 000 000 000
d240: 000 000 000 000 000 000 000 000 000 000 000 000 000 000 000 000
d250: 000 000 000 000 000 000 000 000 000 000 000 000 000 000 000 000
d260: 000 000 000 000 000 000 000 000 000 000 000 000 000 000 000 000
d270: 000 000 000 000 000 000 000 000 000 000 000 000 000 000 000 000
d280: 000 000 000 000 000 000 000 000 000 000 000 000 000 000 000 000
d290: 000 000 000 000 000 000 000 000 000 000 000 000 000 000 000 000
d2a0: 000 000 000 000 000 000 000 000 000 000 000 000 000 000 000 000
d2b0: 000 000 000 000 000 000 000 000 000 000 000 000 000 000 000 000
d2c0: 000 000 000 000 000 000 000 000 000 000 000 000 000 000 000 000
d2d0: 000 000 000 000 000 000 000 000 000 000 000 000 000 000 000 000
d2e0: 000 000 000 000 000 000 000 000 000 000 000 000 000 000 000 000
d2f0: 000 000 000 000 000 000 000 000 000 000 000 000 000 000 000 000
d300: 000 000 000 000 000 000 000 000 000 000 000 000 000 000 000 000
d310: 000 000 000 000 000 000 000 000 000 000 000 000 000 000 000 000
d320: 000 000 000 000 000 000 000 000 000 000 000 000 000 000 000 000
d330: 000 000 000 000 000 000 000 000 000 000 000 000 000 000 000 000
d340: 000 000 000 000 000 000 000 000 000 000 000 000 000 000 000 000
d350: 000 000 000 000 000 000 000 000 000 000 000 000 000 000 000 000
d360: 000 000 000 000 000 000 000 000 000 000 000 000 000 000 000 000
d370: 000 000 000 000 000 000 000 000 000 000 000 000 000 000 000 000
d380: 000 000 000 000 000 000 000 000 000 000 000 000 000 000 000 000
d390: 000 000 000 000 000 000 000 000 000 000 000 000 000 000 000 000
d3a0: 000 000 000 000 000 000 000 000 000 000 000 000 000 000 000 000
d3b0: 000 000 000 000 000 000 000 000 000 000 000 000 000 000 000 000
d3c0: 000 000 000 000 000 000 000 000 000 000 000 000 000 000 000 000
d3d0: 000 000 000 000 000 000 000 000 000 000 000 000 000 000 000 000
d3e0: 000 000 000 000 000 000 000 000 000 000 000 000 000 000 000 000
d3f0: 000 000 000 000 000 000 000 000 000 000 000 000 000 000 000 000
d400: 000 000 000 000 000 000 000 000 000 000 000 000 000 000 000 000
d410: 000 000 000 000 000 000 000 000 000 000 000 000 000 000 000 000
d420: 000 000 000 000 000 000 000 000 000 000 000 000 000 000 000 000
d430: 000 000 000 000 000 000 000 000 000 000 000 000 000 000 000 000
d440: 000 000 000 000 000 000 000 000 000 000 000 000 000 000 000 000
d450: 000 000 000 000 000 000 000 000 000 000 000 000 000 000 000 000
d460: 000 000 000 000 000 000 000 000 000 000 000 000 000 000 000 000
d470: 000 000 000 000 000 000 000 000 000 000 000 000 000 000 000 000
d480: 000 000 000 000 000 000 000 000 000 000 000 000 000 000 000 000
d490: 000 000 000 000 000 000 000 000 000 000 000 000 000 000 000 000
d4a0: 000 000 000 000 000 000 000 000 000 000 000 000 000 000 000 000
d4b0: 000 000 000 000 000 000 000 000 000 000 000 000 000 000 000 000
d4c0: 000 000 000 000 000 000 000 000 000 000 000 000 000 000 000 000
d4d0: 000 000 000 000 000 000 000 000 000 000 000 000 000 000 000 000
d4e0: 000 000 000 000 000 000 000 000 000 000 000 000 000 000 000 000
d4f0: 000 000 000 000 000 000 000 000 000 000 000 000 000 000 000 000
d500: 000 000 000 000 000 000 000 000 000 000 000 000 000 000 000 000
d510: 000 000 000 000 000 000 000 000 000 000 000 000 000 000 000 000
d520: 000 000 000 000 000 000 000 000 000 000 000 000 000 000 000 000
d530: 000 000 000 000 000 000 000 000 000 000 000 000 000 000 000 000
d540: 000 000 000 000 000 000 000 000 000 000 000 000 000 000 000 000
d550: 000 000 000 000 000 000 000 000 000 000 000 000 000 000 000 000
d560: 000 000 000 000 000 000 000 000 000 000 000 000 000 000 000 000
d570: 000 000 000 000 000 000 000 000 000 000 000 000 000 000 000 000
d580: 000 000 000 000 000 000 000 000 000 000 000 000 000 000 000 000
d590: 000 000 000 000 000 000 000 000 000 000 000 000 000 000 000 000
d5a0: 000 000 000 000 000 000 000 000 000 000 000 000 000 000 000 000
d5b0: 000 000 000 000 000 000 000 000 000 000 000 000 000 000 000 000
d5c0: 000 000 000 000 000 000 000 000 000 000 000 000 000 000 000 000
d5d0: 000 000 000 000 000 000 000 000 000 000 000 000 000 000 000 000
d5e0: 000 000 000 000 000 000 000 000 000 000 000 000 000 000 000 000
d5f0: 000 000 000 000 000 000 000 000 000 000 000 000 000 000 000 000
d600: 000 000 000 000 000 000 000 000 000 000 000 000 000 000 000 000
d610: 000 000 000 000 000 000 000 000 000 000 000 000 000 000 000 000
d620: 000 000 000 000 000 000 000 000 000 000 000 000 000 000 000 000
d630: 000 000 000 000 000 000 000 000 000 000 000 000 000 000 000 000
d640: 000 000 000 000 000 000 000 000 000 000 000 000 000 000 000 000
d650: 000 000 000 000 000 000 000 000 000 000 000 000 000 000 000 000
d660: 000 000 000 000 000 000 000 000 000 000 000 000 000 000 000 000
d670: 000 000 000 000 000 000 000 000 000 000 000 000 000 000 000 000
d680: 000 000 000 000 000 000 000 000 000 000 000 000 000 000 000 000
d690: 000 000 000 000 000 000 000 000 000 000 000 000 000 000 000 000
d6a0: 000 000 000 000 000 000 000 000 000 000 000 000 000 000 000 000
d6b0: 000 000 000 000 000 000 000 000 000 000 000 000 000 000 000 000
d6c0: 000 000 000 000 000 000 000 000 000 000 000 000 000 000 000 000
d6d0: 000 000 000 000 000 000 000 000 000 000 000 000 000 000 000 000
d6e0: 000 000 000 000 000 000 000 000 000 000 000 000 000 000 000 000
d6f0: 000 000 000 000 000 000 000 000 000 000 000 000 000 000 000 000
d700: 000 000 000 000 000 000 000 000 000 000 000 000 000 000 000 000
d710: 000 000 000 000 000 000 000 000 000 000 000 000 000 000 000 000
d720: 000 000 000 000 000 000 000 000 000 000 000 000 000 000 000 000
d730: 000 000 000 000 000 000 000 000 000 000 000 000 000 000 000 000
d740: 000 000 000 000 000 000 000 000 000 000 000 000 000 000 000 000
d750: 000 000 000 000 000 000 000 000 000 000 000 000 000 000 000 000
d760: 000 000 000 000 000 000 000 000 000 000 000 000 000 000 000 000
d770: 000 000 000 000 000 000 000 000 000 000 000 000 000 000 000 000
d780: 000 000 000 000 000 000 000 000 000 000 000 000 000 000 000 000
d790: 000 000 000 000 000 000 000 000 000 000 000 000 000 000 000 000
d7a0: 000 000 000 000 000 000 000 000 000 000 000 000 000 000 000 000
d7b0: 000 000 000 000 000 000 000 000 000 000 000 000 000 000 000 000
d7c0: 000 000 000 000 000 000 000 000 000 000 000 000 000 000 000 000
d7d0: 000 000 000 000 000 000 000 000 000 000 000 000 000 000 000 000
d7e0: 000 000 000 000 000 000 000 000 000 000 000 000 000 000 000 000
d7f0: 000 000 000 000 000 000 000 000 000 000 000 000 000 000 000 000
d800: 000 000 000 000 000 000 000 000 000 000 000 000 000 000 000 000
d810: 000 000 000 000 000 000 000 000 000 000 000 000 000 000 000 000
d820: 000 000 000 000 000 000 000 000 000 000 000 000 000 000 000 000
d830: 000 000 000 000 000 000 000 000 000 000 000 000 000 000 000 000
d840: 000 000 000 000 000 000 000 000 000 000 000 000 000 000 000 000
d850: 000 000 000 000 000 000 000 000 000 000 000 000 000 000 000 000
d860: 000 000 000 000 000 000 000 000 000 000 000 000 000 000 000 000
d870: 000 000 000 000 000 000 000 000 000 000 000 000 000 000 000 000
d880: 000 000 000 000 000 000 000 000 000 000 000 000 000 000 000 000
d890: 000 000 000 000 000 000 000 000 000 000 000 000 000 000 000 000
d8a0: 000 000 000 000 000 000 000 000 000 000 000 000 000 000 000 000
d8b0: 000 000 000 000 000 000 000 000 000 000 000 000 000 000 000 000
d8c0: 000 000 000 000 000 000 000 000 000 000 000 000 000 000 000 000
d8d0: 000 000 000 000 000 000 000 000 000 000 000 000 000 000 000 000
d8e0: 000 000 000 000 000 000 000 000 000 000 000 000 000 000 000 000
d8f0: 000 000 000 000 000 000 000 000 000 000 000 000 000 000 000 000
d900: 000 000 000 000 000 000 000 000 000 000 000 000 000 000 000 000
d910: 000 000 000 000 000 000 000 000 000 000 000 000 000 000 000 000
d920: 000 000 000 000 000 000 000 000 000 000 000 000 000 000 000 000
d930: 000 000 000 000 000 000 000 000 000 000 000 000 000 000 000 000
d940: 000 000 000 000 000 000 000 000 000 000 000 000 000 000 000 000
d950: 000 000 000 000 000 000 000 000 000 000 000 000 000 000 000 000
d960: 000 000 000 000 000 000 000 000 000 000 000 000 000 000 000 000
d970: 000 000 000 000 000 000 000 000 000 000 000 000 000 000 000 000
d980: 000 000 000 000 000 000 000 000 000 000 000 000 000 000 000 000
d990: 000 000 000 000 000 000 000 000 000 000 000 000 000 000 000 000
d9a0: 000 000 000 000 000 000 000 000 000 000 000 000 000 000 000 000
d9b0: 000 000 000 000 000 000 000 000 000 000 000 000 000 000 000 000
d9c0: 000 000 000 000 000 000 000 000 000 000 000 000 000 000 000 000
d9d0: 000 000 000 000 000 000 000 000 000 000 000 000 000 000 000 000
d9e0: 000 000 000 000 000 000 000 000 000 000 000 000 000 000 000 000
d9f0: 000 000 000 000 000 000 000 000 000 000 000 000 000 000 000 000
da00: 000 000 000 000 000 000 000 000 000 000 000 000 000 000 000 000
da10: 000 000 000 000 000 000 000 000 000 000 000 000 000 000 000 000
da20: 000 000 000 000 000 000 000 000 000 000 000 000 000 000 000 000
da30: 000 000 000 000 000 000 000 000 000 000 000 000 000 000 000 000
da40: 000 000 000 000 000 000 000 000 000 000 000 000 000 000 000 000
da50: 000 000 000 000 000 000 000 000 000 000 000 000 000 000 000 000
da60: 000 000 000 000 000 000 000 000 000 000 000 000 000 000 000 000
da70: 000 000 000 000 000 000 000 000 000 000 000 000 000 000 000 000
da80: 000 000 000 000 000 000 000 000 000 000 000 000 000 000 000 000
da90: 000 000 000 000 000 000 000 000 000 000 000 000 000 000 000 000
daa0: 000 000 000 000 000 000 000 000 000 000 000 000 000 000 000 000
dab0: 000 000 000 000 000 000 000 000 000 000 000 000 000 000 000 000
dac0: 000 000 000 000 000 000 000 000 000 000 000 000 000 000 000 000
dad0: 000 000 000 000 000 000 000 000 000 000 000 000 000 000 000 000
dae0: 000 000 000 000 000 000 000 000 000 000 000 000 000 000 000 000
daf0: 000 000 000 000 000 000 000 000 000 000 000 000 000 000 000 000
db00: 000 000 000 000 000 000 000 000 000 000 000 000 000 000 000 000
db10: 000 000 000 000 000 000 000 000 000 000 000 000 000 000 000 000
db20: 000 000 000 000 000 000 000 000 000 000 000 000 000 000 000 000
db30: 000 000 000 000 000 000 000 000 000 000 000 000 000 000 000 000
db40: 000 000 000 000 000 000 000 000 000 000 000 000 000 000 000 000
db50: 000 000 000 000 000 000 000 000 000 000 000 000 000 000 000 000
db60: 000 000 000 000 000 000 000 000 000 000 000 000 000 000 000 000
db70: 000 000 000 000 000 000 000 000 000 000 000 000 000 000 000 000
db80: 000 000 000 000 000 000 000 000 000 000 000 000 000 000 000 000
db90: 000 000 000 000 000 000 000 000 000 000 000 000 000 000 000 000
dba0: 000 000 000 000 000 000 000 000 000 000 000 000 000 000 000 000
dbb0: 000 000 000 000 000 000 000 000 000 000 000 000 000 000 000 000
dbc0: 000 000 000 000 000 000 000 000 000 000 000 000 000 000 000 000
dbd0: 000 000 000 000 000 000 000 000 000 000 000 000 000 000 000 000
dbe0: 000 000 000 000 000 000 000 000 000 000 000 000 000 000 000 000
dbf0: 000 000 000 000 000 000 000 000 000 000 000 000 000 000 000 000
dc00: 000 000 000 000 000 000 000 000 000 000 000 000 000 000 000 000
dc10: 000 000 000 000 000 000 000 000 000 000 000 000 000 000 000 000
dc20: 000 000 000 000 000 000 000 000 000 000 000 000 000 000 000 000
dc30: 000 000 000 000 000 000 000 000 000 000 000 000 000 000 000 000
dc40: 000 000 000 000 000 000 000 000 000 000 000 000 000 000 000 000
dc50: 000 000 000 000 000 000 000 000 000 000 000 000 000 000 000 000
dc60: 000 000 000 000 000 000 000 000 000 000 000 000 000 000 000 000
dc70: 000 000 000 000 000 000 000 000 000 000 000 000 000 000 000 000
dc80: 000 000 000 000 000 000 000 000 000 000 000 000 000 000 000 000
dc90: 000 000 000 000 000 000 000 000 000 000 000 000 000 000 000 000
dca0: 000 000 000 000 000 000 000 000 000 000 000 000 000 000 000 000
dcb0: 000 000 000 000 000 000 000 000 000 000 000 000 000 000 000 000
dcc0: 000 000 000 000 000 000 000 000 000 000 000 000 000 000 000 000
dcd0: 000 000 000 000 000 000 000 000 000 000 000 000 000 000 000 000
dce0: 000 000 000 000 000 000 000 000 000 000 000 000 000 000 000 000
dcf0: 000 000 000 000 000 000 000 000 000 000 000 000 000 000 000 000
dd00: 000 000 000 000 000 000 000 000 000 000 000 000 000 000 000 000
dd10: 000 000 000 000 000 000 000 000 000 000 000 000 000 000 000 000
dd20: 000 000 000 000 000 000 000 000 000 000 000 000 000 000 000 000
dd30: 000 000 000 000 000 000 000 000 000 000 000 000 000 000 000 000
dd40: 000 000 000 000 000 000 000 000 000 000 000 000 000 000 000 000
dd50: 000 000 000 000 000 000 000 000 000 000 000 000 000 000 000 000
dd60: 000 000 000 000 000 000 000 000 000 000 000 000 000 000 000 000
dd70: 000 000 000 000 000 000 000 000 000 000 000 000 000 000 000 000
dd80: 000 000 000 000 000 000 000 000 000 000 000 000 000 000 000 000
dd90: 000 000 000 000 000 000 000 000 000 000 000 000 000 000 000 000
dda0: 000 000 000 000 000 000 000 000 000 000 000 000 000 000 000 000
ddb0: 000 000 000 000 000 000 000 000 000 000 000 000 000 000 000 000
ddc0: 000 000 000 000 000 000 000 000 000 000 000 000 000 000 000 000
ddd0: 000 000 000 000 000 000 000 000 000 000 000 000 000 000 000 000
dde0: 000 000 000 000 000 000 000 000 000 000 000 000 000 000 000 000
ddf0: 000 000 000 000 000 000 000 000 000 000 000 000 000 000 000 000
de00: 000 000 000 000 000 000 000 000 000 000 000 000 000 000 000 000
de10: 000 000 000 000 000 000 000 000 000 000 000 000 000 000 000 000
de20: 000 000 000 000 000 000 000 000 000 000 000 000 000 000 000 000
de30: 000 000 000 000 000 000 000 000 000 000 000 000 000 000 000 000
de40: 000 000 000 000 000 000 000 000 000 000 000 000 000 000 000 000
de50: 000 000 000 000 000 000 000 000 000 000 000 000 000 000 000 000
de60: 000 000 000 000 000 000 000 000 000 000 000 000 000 000 000 000
de70: 000 000 000 000 000 000 000 000 000 000 000 000 000 000 000 000
de80: 000 000 000 000 000 000 000 000 000 000 000 000 000 000 000 000
de90: 000 000 000 000 000 000 000 000 000 000 000 000 000 000 000 000
dea0: 000 000 000 000 000 000 000 000 000 000 000 000 000 000 000 000
deb0: 000 000 000 000 000 000 000 000 000 000 000 000 000 000 000 000
dec0: 000 000 000 000 000 000 000 000 000 000 000 000 000 000 000 000
ded0: 000 000 000 000 000 000 000 000 000 000 000 000 000 000 000 000
dee0: 000 000 000 000 000 000 000 000 000 000 000 000 000 000 000 000
def0: 000 000 000 000 000 000 000 000 000 000 000 000 000 000 000 000
df00: 000 000 000 000 000 000 000 000 000 000 000 000 000 000 000 000
df10: 000 000 000 000 000 000 000 000 000 000 000 000 000 000 000 000
df20: 000 000 000 000 000 000 000 000 000 000 000 000 000 000 000 000
df30: 000 000 000 000 000 000 000 000 000 000 000 000 000 000 000 000
df40: 000 000 000 000 000 000 000 000 000 000 000 000 000 000 000 000
df50: 000 000 000 000 000 000 000 000 000 000 000 000 000 000 000 000
df60: 000 000 000 000 000 000 000 000 000 000 000 000 000 000 000 000
df70: 000 000 000 000 000 000 000 000 000 000 000 000 000 000 000 000
df80: 000 000 000 000 000 000 000 000 000 000 000 000 000 000 000 000
df90: 000 000 000 000 000 000 000 000 000 000 000 000 000 000 000 000
dfa0: 000 000 000 000 000 000 000 000 000 000 000 000 000 000 000 000
dfb0: 000 000 000 000 000 000 000 000 000 000 000 000 000 000 000 000
dfc0: 000 000 000 000 000 000 000 000 000 000 000 000 000 000 000 000
dfd0: 000 000 000 000 000 000 000 000 000 000 000 000 000 000 000 000
dfe0: 000 000 000 000 000 000 000 000 000 000 000 000 000 000 000 000
dff0: 000 000 000 000 000 000 000 000 000 000 000 000 000 000 000 000
e000: 000 000 000 000 000 000 000 000 000 000 000 000 000 000 000 000
e010: 000 000 000 000 000 000 000 000 000 000 000 000 000 000 000 000
e020: 000 000 000 000 000 000 000 000 000 000 000 000 000 000 000 000
e030: 000 000 000 000 000 000 000 000 000 000 000 000 000 000 000 000
e040: 000 000 000 000 000 000 000 000 000 000 000 000 000 000 000 000
e050: 000 000 000 000 000 000 000 000 000 000 000 000 000 000 000 000
e060: 000 000 000 000 000 000 000 000 000 000 000 000 000 000 000 000
e070: 000 000 000 000 000 000 000 000 000 000 000 000 000 000 000 000
e080: 000 000 000 000 000 000 000 000 000 000 000 000 000 000 000 000
e090: 000 000 000 000 000 000 000 000 000 000 000 000 000 000 000 000
e0a0: 000 000 000 000 000 000 000 000 000 000 000 000 000 000 000 000
e0b0: 000 000 000 000 000 000 000 000 000 000 000 000 000 000 000 000
e0c0: 000 000 000 000 000 000 000 000 000 000 000 000 000 000 000 000
e0d0: 000 000 000 000 000 000 000 000 000 000 000 000 000 000 000 000
e0e0: 000 000 000 000 000 000 000 000 000 000 000 000 000 000 000 000
e0f0: 000 000 000 000 000 000 000 000 000 000 000 000 000 000 000 000
e100: 000 000 000 000 000 000 000 000 000 000 000 000 000 000 000 000
e110: 000 000 000 000 000 000 000 000 000 000 000 000 000 000 000 000
e120: 000 000 000 000 000 000 000 000 000 000 000 000 000 000 000 000
e130: 000 000 000 000 000 000 000 000 000 000 000 000 000 000 000 000
e140: 000 000 000 000 000 000 000 000 000 000 000 000 000 000 000 000
e150: 000 000 000 000 000 000 000 000 000 000 000 000 000 000 000 000
e160: 000 000 000 000 000 000 000 000 000 000 000 000 000 000 000 000
e170: 000 000 000 000 000 000 000 000 000 000 000 000 000 000 000 000
e180: 000 000 000 000 000 000 000 000 000 000 000 000 000 000 000 000
e190: 000 000 000 000 000 000 000 000 000 000 000 000 000 000 000 000
e1a0: 000 000 000 000 000 000 000 000 000 000 000 000 000 000 000 000
e1b0: 000 000 000 000 000 000 000 000 000 000 000 000 000 000 000 000
e1c0: 000 000 000 000 000 000 000 000 000 000 000 000 000 000 000 000
e1d0: 000 000 000 000 000 000 000 000 000 000 000 000 000 000 000 000
e1e0: 000 000 000 000 000 000 000 000 000 000 000 000 000 000 000 000
e1f0: 000 000 000 000 000 000 000 000 000 000 000 000 000 000 000 000
e200: 000 000 000 000 000 000 000 000 000 000 000 000 000 000 000 000
e210: 000 000 000 000 000 000 000 000 000 000 000 000 000 000 000 000
e220: 000 000 000 000 000 000 000 000 000 000 000 000 000 000 000 000
e230: 000 000 000 000 000 000 000 000 000 000 000 000 000 000 000 000
e240: 000 000 000 000 000 000 000 000 000 000 000 000 000 000 000 000
e250: 000 000 000 000 000 000 000 000 000 000 000 000 000 000 000 000
e260: 000 000 000 000 000 000 000 000 000 000 000 000 000 000 000 000
e270: 000 000 000 000 000 000 000 000 000 000 000 000 000 000 000 000
e280: 000 000 000 000 000 000 000 000 000 000 000 000 000 000 000 000
e290: 000 000 000 000 000 000 000 000 000 000 000 000 000 000 000 000
e2a0: 000 000 000 000 000 000 000 000 000 000 000 000 000 000 000 000
e2b0: 000 000 000 000 000 000 000 000 000 000 000 000 000 000 000 000
e2c0: 000 000 000 000 000 000 000 000 000 000 000 000 000 000 000 000
e2d0: 000 000 000 000 000 000 000 000 000 000 000 000 000 000 000 000
e2e0: 000 000 000 000 000 000 000 000 000 000 000 000 000 000 000 000
e2f0: 000 000 000 000 000 000 000 000 000 000 000 000 000 000 000 000
e300: 000 000 000 000 000 000 000 000 000 000 000 000 000 000 000 000
e310: 000 000 000 000 000 000 000 000 000 000 000 000 000 000 000 000
e320: 000 000 000 000 000 000 000 000 000 000 000 000 000 000 000 000
e330: 000 000 000 000 000 000 000 000 000 000 000 000 000 000 000 000
e340: 000 000 000 000 000 000 000 000 000 000 000 000 000 000 000 000
e350: 000 000 000 000 000 000 000 000 000 000 000 000 000 000 000 000
e360: 000 000 000 000 000 000 000 000 000 000 000 000 000 000 000 000
e370: 000 000 000 000 000 000 000 000 000 000 000 000 000 000 000 000
e380: 000 000 000 000 000 000 000 000 000 000 000 000 000 000 000 000
e390: 000 000 000 000 000 000 000 000 000 000 000 000 000 000 000 000
e3a0: 000 000 000 000 000 000 000 000 000 000 000 000 000 000 000 000
e3b0: 000 000 000 000 000 000 000 000 000 000 000 000 000 000 000 000
e3c0: 000 000 000 000 000 000 000 000 000 000 000 000 000 000 000 000
e3d0: 000 000 000 000 000 000 000 000 000 000 000 000 000 000 000 000
e3e0: 000 000 000 000 000 000 000 000 000 000 000 000 000 000 000 000
e3f0: 000 000 000 000 000 000 000 000 000 000 000 000 000 000 000 000
e400: 000 000 000 000 000 000 000 000 000 000 000 000 000 000 000 000
e410: 000 000 000 000 000 000 000 000 000 000 000 000 000 000 000 000
e420: 000 000 000 000 000 000 000 000 000 000 000 000 000 000 000 000
e430: 000 000 000 000 000 000 000 000 000 000 000 000 000 000 000 000
e440: 000 000 000 000 000 000 000 000 000 000 000 000 000 000 000 000
e450: 000 000 000 000 000 000 000 000 000 000 000 000 000 000 000 000
e460: 000 000 000 000 000 000 000 000 000 000 000 000 000 000 000 000
e470: 000 000 000 000 000 000 000 000 000 000 000 000 000 000 000 000
e480: 000 000 000 000 000 000 000 000 000 000 000 000 000 000 000 000
e490: 000 000 000 000 000 000 000 000 000 000 000 000 000 000 000 000
e4a0: 000 000 000 000 000 000 000 000 000 000 000 000 000 000 000 000
e4b0: 000 000 000 000 000 000 000 000 000 000 000 000 000 000 000 000
e4c0: 000 000 000 000 000 000 000 000 000 000 000 000 000 000 000 000
e4d0: 000 000 000 000 000 000 000 000 000 000 000 000 000 000 000 000
e4e0: 000 000 000 000 000 000 000 000 000 000 000 000 000 000 000 000
e4f0: 000 000 000 000 000 000 000 000 000 000 000 000 000 000 000 000
e500: 000 000 000 000 000 000 000 000 000 000 000 000 000 000 000 000
e510: 000 000 000 000 000 000 000 000 000 000 000 000 000 000 000 000
e520: 000 000 000 000 000 000 000 000 000 000 000 000 000 000 000 000
e530: 000 000 000 000 000 000 000 000 000 000 000 000 000 000 000 000
e540: 000 000 000 000 000 000 000 000 000 000 000 000 000 000 000 000
e550: 000 000 000 000 000 000 000 000 000 000 000 000 000 000 000 000
e560: 000 000 000 000 000 000 000 000 000 000 000 000 000 000 000 000
e570: 000 000 000 000 000 000 000 000 000 000 000 000 000 000 000 000
e580: 000 000 000 000 000 000 000 000 000 000 000 000 000 000 000 000
e590: 000 000 000 000 000 000 000 000 000 000 000 000 000 000 000 000
e5a0: 000 000 000 000 000 000 000 000 000 000 000 000 000 000 000 000
e5b0: 000 000 000 000 000 000 000 000 000 000 000 000 000 000 000 000
e5c0: 000 000 000 000 000 000 000 000 000 000 000 000 000 000 000 000
e5d0: 000 000 000 000 000 000 000 000 000 000 000 000 000 000 000 000
e5e0: 000 000 000 000 000 000 000 000 000 000 000 000 000 000 000 000
e5f0: 000 000 000 000 000 000 000 000 000 000 000 000 000 000 000 000
e600: 000 000 000 000 000 000 000 000 000 000 000 000 000 000 000 000
e610: 000 000 000 000 000 000 000 000 000 000 000 000 000 000 000 000
e620: 000 000 000 000 000 000 000 000 000 000 000 000 000 000 000 000
e630: 000 000 000 000 000 000 000 000 000 000 000 000 000 000 000 000
e640: 000 000 000 000 000 000 000 000 000 000 000 000 000 000 000 000
e650: 000 000 000 000 000 000 000 000 000 000 000 000 000 000 000 000
e660: 000 000 000 000 000 000 000 000 000 000 000 000 000 000 000 000
e670: 000 000 000 000 000 000 000 000 000 000 000 000 000 000 000 000
e680: 000 000 000 000 000 000 000 000 000 000 000 000 000 000 000 000
e690: 000 000 000 000 000 000 000 000 000 000 000 000 000 000 000 000
e6a0: 000 000 000 000 000 000 000 000 000 000 000 000 000 000 000 000
e6b0: 000 000 000 000 000 000 000 000 000 000 000 000 000 000 000 000
e6c0: 000 000 000 000 000 000 000 000 000 000 000 000 000 000 000 000
e6d0: 000 000 000 000 000 000 000 000 000 000 000 000 000 000 000 000
e6e0: 000 000 000 000 000 000 000 000 000 000 000 000 000 000 000 000
e6f0: 000 000 000 000 000 000 000 000 000 000 000 000 000 000 000 000
e700: 000 000 000 000 000 000 000 000 000 000 000 000 000 000 000 000
e710: 000 000 000 000 000 000 000 000 000 000 000 000 000 000 000 000
e720: 000 000 000 000 000 000 000 000 000 000 000 000 000 000 000 000
e730: 000 000 000 000 000 000 000 000 000 000 000 000 000 000 000 000
e740: 000 000 000 000 000 000 000 000 000 000 000 000 000 000 000 000
e750: 000 000 000 000 000 000 000 000 000 000 000 000 000 000 000 000
e760: 000 000 000 000 000 000 000 000 000 000 000 000 000 000 000 000
e770: 000 000 000 000 000 000 000 000 000 000 000 000 000 000 000 000
e780: 000 000 000 000 000 000 000 000 000 000 000 000 000 000 000 000
e790: 000 000 000 000 000 000 000 000 000 000 000 000 000 000 000 000
e7a0: 000 000 000 000 000 000 000 000 000 000 000 000 000 000 000 000
e7b0: 000 000 000 000 000 000 000 000 000 000 000 000 000 000 000 000
e7c0: 000 000 000 000 000 000 000 000 000 000 000 000 000 000 000 000
e7d0: 000 000 000 000 000 000 000 000 000 000 000 000 000 000 000 000
e7e0: 000 000 000 000 000 000 000 000 000 000 000 000 000 000 000 000
e7f0: 000 000 000 000 000 000 000 000 000 000 000 000 000 000 000 000
e800: 000 000 000 000 000 000 000 000 000 000 000 000 000 000 000 000
e810: 000 000 000 000 000 000 000 000 000 000 000 000 000 000 000 000
e820: 000 000 000 000 000 000 000 000 000 000 000 000 000 000 000 000
e830: 000 000 000 000 000 000 000 000 000 000 000 000 000 000 000 000
e840: 000 000 000 000 000 000 000 000 000 000 000 000 000 000 000 000
e850: 000 000 000 000 000 000 000 000 000 000 000 000 000 000 000 000
e860: 000 000 000 000 000 000 000 000 000 000 000 000 000 000 000 000
e870: 000 000 000 000 000 000 000 000 000 000 000 000 000 000 000 000
e880: 000 000 000 000 000 000 000 000 000 000 000 000 000 000 000 000
e890: 000 000 000 000 000 000 000 000 000 000 000 000 000 000 000 000
e8a0: 000 000 000 000 000 000 000 000 000 000 000 000 000 000 000 000
e8b0: 000 000 000 000 000 000 000 000 000 000 000 000 000 000 000 000
e8c0: 000 000 000 000 000 000 000 000 000 000 000 000 000 000 000 000
e8d0: 000 000 000 000 000 000 000 000 000 000 000 000 000 000 000 000
e8e0: 000 000 000 000 000 000 000 000 000 000 000 000 000 000 000 000
e8f0: 000 000 000 000 000 000 000 000 000 000 000 000 000 000 000 000
e900: 000 000 000 000 000 000 000 000 000 000 000 000 000 000 000 000
e910: 000 000 000 000 000 000 000 000 000 000 000 000 000 000 000 000
e920: 000 000 000 000 000 000 000 000 000 000 000 000 000 000 000 000
e930: 000 000 000 000 000 000 000 000 000 000 000 000 000 000 000 000
e940: 000 000 000 000 000 000 000 000 000 000 000 000 000 000 000 000
e950: 000 000 000 000 000 000 000 000 000 000 000 000 000 000 000 000
e960: 000 000 000 000 000 000 000 000 000 000 000 000 000 000 000 000
e970: 000 000 000 000 000 000 000 000 000 000 000 000 000 000 000 000
e980: 000 000 000 000 000 000 000 000 000 000 000 000 000 000 000 000
e990: 000 000 000 000 000 000 000 000 000 000 000 000 000 000 000 000
e9a0: 000 000 000 000 000 000 000 000 000 000 000 000 000 000 000 000
e9b0: 000 000 000 000 000 000 000 000 000 000 000 000 000 000 000 000
e9c0: 000 000 000 000 000 000 000 000 000 000 000 000 000 000 000 000
e9d0: 000 000 000 000 000 000 000 000 000 000 000 000 000 000 000 000
e9e0: 000 000 000 000 000 000 000 000 000 000 000 000 000 000 000 000
e9f0: 000 000 000 000 000 000 000 000 000 000 000 000 000 000 000 000
ea00: 000 000 000 000 000 000 000 000 000 000 000 000 000 000 000 000
ea10: 000 000 000 000 000 000 000 000 000 000 000 000 000 000 000 000
ea20: 000 000 000 000 000 000 000 000 000 000 000 000 000 000 000 000
ea30: 000 000 000 000 000 000 000 000 000 000 000 000 000 000 000 000
ea40: 000 000 000 000 000 000 000 000 000 000 000 000 000 000 000 000
ea50: 000 000 000 000 000 000 000 000 000 000 000 000 000 000 000 000
ea60: 000 000 000 000 000 000 000 000 000 000 000 000 000 000 000 000
ea70: 000 000 000 000 000 000 000 000 000 000 000 000 000 000 000 000
ea80: 000 000 000 000 000 000 000 000 000 000 000 000 000 000 000 000
ea90: 000 000 000 000 000 000 000 000 000 000 000 000 000 000 000 000
eaa0: 000 000 000 000 000 000 000 000 000 000 000 000 000 000 000 000
eab0: 000 000 000 000 000 000 000 000 000 000 000 000 000 000 000 000
eac0: 000 000 000 000 000 000 000 000 000 000 000 000 000 000 000 000
ead0: 000 000 000 000 000 000 000 000 000 000 000 000 000 000 000 000
eae0: 000 000 000 000 000 000 000 000 000 000 000 000 000 000 000 000
eaf0: 000 000 000 000 000 000 000 000 000 000 000 000 000 000 000 000
eb00: 000 000 000 000 000 000 000 000 000 000 000 000 000 000 000 000
eb10: 000 000 000 000 000 000 000 000 000 000 000 000 000 000 000 000
eb20: 000 000 000 000 000 000 000 000 000 000 000 000 000 000 000 000
eb30: 000 000 000 000 000 000 000 000 000 000 000 000 000 000 000 000
eb40: 000 000 000 000 000 000 000 000 000 000 000 000 000 000 000 000
eb50: 000 000 000 000 000 000 000 000 000 000 000 000 000 000 000 000
eb60: 000 000 000 000 000 000 000 000 000 000 000 000 000 000 000 000
eb70: 000 000 000 000 000 000 000 000 000 000 000 000 000 000 000 000
eb80: 000 000 000 000 000 000 000 000 000 000 000 000 000 000 000 000
eb90: 000 000 000 000 000 000 000 000 000 000 000 000 000 000 000 000
eba0: 000 000 000 000 000 000 000 000 000 000 000 000 000 000 000 000
ebb0: 000 000 000 000 000 000 000 000 000 000 000 000 000 000 000 000
ebc0: 000 000 000 000 000 000 000 000 000 000 000 000 000 000 000 000
ebd0: 000 000 000 000 000 000 000 000 000 000 000 000 000 000 000 000
ebe0: 000 000 000 000 000 000 000 000 000 000 000 000 000 000 000 000
ebf0: 000 000 000 000 000 000 000 000 000 000 000 000 000 000 000 000
ec00: 000 000 000 000 000 000 000 000 000 000 000 000 000 000 000 000
ec10: 000 000 000 000 000 000 000 000 000 000 000 000 000 000 000 000
ec20: 000 000 000 000 000 000 000 000 000 000 000 000 000 000 000 000
ec30: 000 000 000 000 000 000 000 000 000 000 000 000 000 000 000 000
ec40: 000 000 000 000 000 000 000 000 000 000 000 000 000 000 000 000
ec50: 000 000 000 000 000 000 000 000 000 000 000 000 000 000 000 000
ec60: 000 000 000 000 000 000 000 000 000 000 000 000 000 000 000 000
ec70: 000 000 000 000 000 000 000 000 000 000 000 000 000 000 000 000
ec80: 000 000 000 000 000 000 000 000 000 000 000 000 000 000 000 000
ec90: 000 000 000 000 000 000 000 000 000 000 000 000 000 000 000 000
eca0: 000 000 000 000 000 000 000 000 000 000 000 000 000 000 000 000
ecb0: 000 000 000 000 000 000 000 000 000 000 000 000 000 000 000 000
ecc0: 000 000 000 000 000 000 000 000 000 000 000 000 000 000 000 000
ecd0: 000 000 000 000 000 000 000 000 000 000 000 000 000 000 000 000
ece0: 000 000 000 000 000 000 000 000 000 000 000 000 000 000 000 000
ecf0: 000 000 000 000 000 000 000 000 000 000 000 000 000 000 000 000
ed00: 000 000 000 000 000 000 000 000 000 000 000 000 000 000 000 000
ed10: 000 000 000 000 000 000 000 000 000 000 000 000 000 000 000 000
ed20: 000 000 000 000 000 000 000 000 000 000 000 000 000 000 000 000
ed30: 000 000 000 000 000 000 000 000 000 000 000 000 000 000 000 000
ed40: 000 000 000 000 000 000 000 000 000 000 000 000 000 000 000 000
ed50: 000 000 000 000 000 000 000 000 000 000 000 000 000 000 000 000
ed60: 000 000 000 000 000 000 000 000 000 000 000 000 000 000 000 000
ed70: 000 000 000 000 000 000 000 000 000 000 000 000 000 000 000 000
ed80: 000 000 000 000 000 000 000 000 000 000 000 000 000 000 000 000
ed90: 000 000 000 000 000 000 000 000 000 000 000 000 000 000 000 000
eda0: 000 000 000 000 000 000 000 000 000 000 000 000 000 000 000 000
edb0: 000 000 000 000 000 000 000 000 000 000 000 000 000 000 000 000
edc0: 000 000 000 000 000 000 000 000 000 000 000 000 000 000 000 000
edd0: 000 000 000 000 000 000 000 000 000 000 000 000 000 000 000 000
ede0: 000 000 000 000 000 000 000 000 000 000 000 000 000 000 000 000
edf0: 000 000 000 000 000 000 000 000 000 000 000 000 000 000 000 000
ee00: 000 000 000 000 000 000 000 000 000 000 000 000 000 000 000 000
ee10: 000 000 000 000 000 000 000 000 000 000 000 000 000 000 000 000
ee20: 000 000 000 000 000 000 000 000 000 000 000 000 000 000 000 000
ee30: 000 000 000 000 000 000 000 000 000 000 000 000 000 000 000 000
ee40: 000 000 000 000 000 000 000 000 000 000 000 000 000 000 000 000
ee50: 000 000 000 000 000 000 000 000 000 000 000 000 000 000 000 000
ee60: 000 000 000 000 000 000 000 000 000 000 000 000 000 000 000 000
ee70: 000 000 000 000 000 000 000 000 000 000 000 000 000 000 000 000
ee80: 000 000 000 000 000 000 000 000 000 000 000 000 000 000 000 000
ee90: 000 000 000 000 000 000 000 000 000 000 000 000 000 000 000 000
eea0: 000 000 000 000 000 000 000 000 000 000 000 000 000 000 000 000
eeb0: 000 000 000 000 000 000 000 000 000 000 000 000 000 000 000 000
eec0: 000 000 000 000 000 000 000 000 000 000 000 000 000 000 000 000
eed0: 000 000 000 000 000 000 000 000 000 000 000 000 000 000 000 000
eee0: 000 000 000 000 000 000 000 000 000 000 000 000 000 000 000 000
eef0: 000 000 000 000 000 000 000 000 000 000 000 000 000 000 000 000
ef00: 000 000 000 000 000 000 000 000 000 000 000 000 000 000 000 000
ef10: 000 000 000 000 000 000 000 000 000 000 000 000 000 000 000 000
ef20: 000 000 000 000 000 000 000 000 000 000 000 000 000 000 000 000
ef30: 000 000 000 000 000 000 000 000 000 000 000 000 000 000 000 000
ef40: 000 000 000 000 000 000 000 000 000 000 000 000 000 000 000 000
ef50: 000 000 000 000 000 000 000 000 000 000 000 000 000 000 000 000
ef60: 000 000 000 000 000 000 000 000 000 000 000 000 000 000 000 000
ef70: 000 000 000 000 000 000 000 000 000 000 000 000 000 000 000 000
ef80: 000 000 000 000 000 000 000 000 000 000 000 000 000 000 000 000
ef90: 000 000 000 000 000 000 000 000 000 000 000 000 000 000 000 000
efa0: 000 000 000 000 000 000 000 000 000 000 000 000 000 000 000 000
efb0: 000 000 000 000 000 000 000 000 000 000 000 000 000 000 000 000
efc0: 000 000 000 000 000 000 000 000 000 000 000 000 000 000 000 000
efd0: 000 000 000 000 000 000 000 000 000 000 000 000 000 000 000 000
efe0: 000 000 000 000 000 000 000 000 000 000 000 000 000 000 000 000
eff0: 000 000 000 000 000 000 000 000 000 000 000 000 000 000 000 000
f000: 000 000 000 000 000 000 000 000 000 000 000 000 000 000 000 000
f010: 000 000 000 000 000 000 000 000 000 000 000 000 000 000 000 000
f020: 000 000 000 000 000 000 000 000 000 000 000 000 000 000 000 000
f030: 000 000 000 000 000 000 000 000 000 000 000 000 000 000 000 000
f040: 000 000 000 000 000 000 000 000 000 000 000 000 000 000 000 000
f050: 000 000 000 000 000 000 000 000 000 000 000 000 000 000 000 000
f060: 000 000 000 000 000 000 000 000 000 000 000 000 000 000 000 000
f070: 000 000 000 000 000 000 000 000 000 000 000 000 000 000 000 000
f080: 000 000 000 000 000 000 000 000 000 000 000 000 000 000 000 000
f090: 000 000 000 000 000 000 000 000 000 000 000 000 000 000 000 000
f0a0: 000 000 000 000 000 000 000 000 000 000 000 000 000 000 000 000
f0b0: 000 000 000 000 000 000 000 000 000 000 000 000 000 000 000 000
f0c0: 000 000 000 000 000 000 000 000 000 000 000 000 000 000 000 000
f0d0: 000 000 000 000 000 000 000 000 000 000 000 000 000 000 000 000
f0e0: 000 000 000 000 000 000 000 000 000 000 000 000 000 000 000 000
f0f0: 000 000 000 000 000 000 000 000 000 000 000 000 000 000 000 000
f100: 000 000 000 000 000 000 000 000 000 000 000 000 000 000 000 000
f110: 000 000 000 000 000 000 000 000 000 000 000 000 000 000 000 000
f120: 000 000 000 000 000 000 000 000 000 000 000 000 000 000 000 000
f130: 000 000 000 000 000 000 000 000 000 000 000 000 000 000 000 000
f140: 000 000 000 000 000 000 000 000 000 000 000 000 000 000 000 000
f150: 000 000 000 000 000 000 000 000 000 000 000 000 000 000 000 000
f160: 000 000 000 000 000 000 000 000 000 000 000 000 000 000 000 000
f170: 000 000 000 000 000 000 000 000 000 000 000 000 000 000 000 000
f180: 000 000 000 000 000 000 000 000 000 000 000 000 000 000 000 000
f190: 000 000 000 000 000 000 000 000 000 000 000 000 000 000 000 000
f1a0: 000 000 000 000 000 000 000 000 000 000 000 000 000 000 000 000
f1b0: 000 000 000 000 000 000 000 000 000 000 000 000 000 000 000 000
f1c0: 000 000 000 000 000 000 000 000 000 000 000 000 000 000 000 000
f1d0: 000 000 000 000 000 000 000 000 000 000 000 000 000 000 000 000
f1e0: 000 000 000 000 000 000 000 000 000 000 000 000 000 000 000 000
f1f0: 000 000 000 000 000 000 000 000 000 000 000 000 000 000 000 000
f200: 000 000 000 000 000 000 000 000 000 000 000 000 000 000 000 000
f210: 000 000 000 000 000 000 000 000 000 000 000 000 000 000 000 000
f220: 000 000 000 000 000 000 000 000 000 000 000 000 000 000 000 000
f230: 000 000 000 000 000 000 000 000 000 000 000 000 000 000 000 000
f240: 000 000 000 000 000 000 000 000 000 000 000 000 000 000 000 000
f250: 000 000 000 000 000 000 000 000 000 000 000 000 000 000 000 000
f260: 000 000 000 000 000 000 000 000 000 000 000 000 000 000 000 000
f270: 000 000 000 000 000 000 000 000 000 000 000 000 000 000 000 000
f280: 000 000 000 000 000 000 000 000 000 000 000 000 000 000 000 000
f290: 000 000 000 000 000 000 000 000 000 000 000 000 000 000 000 000
f2a0: 000 000 000 000 000 000 000 000 000 000 000 000 000 000 000 000
f2b0: 000 000 000 000 000 000 000 000 000 000 000 000 000 000 000 000
f2c0: 000 000 000 000 000 000 000 000 000 000 000 000 000 000 000 000
f2d0: 000 000 000 000 000 000 000 000 000 000 000 000 000 000 000 000
f2e0: 000 000 000 000 000 000 000 000 000 000 000 000 000 000 000 000
f2f0: 000 000 000 000 000 000 000 000 000 000 000 000 000 000 000 000
f300: 000 000 000 000 000 000 000 000 000 000 000 000 000 000 000 000
f310: 000 000 000 000 000 000 000 000 000 000 000 000 000 000 000 000
f320: 000 000 000 000 000 000 000 000 000 000 000 000 000 000 000 000
f330: 000 000 000 000 000 000 000 000 000 000 000 000 000 000 000 000
f340: 000 000 000 000 000 000 000 000 000 000 000 000 000 000 000 000
f350: 000 000 000 000 000 000 000 000 000 000 000 000 000 000 000 000
f360: 000 000 000 000 000 000 000 000 000 000 000 000 000 000 000 000
f370: 000 000 000 000 000 000 000 000 000 000 000 000 000 000 000 000
f380: 000 000 000 000 000 000 000 000 000 000 000 000 000 000 000 000
f390: 000 000 000 000 000 000 000 000 000 000 000 000 000 000 000 000
f3a0: 000 000 000 000 000 000 000 000 000 000 000 000 000 000 000 000
f3b0: 000 000 000 000 000 000 000 000 000 000 000 000 000 000 000 000
f3c0: 000 000 000 000 000 000 000 000 000 000 000 000 000 000 000 000
f3d0: 000 000 000 000 000 000 000 000 000 000 000 000 000 000 000 000
f3e0: 000 000 000 000 000 000 000 000 000 000 000 000 000 000 000 000
f3f0: 000 000 000 000 000 000 000 000 000 000 000 000 000 000 000 000
f400: 000 000 000 000 000 000 000 000 000 000 000 000 000 000 000 000
f410: 000 000 000 000 000 000 000 000 000 000 000 000 000 000 000 000
f420: 000 000 000 000 000 000 000 000 000 000 000 000 000 000 000 000
f430: 000 000 000 000 000 000 000 000 000 000 000 000 000 000 000 000
f440: 000 000 000 000 000 000 000 000 000 000 000 000 000 000 000 000
f450: 000 000 000 000 000 000 000 000 000 000 000 000 000 000 000 000
f460: 000 000 000 000 000 000 000 000 000 000 000 000 000 000 000 000
f470: 000 000 000 000 000 000 000 000 000 000 000 000 000 000 000 000
f480: 000 000 000 000 000 000 000 000 000 000 000 000 000 000 000 000
f490: 000 000 000 000 000 000 000 000 000 000 000 000 000 000 000 000
f4a0: 000 000 000 000 000 000 000 000 000 000 000 000 000 000 000 000
f4b0: 000 000 000 000 000 000 000 000 000 000 000 000 000 000 000 000
f4c0: 000 000 000 000 000 000 000 000 000 000 000 000 000 000 000 000
f4d0: 000 000 000 000 000 000 000 000 000 000 000 000 000 000 000 000
f4e0: 000 000 000 000 000 000 000 000 000 000 000 000 000 000 000 000
f4f0: 000 000 000 000 000 000 000 000 000 000 000 000 000 000 000 000
f500: 000 000 000 000 000 000 000 000 000 000 000 000 000 000 000 000
f510: 000 000 000 000 000 000 000 000 000 000 000 000 000 000 000 000
f520: 000 000 000 000 000 000 000 000 000 000 000 000 000 000 000 000
f530: 000 000 000 000 000 000 000 000 000 000 000 000 000 000 000 000
f540: 000 000 000 000 000 000 000 000 000 000 000 000 000 000 000 000
f550: 000 000 000 000 000 000 000 000 000 000 000 000 000 000 000 000
f560: 000 000 000 000 000 000 000 000 000 000 000 000 000 000 000 000
f570: 000 000 000 000 000 000 000 000 000 000 000 000 000 000 000 000
f580: 000 000 000 000 000 000 000 000 000 000 000 000 000 000 000 000
f590: 000 000 000 000 000 000 000 000 000 000 000 000 000 000 000 000
f5a0: 000 000 000 000 000 000 000 000 000 000 000 000 000 000 000 000
f5b0: 000 000 000 000 000 000 000 000 000 000 000 000 000 000 000 000
f5c0: 000 000 000 000 000 000 000 000 000 000 000 000 000 000 000 000
f5d0: 000 000 000 000 000 000 000 000 000 000 000 000 000 000 000 000
f5e0: 000 000 000 000 000 000 000 000 000 000 000 000 000 000 000 000
f5f0: 000 000 000 000 000 000 000 000 000 000 000 000 000 000 000 000
f600: 000 000 000 000 000 000 000 000 000 000 000 000 000 000 000 000
f610: 000 000 000 000 000 000 000 000 000 000 000 000 000 000 000 000
f620: 000 000 000 000 000 000 000 000 000 000 000 000 000 000 000 000
f630: 000 000 000 000 000 000 000 000 000 000 000 000 000 000 000 000
f640: 000 000 000 000 000 000 000 000 000 000 000 000 000 000 000 000
f650: 000 000 000 000 000 000 000 000 000 000 000 000 000 000 000 000
f660: 000 000 000 000 000 000 000 000 000 000 000 000 000 000 000 000
f670: 000 000 000 000 000 000 000 000 000 000 000 000 000 000 000 000
f680: 000 000 000 000 000 000 000 000 000 000 000 000 000 000 000 000
f690: 000 000 000 000 000 000 000 000 000 000 000 000 000 000 000 000
f6a0: 000 000 000 000 000 000 000 000 000 000 000 000 000 000 000 000
f6b0: 000 000 000 000 000 000 000 000 000 000 000 000 000 000 000 000
f6c0: 000 000 000 000 000 000 000 000 000 000 000 000 000 000 000 000
f6d0: 000 000 000 000 000 000 000 000 000 000 000 000 000 000 000 000
f6e0: 000 000 000 000 000 000 000 000 000 000 000 000 000 000 000 000
f6f0: 000 000 000 000 000 000 000 000 000 000 000 000 000 000 000 000
f700: 000 000 000 000 000 000 000 000 000 000 000 000 000 000 000 000
f710: 000 000 000 000 000 000 000 000 000 000 000 000 000 000 000 000
f720: 000 000 000 000 000 000 000 000 000 000 000 000 000 000 000 000
f730: 000 000 000 000 000 000 000 000 000 000 000 000 000 000 000 000
f740: 000 000 000 000 000 000 000 000 000 000 000 000 000 000 000 000
f750: 000 000 000 000 000 000 000 000 000 000 000 000 000 000 000 000
f760: 000 000 000 000 000 000 000 000 000 000 000 000 000 000 000 000
f770: 000 000 000 000 000 000 000 000 000 000 000 000 000 000 000 000
f780: 000 000 000 000 000 000 000 000 000 000 000 000 000 000 000 000
f790: 000 000 000 000 000 000 000 000 000 000 000 000 000 000 000 000
f7a0: 000 000 000 000 000 000 000 000 000 000 000 000 000 000 000 000
f7b0: 000 000 000 000 000 000 000 000 000 000 000 000 000 000 000 000
f7c0: 000 000 000 000 000 000 000 000 000 000 000 000 000 000 000 000
f7d0: 000 000 000 000 000 000 000 000 000 000 000 000 000 000 000 000
f7e0: 000 000 000 000 000 000 000 000 000 000 000 000 000 000 000 000
f7f0: 000 000 000 000 000 000 000 000 000 000 000 000 000 000 000 000
f800: 000 000 000 000 000 000 000 000 000 000 000 000 000 000 000 000
f810: 000 000 000 000 000 000 000 000 000 000 000 000 000 000 000 000
f820: 000 000 000 000 000 000 000 000 000 000 000 000 000 000 000 000
f830: 000 000 000 000 000 000 000 000 000 000 000 000 000 000 000 000
f840: 000 000 000 000 000 000 000 000 000 000 000 000 000 000 000 000
f850: 000 000 000 000 000 000 000 000 000 000 000 000 000 000 000 000
f860: 000 000 000 000 000 000 000 000 000 000 000 000 000 000 000 000
f870: 000 000 000 000 000 000 000 000 000 000 000 000 000 000 000 000
f880: 000 000 000 000 000 000 000 000 000 000 000 000 000 000 000 000
f890: 000 000 000 000 000 000 000 000 000 000 000 000 000 000 000 000
f8a0: 000 000 000 000 000 000 000 000 000 000 000 000 000 000 000 000
f8b0: 000 000 000 000 000 000 000 000 000 000 000 000 000 000 000 000
f8c0: 000 000 000 000 000 000 000 000 000 000 000 000 000 000 000 000
f8d0: 000 000 000 000 000 000 000 000 000 000 000 000 000 000 000 000
f8e0: 000 000 000 000 000 000 000 000 000 000 000 000 000 000 000 000
f8f0: 000 000 000 000 000 000 000 000 000 000 000 000 000 000 000 000
f900: 000 000 000 000 000 000 000 000 000 000 000 000 000 000 000 000
f910: 000 000 000 000 000 000 000 000 000 000 000 000 000 000 000 000
f920: 000 000 000 000 000 000 000 000 000 000 000 000 000 000 000 000
f930: 000 000 000 000 000 000 000 000 000 000 000 000 000 000 000 000
f940: 000 000 000 000 000 000 000 000 000 000 000 000 000 000 000 000
f950: 000 000 000 000 000 000 000 000 000 000 000 000 000 000 000 000
f960: 000 000 000 000 000 000 000 000 000 000 000 000 000 000 000 000
f970: 000 000 000 000 000 000 000 000 000 000 000 000 000 000 000 000
f980: 000 000 000 000 000 000 000 000 000 000 000 000 000 000 000 000
f990: 000 000 000 000 000 000 000 000 000 000 000 000 000 000 000 000
f9a0: 000 000 000 000 000 000 000 000 000 000 000 000 000 000 000 000
f9b0: 000 000 000 000 000 000 000 000 000 000 000 000 000 000 000 000
f9c0: 000 000 000 000 000 000 000 000 000 000 000 000 000 000 000 000
f9d0: 000 000 000 000 000 000 000 000 000 000 000 000 000 000 000 000
f9e0: 000 000 000 000 000 000 000 000 000 000 000 000 000 000 000 000
f9f0: 000 000 000 000 000 000 000 000 000 000 000 000 000 000 000 000
fa00: 000 000 000 000 000 000 000 000 000 000 000 000 000 000 000 000
fa10: 000 000 000 000 000 000 000 000 000 000 000 000 000 000 000 000
fa20: 000 000 000 000 000 000 000 000 000 000 000 000 000 000 000 000
fa30: 000 000 000 000 000 000 000 000 000 000 000 000 000 000 000 000
fa40: 000 000 000 000 000 000 000 000 000 000 000 000 000 000 000 000
fa50: 000 000 000 000 000 000 000 000 000 000 000 000 000 000 000 000
fa60: 000 000 000 000 000 000 000 000 000 000 000 000 000 000 000 000
fa70: 000 000 000 000 000 000 000 000 000 000 000 000 000 000 000 000
fa80: 000 000 000 000 000 000 000 000 000 000 000 000 000 000 000 000
fa90: 000 000 000 000 000 000 000 000 000 000 000 000 000 000 000 000
faa0: 000 000 000 000 000 000 000 000 000 000 000 000 000 000 000 000
fab0: 000 000 000 000 000 000 000 000 000 000 000 000 000 000 000 000
fac0: 000 000 000 000 000 000 000 000 000 000 000 000 000 000 000 000
fad0: 000 000 000 000 000 000 000 000 000 000 000 000 000 000 000 000
fae0: 000 000 000 000 000 000 000 000 000 000 000 000 000 000 000 000
faf0: 000 000 000 000 000 000 000 000 000 000 000 000 000 000 000 000
fb00: 000 000 000 000 000 000 000 000 000 000 000 000 000 000 000 000
fb10: 000 000 000 000 000 000 000 000 000 000 000 000 000 000 000 000
fb20: 000 000 000 000 000 000 000 000 000 000 000 000 000 000 000 000
fb30: 000 000 000 000 000 000 000 000 000 000 000 000 000 000 000 000
fb40: 000 000 000 000 000 000 000 000 000 000 000 000 000 000 000 000
fb50: 000 000 000 000 000 000 000 000 000 000 000 000 000 000 000 000
fb60: 000 000 000 000 000 000 000 000 000 000 000 000 000 000 000 000
fb70: 000 000 000 000 000 000 000 000 000 000 000 000 000 000 000 000
fb80: 000 000 000 000 000 000 000 000 000 000 000 000 000 000 000 000
fb90: 000 000 000 000 000 000 000 000 000 000 000 000 000 000 000 000
fba0: 000 000 000 000 000 000 000 000 000 000 000 000 000 000 000 000
fbb0: 000 000 000 000 000 000 000 000 000 000 000 000 000 000 000 000
fbc0: 000 000 000 000 000 000 000 000 000 000 000 000 000 000 000 000
fbd0: 000 000 000 000 000 000 000 000 000 000 000 000 000 000 000 000
fbe0: 000 000 000 000 000 000 000 000 000 000 000 000 000 000 000 000
fbf0: 000 000 000 000 000 000 000 000 000 000 000 000 000 000 000 000
fc00: 000 000 000 000 000 000 000 000 000 000 000 000 000 000 000 000
fc10: 000 000 000 000 000 000 000 000 000 000 000 000 000 000 000 000
fc20: 000 000 000 000 000 000 000 000 000 000 000 000 000 000 000 000
fc30: 000 000 000 000 000 000 000 000 000 000 000 000 000 000 000 000
fc40: 000 000 000 000 000 000 000 000 000 000 000 000 000 000 000 000
fc50: 000 000 000 000 000 000 000 000 000 000 000 000 000 000 000 000
fc60: 000 000 000 000 000 000 000 000 000 000 000 000 000 000 000 000
fc70: 000 000 000 000 000 000 000 000 000 000 000 000 000 000 000 000
fc80: 000 000 000 000 000 000 000 000 000 000 000 000 000 000 000 000
fc90: 000 000 000 000 000 000 000 000 000 000 000 000 000 000 000 000
fca0: 000 000 000 000 000 000 000 000 000 000 000 000 000 000 000 000
fcb0: 000 000 000 000 000 000 000 000 000 000 000 000 000 000 000 000
fcc0: 000 000 000 000 000 000 000 000 000 000 000 000 000 000 000 000
fcd0: 000 000 000 000 000 000 000 000 000 000 000 000 000 000 000 000
fce0: 000 000 000 000 000 000 000 000 000 000 000 000 000 000 000 000
fcf0: 000 000 000 000 000 000 000 000 000 000 000 000 000 000 000 000
fd00: 000 000 000 000 000 000 000 000 000 000 000 000 000 000 000 000
fd10: 000 000 000 000 000 000 000 000 000 000 000 000 000 000 000 000
fd20: 000 000 000 000 000 000 000 000 000 000 000 000 000 000 000 000
fd30: 000 000 000 000 000 000 000 000 000 000 000 000 000 000 000 000
fd40: 000 000 000 000 000 000 000 000 000 000 000 000 000 000 000 000
fd50: 000 000 000 000 000 000 000 000 000 000 000 000 000 000 000 000
fd60: 000 000 000 000 000 000 000 000 000 000 000 000 000 000 000 000
fd70: 000 000 000 000 000 000 000 000 000 000 000 000 000 000 000 000
fd80: 000 000 000 000 000 000 000 000 000 000 000 000 000 000 000 000
fd90: 000 000 000 000 000 000 000 000 000 000 000 000 000 000 000 000
fda0: 000 000 000 000 000 000 000 000 000 000 000 000 000 000 000 000
fdb0: 000 000 000 000 000 000 000 000 000 000 000 000 000 000 000 000
fdc0: 000 000 000 000 000 000 000 000 000 000 000 000 000 000 000 000
fdd0: 000 000 000 000 000 000 000 000 000 000 000 000 000 000 000 000
fde0: 000 000 000 000 000 000 000 000 000 000 000 000 000 000 000 000
fdf0: 000 000 000 000 000 000 000 000 000 000 000 000 000 000 000 000
fe00: 000 000 000 000 000 000 000 000 000 000 000 000 000 000 000 000
fe10: 000 000 000 000 000 000 000 000 000 000 000 000 000 000 000 000
fe20: 000 000 000 000 000 000 000 000 000 000 000 000 000 000 000 000
fe30: 000 000 000 000 000 000 000 000 000 000 000 000 000 000 000 000
fe40: 000 000 000 000 000 000 000 000 000 000 000 000 000 000 000 000
fe50: 000 000 000 000 000 000 000 000 000 000 000 000 000 000 000 000
fe60: 000 000 000 000 000 000 000 000 000 000 000 000 000 000 000 000
fe70: 000 000 000 000 000 000 000 000 000 000 000 000 000 000 000 000
fe80: 000 000 000 000 000 000 000 000 000 000 000 000 000 000 000 000
fe90: 000 000 000 000 000 000 000 000 000 000 000 000 000 000 000 000
fea0: 000 000 000 000 000 000 000 000 000 000 000 000 000 000 000 000
feb0: 000 000 000 000 000 000 000 000 000 000 000 000 000 000 000 000
fec0: 000 000 000 000 000 000 000 000 000 000 000 000 000 000 000 000
fed0: 000 000 000 000 000 000 000 000 000 000 000 000 000 000 000 000
fee0: 000 000 000 000 000 000 000 000 000 000 000 000 000 000 000 000
fef0: 000 000 000 000 000 000 000 000 000 000 000 000 000 000 000 000
ff00: 000 000 000 000 000 000 000 000 000 000 000 000 000 000 000 000
ff10: 000 000 000 000 000 000 000 000 000 000 000 000 000 000 000 000
ff20: 000 000 000 000 000 000 000 000 000 000 000 000 000 000 000 000
ff30: 000 000 000 000 000 000 000 000 000 000 000 000 000 000 000 000
ff40: 000 000 000 000 000 000 000 000 000 000 000 000 000 000 000 000
ff50: 000 000 000 000 000 000 000 000 000 000 000 000 000 000 000 000
ff60: 000 000 000 000 000 000 000 000 000 000 000 000 000 000 000 000
ff70: 000 000 000 000 000 000 000 000 000 000 000 000 000 000 000 000
ff80: 000 000 000 000 000 000 000 000 000 000 000 000 000 000 000 000
ff90: 000 000 000 000 000 000 000 000 000 000 000 000 000 000 000 000
ffa0: 000 000 000 000 000 000 000 000 000 000 000 000 000 000 000 000
ffb0: 000 000 000 000 000 000 000 000 000 000 000 000 000 000 000 000
ffc0: 000 000 000 000 000 000 000 000 000 000 000 000 000 000 000 000
ffd0: 000 000 000 000 000 000 000 000 000 000 000 000 000 000 000 000
ffe0: 000 000 000 000 000 000 000 000 000 000 000 000 000 000 000 000
fff0: 000 000 000 000 000 000 000 000 000 000 000 000 000 000 000 000
