Copyright 1986-2022 Xilinx, Inc. All Rights Reserved. Copyright 2022-2026 Advanced Micro Devices, Inc. All Rights Reserved.
---------------------------------------------------------------------------------------------------------------------------------------------------------------
| Tool Version : Vivado v.2026.1 (lin64) Build 6511674 Tue Jun 16 11:01:26 MDT 2026
| Date         : Tue Aug 25 07:13:32 2026
| Host         : junaet-desktop running 64-bit Ubuntu 22.04.5 LTS
| Command      : report_timing -delay_type max -max_paths 20 -sort_by slack -file /home/junaet/Documents/CustomCPU/fpga/fmax/vivado_out_5p4ns/timing_paths.rpt
| Design       : cpu_timing_top
| Device       : 7k480t-ffg901
| Speed File   : -2  PRODUCTION 1.12 2017-02-17
| Design State : Routed
---------------------------------------------------------------------------------------------------------------------------------------------------------------

Timing Report

Slack (VIOLATED) :        -0.152ns  (required time - arrival time)
  Source:                 cpu/pc_fetch_1/pc/_4__reg[8]/C
                            (rising edge-triggered cell FDRE clocked by clk  {rise@0.000ns fall@2.700ns period=5.400ns})
  Destination:            cpu/reg16x32_1_1/r15/_4__reg[4]/CE
                            (rising edge-triggered cell FDRE clocked by clk  {rise@0.000ns fall@2.700ns period=5.400ns})
  Path Group:             clk
  Path Type:              Setup (Max at Slow Process Corner)
  Requirement:            5.400ns  (clk rise@5.400ns - clk rise@0.000ns)
  Data Path Delay:        5.269ns  (logic 0.481ns (9.130%)  route 4.788ns (90.870%))
  Logic Levels:           6  (LUT3=1 LUT4=2 LUT5=1 LUT6=2)
  Clock Path Skew:        -0.047ns (DCD - SCD + CPR)
    Destination Clock Delay (DCD):    4.680ns = ( 10.080 - 5.400 ) 
    Source Clock Delay      (SCD):    5.036ns
    Clock Pessimism Removal (CPR):    0.309ns
  Clock Uncertainty:      0.035ns  ((TSJ^2 + TIJ^2)^1/2 + DJ) / 2 + PE
    Total System Jitter     (TSJ):    0.071ns
    Total Input Jitter      (TIJ):    0.000ns
    Discrete Jitter          (DJ):    0.000ns
    Phase Error              (PE):    0.000ns

    Location             Delay type                Incr(ns)  Path(ns)    Netlist Resource(s)
  -------------------------------------------------------------------    -------------------
                         (clock clk rise edge)        0.000     0.000 r  <hidden>
    AH16                                              0.000     0.000 r  clk
                         net (fo=0)                   0.000     0.000    clk
    AH16                 IBUF (Prop_ibuf_I_O)         0.778     0.778 r  clk_IBUF_inst/O
                         net (fo=8, routed)           2.715     3.493    clk_IBUF
    BUFGCTRL_X0Y0        BUFG (Prop_bufg_I_O)         0.093     3.586 r  clk_IBUF_BUFG_inst/O
                         net (fo=677, routed)         1.450     5.036    cpu/pc_fetch_1/pc/CLK
    SLICE_X56Y131        FDRE                                         r  cpu/pc_fetch_1/pc/_4__reg[8]/C
  -------------------------------------------------------------------    -------------------
    SLICE_X56Y131        FDRE (Prop_fdre_C_Q)         0.223     5.259 f  cpu/pc_fetch_1/pc/_4__reg[8]/Q
                         net (fo=7, routed)           0.378     5.637    cpu/pc_fetch_1/pc/Q[6]
    SLICE_X56Y131        LUT5 (Prop_lut5_I0_O)        0.043     5.680 f  cpu/pc_fetch_1/pc/_1__carry_i_12/O
                         net (fo=183, routed)         1.013     6.693    cpu/pc_fetch_1/pc/_4__reg[8]_0
    SLICE_X53Y122        LUT3 (Prop_lut3_I1_O)        0.043     6.736 r  cpu/pc_fetch_1/pc/_10__i_2/O
                         net (fo=9, routed)           0.694     7.430    cpu/pc_fetch_1/pc/_4__reg[2]_0
    SLICE_X58Y125        LUT4 (Prop_lut4_I1_O)        0.043     7.473 r  cpu/pc_fetch_1/pc/_4_[31]_i_3__3/O
                         net (fo=55, routed)          0.320     7.793    cpu/pc_fetch_1/pc/_4__reg[4]_2
    SLICE_X56Y124        LUT4 (Prop_lut4_I0_O)        0.043     7.836 r  cpu/pc_fetch_1/pc/_4_[31]_i_13/O
                         net (fo=2, routed)           0.363     8.199    cpu/pc_fetch_1/pc/_018_
    SLICE_X56Y124        LUT6 (Prop_lut6_I5_O)        0.043     8.242 f  cpu/pc_fetch_1/pc/_4_[31]_i_4__0/O
                         net (fo=8, routed)           0.436     8.678    cpu/pc_fetch_1/pc/_4__reg_38
    SLICE_X58Y123        LUT6 (Prop_lut6_I3_O)        0.043     8.721 r  cpu/pc_fetch_1/pc/_4_[31]_i_1__3/O
                         net (fo=32, routed)          1.583    10.305    cpu/reg16x32_1_1/r15/_2__6
    SLICE_X47Y124        FDRE                                         r  cpu/reg16x32_1_1/r15/_4__reg[4]/CE
  -------------------------------------------------------------------    -------------------

                         (clock clk rise edge)        5.400     5.400 r  <hidden>
    AH16                                              0.000     5.400 r  clk
                         net (fo=0)                   0.000     5.400    clk
    AH16                 IBUF (Prop_ibuf_I_O)         0.703     6.103 r  clk_IBUF_inst/O
                         net (fo=8, routed)           2.579     8.682    clk_IBUF
    BUFGCTRL_X0Y0        BUFG (Prop_bufg_I_O)         0.083     8.765 r  clk_IBUF_BUFG_inst/O
                         net (fo=677, routed)         1.315    10.080    cpu/reg16x32_1_1/r15/CLK
    SLICE_X47Y124        FDRE                                         r  cpu/reg16x32_1_1/r15/_4__reg[4]/C
                         clock pessimism              0.309    10.389    <hidden>
                         clock uncertainty           -0.035    10.354    <hidden>
    SLICE_X47Y124        FDRE (Setup_fdre_C_CE)      -0.201    10.153    cpu/reg16x32_1_1/r15/_4__reg[4]
  -------------------------------------------------------------------
                         required time                         10.153    <hidden>
                         arrival time                         -10.305    <hidden>
  -------------------------------------------------------------------
                         slack                                 -0.152    <hidden>

Slack (VIOLATED) :        -0.152ns  (required time - arrival time)
  Source:                 cpu/pc_fetch_1/pc/_4__reg[8]/C
                            (rising edge-triggered cell FDRE clocked by clk  {rise@0.000ns fall@2.700ns period=5.400ns})
  Destination:            cpu/reg16x32_1_1/r15/_4__reg[7]/CE
                            (rising edge-triggered cell FDRE clocked by clk  {rise@0.000ns fall@2.700ns period=5.400ns})
  Path Group:             clk
  Path Type:              Setup (Max at Slow Process Corner)
  Requirement:            5.400ns  (clk rise@5.400ns - clk rise@0.000ns)
  Data Path Delay:        5.269ns  (logic 0.481ns (9.130%)  route 4.788ns (90.870%))
  Logic Levels:           6  (LUT3=1 LUT4=2 LUT5=1 LUT6=2)
  Clock Path Skew:        -0.047ns (DCD - SCD + CPR)
    Destination Clock Delay (DCD):    4.680ns = ( 10.080 - 5.400 ) 
    Source Clock Delay      (SCD):    5.036ns
    Clock Pessimism Removal (CPR):    0.309ns
  Clock Uncertainty:      0.035ns  ((TSJ^2 + TIJ^2)^1/2 + DJ) / 2 + PE
    Total System Jitter     (TSJ):    0.071ns
    Total Input Jitter      (TIJ):    0.000ns
    Discrete Jitter          (DJ):    0.000ns
    Phase Error              (PE):    0.000ns

    Location             Delay type                Incr(ns)  Path(ns)    Netlist Resource(s)
  -------------------------------------------------------------------    -------------------
                         (clock clk rise edge)        0.000     0.000 r  <hidden>
    AH16                                              0.000     0.000 r  clk
                         net (fo=0)                   0.000     0.000    clk
    AH16                 IBUF (Prop_ibuf_I_O)         0.778     0.778 r  clk_IBUF_inst/O
                         net (fo=8, routed)           2.715     3.493    clk_IBUF
    BUFGCTRL_X0Y0        BUFG (Prop_bufg_I_O)         0.093     3.586 r  clk_IBUF_BUFG_inst/O
                         net (fo=677, routed)         1.450     5.036    cpu/pc_fetch_1/pc/CLK
    SLICE_X56Y131        FDRE                                         r  cpu/pc_fetch_1/pc/_4__reg[8]/C
  -------------------------------------------------------------------    -------------------
    SLICE_X56Y131        FDRE (Prop_fdre_C_Q)         0.223     5.259 f  cpu/pc_fetch_1/pc/_4__reg[8]/Q
                         net (fo=7, routed)           0.378     5.637    cpu/pc_fetch_1/pc/Q[6]
    SLICE_X56Y131        LUT5 (Prop_lut5_I0_O)        0.043     5.680 f  cpu/pc_fetch_1/pc/_1__carry_i_12/O
                         net (fo=183, routed)         1.013     6.693    cpu/pc_fetch_1/pc/_4__reg[8]_0
    SLICE_X53Y122        LUT3 (Prop_lut3_I1_O)        0.043     6.736 r  cpu/pc_fetch_1/pc/_10__i_2/O
                         net (fo=9, routed)           0.694     7.430    cpu/pc_fetch_1/pc/_4__reg[2]_0
    SLICE_X58Y125        LUT4 (Prop_lut4_I1_O)        0.043     7.473 r  cpu/pc_fetch_1/pc/_4_[31]_i_3__3/O
                         net (fo=55, routed)          0.320     7.793    cpu/pc_fetch_1/pc/_4__reg[4]_2
    SLICE_X56Y124        LUT4 (Prop_lut4_I0_O)        0.043     7.836 r  cpu/pc_fetch_1/pc/_4_[31]_i_13/O
                         net (fo=2, routed)           0.363     8.199    cpu/pc_fetch_1/pc/_018_
    SLICE_X56Y124        LUT6 (Prop_lut6_I5_O)        0.043     8.242 f  cpu/pc_fetch_1/pc/_4_[31]_i_4__0/O
                         net (fo=8, routed)           0.436     8.678    cpu/pc_fetch_1/pc/_4__reg_38
    SLICE_X58Y123        LUT6 (Prop_lut6_I3_O)        0.043     8.721 r  cpu/pc_fetch_1/pc/_4_[31]_i_1__3/O
                         net (fo=32, routed)          1.583    10.305    cpu/reg16x32_1_1/r15/_2__6
    SLICE_X47Y124        FDRE                                         r  cpu/reg16x32_1_1/r15/_4__reg[7]/CE
  -------------------------------------------------------------------    -------------------

                         (clock clk rise edge)        5.400     5.400 r  <hidden>
    AH16                                              0.000     5.400 r  clk
                         net (fo=0)                   0.000     5.400    clk
    AH16                 IBUF (Prop_ibuf_I_O)         0.703     6.103 r  clk_IBUF_inst/O
                         net (fo=8, routed)           2.579     8.682    clk_IBUF
    BUFGCTRL_X0Y0        BUFG (Prop_bufg_I_O)         0.083     8.765 r  clk_IBUF_BUFG_inst/O
                         net (fo=677, routed)         1.315    10.080    cpu/reg16x32_1_1/r15/CLK
    SLICE_X47Y124        FDRE                                         r  cpu/reg16x32_1_1/r15/_4__reg[7]/C
                         clock pessimism              0.309    10.389    <hidden>
                         clock uncertainty           -0.035    10.354    <hidden>
    SLICE_X47Y124        FDRE (Setup_fdre_C_CE)      -0.201    10.153    cpu/reg16x32_1_1/r15/_4__reg[7]
  -------------------------------------------------------------------
                         required time                         10.153    <hidden>
                         arrival time                         -10.305    <hidden>
  -------------------------------------------------------------------
                         slack                                 -0.152    <hidden>

Slack (VIOLATED) :        -0.143ns  (required time - arrival time)
  Source:                 cpu/pc_fetch_1/pc/_4__reg[8]/C
                            (rising edge-triggered cell FDRE clocked by clk  {rise@0.000ns fall@2.700ns period=5.400ns})
  Destination:            cpu/reg16x32_1_1/r2/_4__reg[21]/CE
                            (rising edge-triggered cell FDRE clocked by clk  {rise@0.000ns fall@2.700ns period=5.400ns})
  Path Group:             clk
  Path Type:              Setup (Max at Slow Process Corner)
  Requirement:            5.400ns  (clk rise@5.400ns - clk rise@0.000ns)
  Data Path Delay:        5.295ns  (logic 0.438ns (8.272%)  route 4.857ns (91.728%))
  Logic Levels:           5  (LUT3=1 LUT5=1 LUT6=3)
  Clock Path Skew:        -0.035ns (DCD - SCD + CPR)
    Destination Clock Delay (DCD):    4.692ns = ( 10.092 - 5.400 ) 
    Source Clock Delay      (SCD):    5.036ns
    Clock Pessimism Removal (CPR):    0.309ns
  Clock Uncertainty:      0.035ns  ((TSJ^2 + TIJ^2)^1/2 + DJ) / 2 + PE
    Total System Jitter     (TSJ):    0.071ns
    Total Input Jitter      (TIJ):    0.000ns
    Discrete Jitter          (DJ):    0.000ns
    Phase Error              (PE):    0.000ns

    Location             Delay type                Incr(ns)  Path(ns)    Netlist Resource(s)
  -------------------------------------------------------------------    -------------------
                         (clock clk rise edge)        0.000     0.000 r  <hidden>
    AH16                                              0.000     0.000 r  clk
                         net (fo=0)                   0.000     0.000    clk
    AH16                 IBUF (Prop_ibuf_I_O)         0.778     0.778 r  clk_IBUF_inst/O
                         net (fo=8, routed)           2.715     3.493    clk_IBUF
    BUFGCTRL_X0Y0        BUFG (Prop_bufg_I_O)         0.093     3.586 r  clk_IBUF_BUFG_inst/O
                         net (fo=677, routed)         1.450     5.036    cpu/pc_fetch_1/pc/CLK
    SLICE_X56Y131        FDRE                                         r  cpu/pc_fetch_1/pc/_4__reg[8]/C
  -------------------------------------------------------------------    -------------------
    SLICE_X56Y131        FDRE (Prop_fdre_C_Q)         0.223     5.259 f  cpu/pc_fetch_1/pc/_4__reg[8]/Q
                         net (fo=7, routed)           0.378     5.637    cpu/pc_fetch_1/pc/Q[6]
    SLICE_X56Y131        LUT5 (Prop_lut5_I0_O)        0.043     5.680 f  cpu/pc_fetch_1/pc/_1__carry_i_12/O
                         net (fo=183, routed)         1.013     6.693    cpu/pc_fetch_1/pc/_4__reg[8]_0
    SLICE_X53Y122        LUT3 (Prop_lut3_I1_O)        0.043     6.736 r  cpu/pc_fetch_1/pc/_10__i_2/O
                         net (fo=9, routed)           0.779     7.515    cpu/pc_fetch_1/pc/_4__reg[2]_0
    SLICE_X58Y125        LUT6 (Prop_lut6_I1_O)        0.043     7.558 r  cpu/pc_fetch_1/pc/_4__i_2/O
                         net (fo=11, routed)          0.489     8.047    cpu/pc_fetch_1/pc/_4__reg_33
    SLICE_X56Y124        LUT6 (Prop_lut6_I2_O)        0.043     8.090 f  cpu/pc_fetch_1/pc/_4_[31]_i_7__0/O
                         net (fo=8, routed)           0.442     8.532    cpu/pc_fetch_1/pc/_4__reg_37
    SLICE_X56Y123        LUT6 (Prop_lut6_I5_O)        0.043     8.575 r  cpu/pc_fetch_1/pc/_4_[31]_i_1__1/O
                         net (fo=32, routed)          1.756    10.331    cpu/reg16x32_1_1/r2/_2__7
    SLICE_X52Y143        FDRE                                         r  cpu/reg16x32_1_1/r2/_4__reg[21]/CE
  -------------------------------------------------------------------    -------------------

                         (clock clk rise edge)        5.400     5.400 r  <hidden>
    AH16                                              0.000     5.400 r  clk
                         net (fo=0)                   0.000     5.400    clk
    AH16                 IBUF (Prop_ibuf_I_O)         0.703     6.103 r  clk_IBUF_inst/O
                         net (fo=8, routed)           2.579     8.682    clk_IBUF
    BUFGCTRL_X0Y0        BUFG (Prop_bufg_I_O)         0.083     8.765 r  clk_IBUF_BUFG_inst/O
                         net (fo=677, routed)         1.327    10.092    cpu/reg16x32_1_1/r2/CLK
    SLICE_X52Y143        FDRE                                         r  cpu/reg16x32_1_1/r2/_4__reg[21]/C
                         clock pessimism              0.309    10.401    <hidden>
                         clock uncertainty           -0.035    10.366    <hidden>
    SLICE_X52Y143        FDRE (Setup_fdre_C_CE)      -0.178    10.188    cpu/reg16x32_1_1/r2/_4__reg[21]
  -------------------------------------------------------------------
                         required time                         10.188    <hidden>
                         arrival time                         -10.331    <hidden>
  -------------------------------------------------------------------
                         slack                                 -0.143    <hidden>

Slack (VIOLATED) :        -0.143ns  (required time - arrival time)
  Source:                 cpu/pc_fetch_1/pc/_4__reg[8]/C
                            (rising edge-triggered cell FDRE clocked by clk  {rise@0.000ns fall@2.700ns period=5.400ns})
  Destination:            cpu/reg16x32_1_1/r2/_4__reg[30]/CE
                            (rising edge-triggered cell FDRE clocked by clk  {rise@0.000ns fall@2.700ns period=5.400ns})
  Path Group:             clk
  Path Type:              Setup (Max at Slow Process Corner)
  Requirement:            5.400ns  (clk rise@5.400ns - clk rise@0.000ns)
  Data Path Delay:        5.295ns  (logic 0.438ns (8.272%)  route 4.857ns (91.728%))
  Logic Levels:           5  (LUT3=1 LUT5=1 LUT6=3)
  Clock Path Skew:        -0.035ns (DCD - SCD + CPR)
    Destination Clock Delay (DCD):    4.692ns = ( 10.092 - 5.400 ) 
    Source Clock Delay      (SCD):    5.036ns
    Clock Pessimism Removal (CPR):    0.309ns
  Clock Uncertainty:      0.035ns  ((TSJ^2 + TIJ^2)^1/2 + DJ) / 2 + PE
    Total System Jitter     (TSJ):    0.071ns
    Total Input Jitter      (TIJ):    0.000ns
    Discrete Jitter          (DJ):    0.000ns
    Phase Error              (PE):    0.000ns

    Location             Delay type                Incr(ns)  Path(ns)    Netlist Resource(s)
  -------------------------------------------------------------------    -------------------
                         (clock clk rise edge)        0.000     0.000 r  <hidden>
    AH16                                              0.000     0.000 r  clk
                         net (fo=0)                   0.000     0.000    clk
    AH16                 IBUF (Prop_ibuf_I_O)         0.778     0.778 r  clk_IBUF_inst/O
                         net (fo=8, routed)           2.715     3.493    clk_IBUF
    BUFGCTRL_X0Y0        BUFG (Prop_bufg_I_O)         0.093     3.586 r  clk_IBUF_BUFG_inst/O
                         net (fo=677, routed)         1.450     5.036    cpu/pc_fetch_1/pc/CLK
    SLICE_X56Y131        FDRE                                         r  cpu/pc_fetch_1/pc/_4__reg[8]/C
  -------------------------------------------------------------------    -------------------
    SLICE_X56Y131        FDRE (Prop_fdre_C_Q)         0.223     5.259 f  cpu/pc_fetch_1/pc/_4__reg[8]/Q
                         net (fo=7, routed)           0.378     5.637    cpu/pc_fetch_1/pc/Q[6]
    SLICE_X56Y131        LUT5 (Prop_lut5_I0_O)        0.043     5.680 f  cpu/pc_fetch_1/pc/_1__carry_i_12/O
                         net (fo=183, routed)         1.013     6.693    cpu/pc_fetch_1/pc/_4__reg[8]_0
    SLICE_X53Y122        LUT3 (Prop_lut3_I1_O)        0.043     6.736 r  cpu/pc_fetch_1/pc/_10__i_2/O
                         net (fo=9, routed)           0.779     7.515    cpu/pc_fetch_1/pc/_4__reg[2]_0
    SLICE_X58Y125        LUT6 (Prop_lut6_I1_O)        0.043     7.558 r  cpu/pc_fetch_1/pc/_4__i_2/O
                         net (fo=11, routed)          0.489     8.047    cpu/pc_fetch_1/pc/_4__reg_33
    SLICE_X56Y124        LUT6 (Prop_lut6_I2_O)        0.043     8.090 f  cpu/pc_fetch_1/pc/_4_[31]_i_7__0/O
                         net (fo=8, routed)           0.442     8.532    cpu/pc_fetch_1/pc/_4__reg_37
    SLICE_X56Y123        LUT6 (Prop_lut6_I5_O)        0.043     8.575 r  cpu/pc_fetch_1/pc/_4_[31]_i_1__1/O
                         net (fo=32, routed)          1.756    10.331    cpu/reg16x32_1_1/r2/_2__7
    SLICE_X52Y143        FDRE                                         r  cpu/reg16x32_1_1/r2/_4__reg[30]/CE
  -------------------------------------------------------------------    -------------------

                         (clock clk rise edge)        5.400     5.400 r  <hidden>
    AH16                                              0.000     5.400 r  clk
                         net (fo=0)                   0.000     5.400    clk
    AH16                 IBUF (Prop_ibuf_I_O)         0.703     6.103 r  clk_IBUF_inst/O
                         net (fo=8, routed)           2.579     8.682    clk_IBUF
    BUFGCTRL_X0Y0        BUFG (Prop_bufg_I_O)         0.083     8.765 r  clk_IBUF_BUFG_inst/O
                         net (fo=677, routed)         1.327    10.092    cpu/reg16x32_1_1/r2/CLK
    SLICE_X52Y143        FDRE                                         r  cpu/reg16x32_1_1/r2/_4__reg[30]/C
                         clock pessimism              0.309    10.401    <hidden>
                         clock uncertainty           -0.035    10.366    <hidden>
    SLICE_X52Y143        FDRE (Setup_fdre_C_CE)      -0.178    10.188    cpu/reg16x32_1_1/r2/_4__reg[30]
  -------------------------------------------------------------------
                         required time                         10.188    <hidden>
                         arrival time                         -10.331    <hidden>
  -------------------------------------------------------------------
                         slack                                 -0.143    <hidden>

Slack (VIOLATED) :        -0.134ns  (required time - arrival time)
  Source:                 cpu/pc_fetch_1/pc/_4__reg[8]/C
                            (rising edge-triggered cell FDRE clocked by clk  {rise@0.000ns fall@2.700ns period=5.400ns})
  Destination:            cpu/reg16x32_1_1/r2/_4__reg[17]/CE
                            (rising edge-triggered cell FDRE clocked by clk  {rise@0.000ns fall@2.700ns period=5.400ns})
  Path Group:             clk
  Path Type:              Setup (Max at Slow Process Corner)
  Requirement:            5.400ns  (clk rise@5.400ns - clk rise@0.000ns)
  Data Path Delay:        5.262ns  (logic 0.438ns (8.323%)  route 4.824ns (91.677%))
  Logic Levels:           5  (LUT3=1 LUT5=1 LUT6=3)
  Clock Path Skew:        -0.035ns (DCD - SCD + CPR)
    Destination Clock Delay (DCD):    4.692ns = ( 10.092 - 5.400 ) 
    Source Clock Delay      (SCD):    5.036ns
    Clock Pessimism Removal (CPR):    0.309ns
  Clock Uncertainty:      0.035ns  ((TSJ^2 + TIJ^2)^1/2 + DJ) / 2 + PE
    Total System Jitter     (TSJ):    0.071ns
    Total Input Jitter      (TIJ):    0.000ns
    Discrete Jitter          (DJ):    0.000ns
    Phase Error              (PE):    0.000ns

    Location             Delay type                Incr(ns)  Path(ns)    Netlist Resource(s)
  -------------------------------------------------------------------    -------------------
                         (clock clk rise edge)        0.000     0.000 r  <hidden>
    AH16                                              0.000     0.000 r  clk
                         net (fo=0)                   0.000     0.000    clk
    AH16                 IBUF (Prop_ibuf_I_O)         0.778     0.778 r  clk_IBUF_inst/O
                         net (fo=8, routed)           2.715     3.493    clk_IBUF
    BUFGCTRL_X0Y0        BUFG (Prop_bufg_I_O)         0.093     3.586 r  clk_IBUF_BUFG_inst/O
                         net (fo=677, routed)         1.450     5.036    cpu/pc_fetch_1/pc/CLK
    SLICE_X56Y131        FDRE                                         r  cpu/pc_fetch_1/pc/_4__reg[8]/C
  -------------------------------------------------------------------    -------------------
    SLICE_X56Y131        FDRE (Prop_fdre_C_Q)         0.223     5.259 f  cpu/pc_fetch_1/pc/_4__reg[8]/Q
                         net (fo=7, routed)           0.378     5.637    cpu/pc_fetch_1/pc/Q[6]
    SLICE_X56Y131        LUT5 (Prop_lut5_I0_O)        0.043     5.680 f  cpu/pc_fetch_1/pc/_1__carry_i_12/O
                         net (fo=183, routed)         1.013     6.693    cpu/pc_fetch_1/pc/_4__reg[8]_0
    SLICE_X53Y122        LUT3 (Prop_lut3_I1_O)        0.043     6.736 r  cpu/pc_fetch_1/pc/_10__i_2/O
                         net (fo=9, routed)           0.779     7.515    cpu/pc_fetch_1/pc/_4__reg[2]_0
    SLICE_X58Y125        LUT6 (Prop_lut6_I1_O)        0.043     7.558 r  cpu/pc_fetch_1/pc/_4__i_2/O
                         net (fo=11, routed)          0.489     8.047    cpu/pc_fetch_1/pc/_4__reg_33
    SLICE_X56Y124        LUT6 (Prop_lut6_I2_O)        0.043     8.090 f  cpu/pc_fetch_1/pc/_4_[31]_i_7__0/O
                         net (fo=8, routed)           0.442     8.532    cpu/pc_fetch_1/pc/_4__reg_37
    SLICE_X56Y123        LUT6 (Prop_lut6_I5_O)        0.043     8.575 r  cpu/pc_fetch_1/pc/_4_[31]_i_1__1/O
                         net (fo=32, routed)          1.723    10.299    cpu/reg16x32_1_1/r2/_2__7
    SLICE_X51Y141        FDRE                                         r  cpu/reg16x32_1_1/r2/_4__reg[17]/CE
  -------------------------------------------------------------------    -------------------

                         (clock clk rise edge)        5.400     5.400 r  <hidden>
    AH16                                              0.000     5.400 r  clk
                         net (fo=0)                   0.000     5.400    clk
    AH16                 IBUF (Prop_ibuf_I_O)         0.703     6.103 r  clk_IBUF_inst/O
                         net (fo=8, routed)           2.579     8.682    clk_IBUF
    BUFGCTRL_X0Y0        BUFG (Prop_bufg_I_O)         0.083     8.765 r  clk_IBUF_BUFG_inst/O
                         net (fo=677, routed)         1.327    10.092    cpu/reg16x32_1_1/r2/CLK
    SLICE_X51Y141        FDRE                                         r  cpu/reg16x32_1_1/r2/_4__reg[17]/C
                         clock pessimism              0.309    10.401    <hidden>
                         clock uncertainty           -0.035    10.366    <hidden>
    SLICE_X51Y141        FDRE (Setup_fdre_C_CE)      -0.201    10.165    cpu/reg16x32_1_1/r2/_4__reg[17]
  -------------------------------------------------------------------
                         required time                         10.165    <hidden>
                         arrival time                         -10.299    <hidden>
  -------------------------------------------------------------------
                         slack                                 -0.134    <hidden>

Slack (VIOLATED) :        -0.134ns  (required time - arrival time)
  Source:                 cpu/pc_fetch_1/pc/_4__reg[8]/C
                            (rising edge-triggered cell FDRE clocked by clk  {rise@0.000ns fall@2.700ns period=5.400ns})
  Destination:            cpu/reg16x32_1_1/r2/_4__reg[20]/CE
                            (rising edge-triggered cell FDRE clocked by clk  {rise@0.000ns fall@2.700ns period=5.400ns})
  Path Group:             clk
  Path Type:              Setup (Max at Slow Process Corner)
  Requirement:            5.400ns  (clk rise@5.400ns - clk rise@0.000ns)
  Data Path Delay:        5.262ns  (logic 0.438ns (8.323%)  route 4.824ns (91.677%))
  Logic Levels:           5  (LUT3=1 LUT5=1 LUT6=3)
  Clock Path Skew:        -0.035ns (DCD - SCD + CPR)
    Destination Clock Delay (DCD):    4.692ns = ( 10.092 - 5.400 ) 
    Source Clock Delay      (SCD):    5.036ns
    Clock Pessimism Removal (CPR):    0.309ns
  Clock Uncertainty:      0.035ns  ((TSJ^2 + TIJ^2)^1/2 + DJ) / 2 + PE
    Total System Jitter     (TSJ):    0.071ns
    Total Input Jitter      (TIJ):    0.000ns
    Discrete Jitter          (DJ):    0.000ns
    Phase Error              (PE):    0.000ns

    Location             Delay type                Incr(ns)  Path(ns)    Netlist Resource(s)
  -------------------------------------------------------------------    -------------------
                         (clock clk rise edge)        0.000     0.000 r  <hidden>
    AH16                                              0.000     0.000 r  clk
                         net (fo=0)                   0.000     0.000    clk
    AH16                 IBUF (Prop_ibuf_I_O)         0.778     0.778 r  clk_IBUF_inst/O
                         net (fo=8, routed)           2.715     3.493    clk_IBUF
    BUFGCTRL_X0Y0        BUFG (Prop_bufg_I_O)         0.093     3.586 r  clk_IBUF_BUFG_inst/O
                         net (fo=677, routed)         1.450     5.036    cpu/pc_fetch_1/pc/CLK
    SLICE_X56Y131        FDRE                                         r  cpu/pc_fetch_1/pc/_4__reg[8]/C
  -------------------------------------------------------------------    -------------------
    SLICE_X56Y131        FDRE (Prop_fdre_C_Q)         0.223     5.259 f  cpu/pc_fetch_1/pc/_4__reg[8]/Q
                         net (fo=7, routed)           0.378     5.637    cpu/pc_fetch_1/pc/Q[6]
    SLICE_X56Y131        LUT5 (Prop_lut5_I0_O)        0.043     5.680 f  cpu/pc_fetch_1/pc/_1__carry_i_12/O
                         net (fo=183, routed)         1.013     6.693    cpu/pc_fetch_1/pc/_4__reg[8]_0
    SLICE_X53Y122        LUT3 (Prop_lut3_I1_O)        0.043     6.736 r  cpu/pc_fetch_1/pc/_10__i_2/O
                         net (fo=9, routed)           0.779     7.515    cpu/pc_fetch_1/pc/_4__reg[2]_0
    SLICE_X58Y125        LUT6 (Prop_lut6_I1_O)        0.043     7.558 r  cpu/pc_fetch_1/pc/_4__i_2/O
                         net (fo=11, routed)          0.489     8.047    cpu/pc_fetch_1/pc/_4__reg_33
    SLICE_X56Y124        LUT6 (Prop_lut6_I2_O)        0.043     8.090 f  cpu/pc_fetch_1/pc/_4_[31]_i_7__0/O
                         net (fo=8, routed)           0.442     8.532    cpu/pc_fetch_1/pc/_4__reg_37
    SLICE_X56Y123        LUT6 (Prop_lut6_I5_O)        0.043     8.575 r  cpu/pc_fetch_1/pc/_4_[31]_i_1__1/O
                         net (fo=32, routed)          1.723    10.299    cpu/reg16x32_1_1/r2/_2__7
    SLICE_X51Y141        FDRE                                         r  cpu/reg16x32_1_1/r2/_4__reg[20]/CE
  -------------------------------------------------------------------    -------------------

                         (clock clk rise edge)        5.400     5.400 r  <hidden>
    AH16                                              0.000     5.400 r  clk
                         net (fo=0)                   0.000     5.400    clk
    AH16                 IBUF (Prop_ibuf_I_O)         0.703     6.103 r  clk_IBUF_inst/O
                         net (fo=8, routed)           2.579     8.682    clk_IBUF
    BUFGCTRL_X0Y0        BUFG (Prop_bufg_I_O)         0.083     8.765 r  clk_IBUF_BUFG_inst/O
                         net (fo=677, routed)         1.327    10.092    cpu/reg16x32_1_1/r2/CLK
    SLICE_X51Y141        FDRE                                         r  cpu/reg16x32_1_1/r2/_4__reg[20]/C
                         clock pessimism              0.309    10.401    <hidden>
                         clock uncertainty           -0.035    10.366    <hidden>
    SLICE_X51Y141        FDRE (Setup_fdre_C_CE)      -0.201    10.165    cpu/reg16x32_1_1/r2/_4__reg[20]
  -------------------------------------------------------------------
                         required time                         10.165    <hidden>
                         arrival time                         -10.299    <hidden>
  -------------------------------------------------------------------
                         slack                                 -0.134    <hidden>

Slack (VIOLATED) :        -0.134ns  (required time - arrival time)
  Source:                 cpu/pc_fetch_1/pc/_4__reg[8]/C
                            (rising edge-triggered cell FDRE clocked by clk  {rise@0.000ns fall@2.700ns period=5.400ns})
  Destination:            cpu/reg16x32_1_1/r2/_4__reg[24]/CE
                            (rising edge-triggered cell FDRE clocked by clk  {rise@0.000ns fall@2.700ns period=5.400ns})
  Path Group:             clk
  Path Type:              Setup (Max at Slow Process Corner)
  Requirement:            5.400ns  (clk rise@5.400ns - clk rise@0.000ns)
  Data Path Delay:        5.262ns  (logic 0.438ns (8.323%)  route 4.824ns (91.677%))
  Logic Levels:           5  (LUT3=1 LUT5=1 LUT6=3)
  Clock Path Skew:        -0.035ns (DCD - SCD + CPR)
    Destination Clock Delay (DCD):    4.692ns = ( 10.092 - 5.400 ) 
    Source Clock Delay      (SCD):    5.036ns
    Clock Pessimism Removal (CPR):    0.309ns
  Clock Uncertainty:      0.035ns  ((TSJ^2 + TIJ^2)^1/2 + DJ) / 2 + PE
    Total System Jitter     (TSJ):    0.071ns
    Total Input Jitter      (TIJ):    0.000ns
    Discrete Jitter          (DJ):    0.000ns
    Phase Error              (PE):    0.000ns

    Location             Delay type                Incr(ns)  Path(ns)    Netlist Resource(s)
  -------------------------------------------------------------------    -------------------
                         (clock clk rise edge)        0.000     0.000 r  <hidden>
    AH16                                              0.000     0.000 r  clk
                         net (fo=0)                   0.000     0.000    clk
    AH16                 IBUF (Prop_ibuf_I_O)         0.778     0.778 r  clk_IBUF_inst/O
                         net (fo=8, routed)           2.715     3.493    clk_IBUF
    BUFGCTRL_X0Y0        BUFG (Prop_bufg_I_O)         0.093     3.586 r  clk_IBUF_BUFG_inst/O
                         net (fo=677, routed)         1.450     5.036    cpu/pc_fetch_1/pc/CLK
    SLICE_X56Y131        FDRE                                         r  cpu/pc_fetch_1/pc/_4__reg[8]/C
  -------------------------------------------------------------------    -------------------
    SLICE_X56Y131        FDRE (Prop_fdre_C_Q)         0.223     5.259 f  cpu/pc_fetch_1/pc/_4__reg[8]/Q
                         net (fo=7, routed)           0.378     5.637    cpu/pc_fetch_1/pc/Q[6]
    SLICE_X56Y131        LUT5 (Prop_lut5_I0_O)        0.043     5.680 f  cpu/pc_fetch_1/pc/_1__carry_i_12/O
                         net (fo=183, routed)         1.013     6.693    cpu/pc_fetch_1/pc/_4__reg[8]_0
    SLICE_X53Y122        LUT3 (Prop_lut3_I1_O)        0.043     6.736 r  cpu/pc_fetch_1/pc/_10__i_2/O
                         net (fo=9, routed)           0.779     7.515    cpu/pc_fetch_1/pc/_4__reg[2]_0
    SLICE_X58Y125        LUT6 (Prop_lut6_I1_O)        0.043     7.558 r  cpu/pc_fetch_1/pc/_4__i_2/O
                         net (fo=11, routed)          0.489     8.047    cpu/pc_fetch_1/pc/_4__reg_33
    SLICE_X56Y124        LUT6 (Prop_lut6_I2_O)        0.043     8.090 f  cpu/pc_fetch_1/pc/_4_[31]_i_7__0/O
                         net (fo=8, routed)           0.442     8.532    cpu/pc_fetch_1/pc/_4__reg_37
    SLICE_X56Y123        LUT6 (Prop_lut6_I5_O)        0.043     8.575 r  cpu/pc_fetch_1/pc/_4_[31]_i_1__1/O
                         net (fo=32, routed)          1.723    10.299    cpu/reg16x32_1_1/r2/_2__7
    SLICE_X51Y141        FDRE                                         r  cpu/reg16x32_1_1/r2/_4__reg[24]/CE
  -------------------------------------------------------------------    -------------------

                         (clock clk rise edge)        5.400     5.400 r  <hidden>
    AH16                                              0.000     5.400 r  clk
                         net (fo=0)                   0.000     5.400    clk
    AH16                 IBUF (Prop_ibuf_I_O)         0.703     6.103 r  clk_IBUF_inst/O
                         net (fo=8, routed)           2.579     8.682    clk_IBUF
    BUFGCTRL_X0Y0        BUFG (Prop_bufg_I_O)         0.083     8.765 r  clk_IBUF_BUFG_inst/O
                         net (fo=677, routed)         1.327    10.092    cpu/reg16x32_1_1/r2/CLK
    SLICE_X51Y141        FDRE                                         r  cpu/reg16x32_1_1/r2/_4__reg[24]/C
                         clock pessimism              0.309    10.401    <hidden>
                         clock uncertainty           -0.035    10.366    <hidden>
    SLICE_X51Y141        FDRE (Setup_fdre_C_CE)      -0.201    10.165    cpu/reg16x32_1_1/r2/_4__reg[24]
  -------------------------------------------------------------------
                         required time                         10.165    <hidden>
                         arrival time                         -10.299    <hidden>
  -------------------------------------------------------------------
                         slack                                 -0.134    <hidden>

Slack (VIOLATED) :        -0.129ns  (required time - arrival time)
  Source:                 cpu/pc_fetch_1/pc/_4__reg[8]/C
                            (rising edge-triggered cell FDRE clocked by clk  {rise@0.000ns fall@2.700ns period=5.400ns})
  Destination:            cpu/reg16x32_1_1/r2/_4__reg[27]/CE
                            (rising edge-triggered cell FDRE clocked by clk  {rise@0.000ns fall@2.700ns period=5.400ns})
  Path Group:             clk
  Path Type:              Setup (Max at Slow Process Corner)
  Requirement:            5.400ns  (clk rise@5.400ns - clk rise@0.000ns)
  Data Path Delay:        5.279ns  (logic 0.438ns (8.297%)  route 4.841ns (91.703%))
  Logic Levels:           5  (LUT3=1 LUT5=1 LUT6=3)
  Clock Path Skew:        -0.036ns (DCD - SCD + CPR)
    Destination Clock Delay (DCD):    4.691ns = ( 10.091 - 5.400 ) 
    Source Clock Delay      (SCD):    5.036ns
    Clock Pessimism Removal (CPR):    0.309ns
  Clock Uncertainty:      0.035ns  ((TSJ^2 + TIJ^2)^1/2 + DJ) / 2 + PE
    Total System Jitter     (TSJ):    0.071ns
    Total Input Jitter      (TIJ):    0.000ns
    Discrete Jitter          (DJ):    0.000ns
    Phase Error              (PE):    0.000ns

    Location             Delay type                Incr(ns)  Path(ns)    Netlist Resource(s)
  -------------------------------------------------------------------    -------------------
                         (clock clk rise edge)        0.000     0.000 r  <hidden>
    AH16                                              0.000     0.000 r  clk
                         net (fo=0)                   0.000     0.000    clk
    AH16                 IBUF (Prop_ibuf_I_O)         0.778     0.778 r  clk_IBUF_inst/O
                         net (fo=8, routed)           2.715     3.493    clk_IBUF
    BUFGCTRL_X0Y0        BUFG (Prop_bufg_I_O)         0.093     3.586 r  clk_IBUF_BUFG_inst/O
                         net (fo=677, routed)         1.450     5.036    cpu/pc_fetch_1/pc/CLK
    SLICE_X56Y131        FDRE                                         r  cpu/pc_fetch_1/pc/_4__reg[8]/C
  -------------------------------------------------------------------    -------------------
    SLICE_X56Y131        FDRE (Prop_fdre_C_Q)         0.223     5.259 f  cpu/pc_fetch_1/pc/_4__reg[8]/Q
                         net (fo=7, routed)           0.378     5.637    cpu/pc_fetch_1/pc/Q[6]
    SLICE_X56Y131        LUT5 (Prop_lut5_I0_O)        0.043     5.680 f  cpu/pc_fetch_1/pc/_1__carry_i_12/O
                         net (fo=183, routed)         1.013     6.693    cpu/pc_fetch_1/pc/_4__reg[8]_0
    SLICE_X53Y122        LUT3 (Prop_lut3_I1_O)        0.043     6.736 r  cpu/pc_fetch_1/pc/_10__i_2/O
                         net (fo=9, routed)           0.779     7.515    cpu/pc_fetch_1/pc/_4__reg[2]_0
    SLICE_X58Y125        LUT6 (Prop_lut6_I1_O)        0.043     7.558 r  cpu/pc_fetch_1/pc/_4__i_2/O
                         net (fo=11, routed)          0.489     8.047    cpu/pc_fetch_1/pc/_4__reg_33
    SLICE_X56Y124        LUT6 (Prop_lut6_I2_O)        0.043     8.090 f  cpu/pc_fetch_1/pc/_4_[31]_i_7__0/O
                         net (fo=8, routed)           0.442     8.532    cpu/pc_fetch_1/pc/_4__reg_37
    SLICE_X56Y123        LUT6 (Prop_lut6_I5_O)        0.043     8.575 r  cpu/pc_fetch_1/pc/_4_[31]_i_1__1/O
                         net (fo=32, routed)          1.740    10.315    cpu/reg16x32_1_1/r2/_2__7
    SLICE_X46Y137        FDRE                                         r  cpu/reg16x32_1_1/r2/_4__reg[27]/CE
  -------------------------------------------------------------------    -------------------

                         (clock clk rise edge)        5.400     5.400 r  <hidden>
    AH16                                              0.000     5.400 r  clk
                         net (fo=0)                   0.000     5.400    clk
    AH16                 IBUF (Prop_ibuf_I_O)         0.703     6.103 r  clk_IBUF_inst/O
                         net (fo=8, routed)           2.579     8.682    clk_IBUF
    BUFGCTRL_X0Y0        BUFG (Prop_bufg_I_O)         0.083     8.765 r  clk_IBUF_BUFG_inst/O
                         net (fo=677, routed)         1.326    10.091    cpu/reg16x32_1_1/r2/CLK
    SLICE_X46Y137        FDRE                                         r  cpu/reg16x32_1_1/r2/_4__reg[27]/C
                         clock pessimism              0.309    10.400    <hidden>
                         clock uncertainty           -0.035    10.365    <hidden>
    SLICE_X46Y137        FDRE (Setup_fdre_C_CE)      -0.178    10.187    cpu/reg16x32_1_1/r2/_4__reg[27]
  -------------------------------------------------------------------
                         required time                         10.187    <hidden>
                         arrival time                         -10.315    <hidden>
  -------------------------------------------------------------------
                         slack                                 -0.129    <hidden>

Slack (VIOLATED) :        -0.110ns  (required time - arrival time)
  Source:                 cpu/pc_fetch_1/pc/_4__reg[8]/C
                            (rising edge-triggered cell FDRE clocked by clk  {rise@0.000ns fall@2.700ns period=5.400ns})
  Destination:            cpu/reg16x32_1_1/r2/_4__reg[28]/CE
                            (rising edge-triggered cell FDRE clocked by clk  {rise@0.000ns fall@2.700ns period=5.400ns})
  Path Group:             clk
  Path Type:              Setup (Max at Slow Process Corner)
  Requirement:            5.400ns  (clk rise@5.400ns - clk rise@0.000ns)
  Data Path Delay:        5.256ns  (logic 0.438ns (8.333%)  route 4.818ns (91.667%))
  Logic Levels:           5  (LUT3=1 LUT5=1 LUT6=3)
  Clock Path Skew:        -0.017ns (DCD - SCD + CPR)
    Destination Clock Delay (DCD):    4.686ns = ( 10.086 - 5.400 ) 
    Source Clock Delay      (SCD):    5.036ns
    Clock Pessimism Removal (CPR):    0.333ns
  Clock Uncertainty:      0.035ns  ((TSJ^2 + TIJ^2)^1/2 + DJ) / 2 + PE
    Total System Jitter     (TSJ):    0.071ns
    Total Input Jitter      (TIJ):    0.000ns
    Discrete Jitter          (DJ):    0.000ns
    Phase Error              (PE):    0.000ns

    Location             Delay type                Incr(ns)  Path(ns)    Netlist Resource(s)
  -------------------------------------------------------------------    -------------------
                         (clock clk rise edge)        0.000     0.000 r  <hidden>
    AH16                                              0.000     0.000 r  clk
                         net (fo=0)                   0.000     0.000    clk
    AH16                 IBUF (Prop_ibuf_I_O)         0.778     0.778 r  clk_IBUF_inst/O
                         net (fo=8, routed)           2.715     3.493    clk_IBUF
    BUFGCTRL_X0Y0        BUFG (Prop_bufg_I_O)         0.093     3.586 r  clk_IBUF_BUFG_inst/O
                         net (fo=677, routed)         1.450     5.036    cpu/pc_fetch_1/pc/CLK
    SLICE_X56Y131        FDRE                                         r  cpu/pc_fetch_1/pc/_4__reg[8]/C
  -------------------------------------------------------------------    -------------------
    SLICE_X56Y131        FDRE (Prop_fdre_C_Q)         0.223     5.259 f  cpu/pc_fetch_1/pc/_4__reg[8]/Q
                         net (fo=7, routed)           0.378     5.637    cpu/pc_fetch_1/pc/Q[6]
    SLICE_X56Y131        LUT5 (Prop_lut5_I0_O)        0.043     5.680 f  cpu/pc_fetch_1/pc/_1__carry_i_12/O
                         net (fo=183, routed)         1.013     6.693    cpu/pc_fetch_1/pc/_4__reg[8]_0
    SLICE_X53Y122        LUT3 (Prop_lut3_I1_O)        0.043     6.736 r  cpu/pc_fetch_1/pc/_10__i_2/O
                         net (fo=9, routed)           0.779     7.515    cpu/pc_fetch_1/pc/_4__reg[2]_0
    SLICE_X58Y125        LUT6 (Prop_lut6_I1_O)        0.043     7.558 r  cpu/pc_fetch_1/pc/_4__i_2/O
                         net (fo=11, routed)          0.489     8.047    cpu/pc_fetch_1/pc/_4__reg_33
    SLICE_X56Y124        LUT6 (Prop_lut6_I2_O)        0.043     8.090 f  cpu/pc_fetch_1/pc/_4_[31]_i_7__0/O
                         net (fo=8, routed)           0.442     8.532    cpu/pc_fetch_1/pc/_4__reg_37
    SLICE_X56Y123        LUT6 (Prop_lut6_I5_O)        0.043     8.575 r  cpu/pc_fetch_1/pc/_4_[31]_i_1__1/O
                         net (fo=32, routed)          1.717    10.292    cpu/reg16x32_1_1/r2/_2__7
    SLICE_X55Y139        FDRE                                         r  cpu/reg16x32_1_1/r2/_4__reg[28]/CE
  -------------------------------------------------------------------    -------------------

                         (clock clk rise edge)        5.400     5.400 r  <hidden>
    AH16                                              0.000     5.400 r  clk
                         net (fo=0)                   0.000     5.400    clk
    AH16                 IBUF (Prop_ibuf_I_O)         0.703     6.103 r  clk_IBUF_inst/O
                         net (fo=8, routed)           2.579     8.682    clk_IBUF
    BUFGCTRL_X0Y0        BUFG (Prop_bufg_I_O)         0.083     8.765 r  clk_IBUF_BUFG_inst/O
                         net (fo=677, routed)         1.321    10.086    cpu/reg16x32_1_1/r2/CLK
    SLICE_X55Y139        FDRE                                         r  cpu/reg16x32_1_1/r2/_4__reg[28]/C
                         clock pessimism              0.333    10.419    <hidden>
                         clock uncertainty           -0.035    10.384    <hidden>
    SLICE_X55Y139        FDRE (Setup_fdre_C_CE)      -0.201    10.183    cpu/reg16x32_1_1/r2/_4__reg[28]
  -------------------------------------------------------------------
                         required time                         10.183    <hidden>
                         arrival time                         -10.292    <hidden>
  -------------------------------------------------------------------
                         slack                                 -0.110    <hidden>

Slack (VIOLATED) :        -0.110ns  (required time - arrival time)
  Source:                 cpu/pc_fetch_1/pc/_4__reg[8]/C
                            (rising edge-triggered cell FDRE clocked by clk  {rise@0.000ns fall@2.700ns period=5.400ns})
  Destination:            cpu/reg16x32_1_1/r2/_4__reg[29]/CE
                            (rising edge-triggered cell FDRE clocked by clk  {rise@0.000ns fall@2.700ns period=5.400ns})
  Path Group:             clk
  Path Type:              Setup (Max at Slow Process Corner)
  Requirement:            5.400ns  (clk rise@5.400ns - clk rise@0.000ns)
  Data Path Delay:        5.256ns  (logic 0.438ns (8.333%)  route 4.818ns (91.667%))
  Logic Levels:           5  (LUT3=1 LUT5=1 LUT6=3)
  Clock Path Skew:        -0.017ns (DCD - SCD + CPR)
    Destination Clock Delay (DCD):    4.686ns = ( 10.086 - 5.400 ) 
    Source Clock Delay      (SCD):    5.036ns
    Clock Pessimism Removal (CPR):    0.333ns
  Clock Uncertainty:      0.035ns  ((TSJ^2 + TIJ^2)^1/2 + DJ) / 2 + PE
    Total System Jitter     (TSJ):    0.071ns
    Total Input Jitter      (TIJ):    0.000ns
    Discrete Jitter          (DJ):    0.000ns
    Phase Error              (PE):    0.000ns

    Location             Delay type                Incr(ns)  Path(ns)    Netlist Resource(s)
  -------------------------------------------------------------------    -------------------
                         (clock clk rise edge)        0.000     0.000 r  <hidden>
    AH16                                              0.000     0.000 r  clk
                         net (fo=0)                   0.000     0.000    clk
    AH16                 IBUF (Prop_ibuf_I_O)         0.778     0.778 r  clk_IBUF_inst/O
                         net (fo=8, routed)           2.715     3.493    clk_IBUF
    BUFGCTRL_X0Y0        BUFG (Prop_bufg_I_O)         0.093     3.586 r  clk_IBUF_BUFG_inst/O
                         net (fo=677, routed)         1.450     5.036    cpu/pc_fetch_1/pc/CLK
    SLICE_X56Y131        FDRE                                         r  cpu/pc_fetch_1/pc/_4__reg[8]/C
  -------------------------------------------------------------------    -------------------
    SLICE_X56Y131        FDRE (Prop_fdre_C_Q)         0.223     5.259 f  cpu/pc_fetch_1/pc/_4__reg[8]/Q
                         net (fo=7, routed)           0.378     5.637    cpu/pc_fetch_1/pc/Q[6]
    SLICE_X56Y131        LUT5 (Prop_lut5_I0_O)        0.043     5.680 f  cpu/pc_fetch_1/pc/_1__carry_i_12/O
                         net (fo=183, routed)         1.013     6.693    cpu/pc_fetch_1/pc/_4__reg[8]_0
    SLICE_X53Y122        LUT3 (Prop_lut3_I1_O)        0.043     6.736 r  cpu/pc_fetch_1/pc/_10__i_2/O
                         net (fo=9, routed)           0.779     7.515    cpu/pc_fetch_1/pc/_4__reg[2]_0
    SLICE_X58Y125        LUT6 (Prop_lut6_I1_O)        0.043     7.558 r  cpu/pc_fetch_1/pc/_4__i_2/O
                         net (fo=11, routed)          0.489     8.047    cpu/pc_fetch_1/pc/_4__reg_33
    SLICE_X56Y124        LUT6 (Prop_lut6_I2_O)        0.043     8.090 f  cpu/pc_fetch_1/pc/_4_[31]_i_7__0/O
                         net (fo=8, routed)           0.442     8.532    cpu/pc_fetch_1/pc/_4__reg_37
    SLICE_X56Y123        LUT6 (Prop_lut6_I5_O)        0.043     8.575 r  cpu/pc_fetch_1/pc/_4_[31]_i_1__1/O
                         net (fo=32, routed)          1.717    10.292    cpu/reg16x32_1_1/r2/_2__7
    SLICE_X55Y139        FDRE                                         r  cpu/reg16x32_1_1/r2/_4__reg[29]/CE
  -------------------------------------------------------------------    -------------------

                         (clock clk rise edge)        5.400     5.400 r  <hidden>
    AH16                                              0.000     5.400 r  clk
                         net (fo=0)                   0.000     5.400    clk
    AH16                 IBUF (Prop_ibuf_I_O)         0.703     6.103 r  clk_IBUF_inst/O
                         net (fo=8, routed)           2.579     8.682    clk_IBUF
    BUFGCTRL_X0Y0        BUFG (Prop_bufg_I_O)         0.083     8.765 r  clk_IBUF_BUFG_inst/O
                         net (fo=677, routed)         1.321    10.086    cpu/reg16x32_1_1/r2/CLK
    SLICE_X55Y139        FDRE                                         r  cpu/reg16x32_1_1/r2/_4__reg[29]/C
                         clock pessimism              0.333    10.419    <hidden>
                         clock uncertainty           -0.035    10.384    <hidden>
    SLICE_X55Y139        FDRE (Setup_fdre_C_CE)      -0.201    10.183    cpu/reg16x32_1_1/r2/_4__reg[29]
  -------------------------------------------------------------------
                         required time                         10.183    <hidden>
                         arrival time                         -10.292    <hidden>
  -------------------------------------------------------------------
                         slack                                 -0.110    <hidden>

Slack (VIOLATED) :        -0.110ns  (required time - arrival time)
  Source:                 cpu/pc_fetch_1/pc/_4__reg[8]/C
                            (rising edge-triggered cell FDRE clocked by clk  {rise@0.000ns fall@2.700ns period=5.400ns})
  Destination:            cpu/reg16x32_1_1/r2/_4__reg[31]/CE
                            (rising edge-triggered cell FDRE clocked by clk  {rise@0.000ns fall@2.700ns period=5.400ns})
  Path Group:             clk
  Path Type:              Setup (Max at Slow Process Corner)
  Requirement:            5.400ns  (clk rise@5.400ns - clk rise@0.000ns)
  Data Path Delay:        5.256ns  (logic 0.438ns (8.333%)  route 4.818ns (91.667%))
  Logic Levels:           5  (LUT3=1 LUT5=1 LUT6=3)
  Clock Path Skew:        -0.017ns (DCD - SCD + CPR)
    Destination Clock Delay (DCD):    4.686ns = ( 10.086 - 5.400 ) 
    Source Clock Delay      (SCD):    5.036ns
    Clock Pessimism Removal (CPR):    0.333ns
  Clock Uncertainty:      0.035ns  ((TSJ^2 + TIJ^2)^1/2 + DJ) / 2 + PE
    Total System Jitter     (TSJ):    0.071ns
    Total Input Jitter      (TIJ):    0.000ns
    Discrete Jitter          (DJ):    0.000ns
    Phase Error              (PE):    0.000ns

    Location             Delay type                Incr(ns)  Path(ns)    Netlist Resource(s)
  -------------------------------------------------------------------    -------------------
                         (clock clk rise edge)        0.000     0.000 r  <hidden>
    AH16                                              0.000     0.000 r  clk
                         net (fo=0)                   0.000     0.000    clk
    AH16                 IBUF (Prop_ibuf_I_O)         0.778     0.778 r  clk_IBUF_inst/O
                         net (fo=8, routed)           2.715     3.493    clk_IBUF
    BUFGCTRL_X0Y0        BUFG (Prop_bufg_I_O)         0.093     3.586 r  clk_IBUF_BUFG_inst/O
                         net (fo=677, routed)         1.450     5.036    cpu/pc_fetch_1/pc/CLK
    SLICE_X56Y131        FDRE                                         r  cpu/pc_fetch_1/pc/_4__reg[8]/C
  -------------------------------------------------------------------    -------------------
    SLICE_X56Y131        FDRE (Prop_fdre_C_Q)         0.223     5.259 f  cpu/pc_fetch_1/pc/_4__reg[8]/Q
                         net (fo=7, routed)           0.378     5.637    cpu/pc_fetch_1/pc/Q[6]
    SLICE_X56Y131        LUT5 (Prop_lut5_I0_O)        0.043     5.680 f  cpu/pc_fetch_1/pc/_1__carry_i_12/O
                         net (fo=183, routed)         1.013     6.693    cpu/pc_fetch_1/pc/_4__reg[8]_0
    SLICE_X53Y122        LUT3 (Prop_lut3_I1_O)        0.043     6.736 r  cpu/pc_fetch_1/pc/_10__i_2/O
                         net (fo=9, routed)           0.779     7.515    cpu/pc_fetch_1/pc/_4__reg[2]_0
    SLICE_X58Y125        LUT6 (Prop_lut6_I1_O)        0.043     7.558 r  cpu/pc_fetch_1/pc/_4__i_2/O
                         net (fo=11, routed)          0.489     8.047    cpu/pc_fetch_1/pc/_4__reg_33
    SLICE_X56Y124        LUT6 (Prop_lut6_I2_O)        0.043     8.090 f  cpu/pc_fetch_1/pc/_4_[31]_i_7__0/O
                         net (fo=8, routed)           0.442     8.532    cpu/pc_fetch_1/pc/_4__reg_37
    SLICE_X56Y123        LUT6 (Prop_lut6_I5_O)        0.043     8.575 r  cpu/pc_fetch_1/pc/_4_[31]_i_1__1/O
                         net (fo=32, routed)          1.717    10.292    cpu/reg16x32_1_1/r2/_2__7
    SLICE_X55Y139        FDRE                                         r  cpu/reg16x32_1_1/r2/_4__reg[31]/CE
  -------------------------------------------------------------------    -------------------

                         (clock clk rise edge)        5.400     5.400 r  <hidden>
    AH16                                              0.000     5.400 r  clk
                         net (fo=0)                   0.000     5.400    clk
    AH16                 IBUF (Prop_ibuf_I_O)         0.703     6.103 r  clk_IBUF_inst/O
                         net (fo=8, routed)           2.579     8.682    clk_IBUF
    BUFGCTRL_X0Y0        BUFG (Prop_bufg_I_O)         0.083     8.765 r  clk_IBUF_BUFG_inst/O
                         net (fo=677, routed)         1.321    10.086    cpu/reg16x32_1_1/r2/CLK
    SLICE_X55Y139        FDRE                                         r  cpu/reg16x32_1_1/r2/_4__reg[31]/C
                         clock pessimism              0.333    10.419    <hidden>
                         clock uncertainty           -0.035    10.384    <hidden>
    SLICE_X55Y139        FDRE (Setup_fdre_C_CE)      -0.201    10.183    cpu/reg16x32_1_1/r2/_4__reg[31]
  -------------------------------------------------------------------
                         required time                         10.183    <hidden>
                         arrival time                         -10.292    <hidden>
  -------------------------------------------------------------------
                         slack                                 -0.110    <hidden>

Slack (VIOLATED) :        -0.109ns  (required time - arrival time)
  Source:                 cpu/pc_fetch_1/pc/_4__reg[8]/C
                            (rising edge-triggered cell FDRE clocked by clk  {rise@0.000ns fall@2.700ns period=5.400ns})
  Destination:            cpu/reg16x32_1_1/r13/_4__reg[4]/CE
                            (rising edge-triggered cell FDRE clocked by clk  {rise@0.000ns fall@2.700ns period=5.400ns})
  Path Group:             clk
  Path Type:              Setup (Max at Slow Process Corner)
  Requirement:            5.400ns  (clk rise@5.400ns - clk rise@0.000ns)
  Data Path Delay:        5.227ns  (logic 0.481ns (9.203%)  route 4.746ns (90.797%))
  Logic Levels:           6  (LUT3=1 LUT4=2 LUT5=1 LUT6=2)
  Clock Path Skew:        -0.046ns (DCD - SCD + CPR)
    Destination Clock Delay (DCD):    4.681ns = ( 10.081 - 5.400 ) 
    Source Clock Delay      (SCD):    5.036ns
    Clock Pessimism Removal (CPR):    0.309ns
  Clock Uncertainty:      0.035ns  ((TSJ^2 + TIJ^2)^1/2 + DJ) / 2 + PE
    Total System Jitter     (TSJ):    0.071ns
    Total Input Jitter      (TIJ):    0.000ns
    Discrete Jitter          (DJ):    0.000ns
    Phase Error              (PE):    0.000ns

    Location             Delay type                Incr(ns)  Path(ns)    Netlist Resource(s)
  -------------------------------------------------------------------    -------------------
                         (clock clk rise edge)        0.000     0.000 r  <hidden>
    AH16                                              0.000     0.000 r  clk
                         net (fo=0)                   0.000     0.000    clk
    AH16                 IBUF (Prop_ibuf_I_O)         0.778     0.778 r  clk_IBUF_inst/O
                         net (fo=8, routed)           2.715     3.493    clk_IBUF
    BUFGCTRL_X0Y0        BUFG (Prop_bufg_I_O)         0.093     3.586 r  clk_IBUF_BUFG_inst/O
                         net (fo=677, routed)         1.450     5.036    cpu/pc_fetch_1/pc/CLK
    SLICE_X56Y131        FDRE                                         r  cpu/pc_fetch_1/pc/_4__reg[8]/C
  -------------------------------------------------------------------    -------------------
    SLICE_X56Y131        FDRE (Prop_fdre_C_Q)         0.223     5.259 f  cpu/pc_fetch_1/pc/_4__reg[8]/Q
                         net (fo=7, routed)           0.378     5.637    cpu/pc_fetch_1/pc/Q[6]
    SLICE_X56Y131        LUT5 (Prop_lut5_I0_O)        0.043     5.680 f  cpu/pc_fetch_1/pc/_1__carry_i_12/O
                         net (fo=183, routed)         1.013     6.693    cpu/pc_fetch_1/pc/_4__reg[8]_0
    SLICE_X53Y122        LUT3 (Prop_lut3_I1_O)        0.043     6.736 r  cpu/pc_fetch_1/pc/_10__i_2/O
                         net (fo=9, routed)           0.694     7.430    cpu/pc_fetch_1/pc/_4__reg[2]_0
    SLICE_X58Y125        LUT4 (Prop_lut4_I1_O)        0.043     7.473 r  cpu/pc_fetch_1/pc/_4_[31]_i_3__3/O
                         net (fo=55, routed)          0.320     7.793    cpu/pc_fetch_1/pc/_4__reg[4]_2
    SLICE_X56Y124        LUT4 (Prop_lut4_I0_O)        0.043     7.836 r  cpu/pc_fetch_1/pc/_4_[31]_i_13/O
                         net (fo=2, routed)           0.363     8.199    cpu/pc_fetch_1/pc/_018_
    SLICE_X56Y124        LUT6 (Prop_lut6_I5_O)        0.043     8.242 f  cpu/pc_fetch_1/pc/_4_[31]_i_4__0/O
                         net (fo=8, routed)           0.271     8.513    cpu/pc_fetch_1/pc/_4__reg_38
    SLICE_X58Y123        LUT6 (Prop_lut6_I3_O)        0.043     8.556 r  cpu/pc_fetch_1/pc/_4_[31]_i_1__4/O
                         net (fo=32, routed)          1.707    10.263    cpu/reg16x32_1_1/r13/_2__4
    SLICE_X49Y123        FDRE                                         r  cpu/reg16x32_1_1/r13/_4__reg[4]/CE
  -------------------------------------------------------------------    -------------------

                         (clock clk rise edge)        5.400     5.400 r  <hidden>
    AH16                                              0.000     5.400 r  clk
                         net (fo=0)                   0.000     5.400    clk
    AH16                 IBUF (Prop_ibuf_I_O)         0.703     6.103 r  clk_IBUF_inst/O
                         net (fo=8, routed)           2.579     8.682    clk_IBUF
    BUFGCTRL_X0Y0        BUFG (Prop_bufg_I_O)         0.083     8.765 r  clk_IBUF_BUFG_inst/O
                         net (fo=677, routed)         1.316    10.081    cpu/reg16x32_1_1/r13/CLK
    SLICE_X49Y123        FDRE                                         r  cpu/reg16x32_1_1/r13/_4__reg[4]/C
                         clock pessimism              0.309    10.390    <hidden>
                         clock uncertainty           -0.035    10.355    <hidden>
    SLICE_X49Y123        FDRE (Setup_fdre_C_CE)      -0.201    10.154    cpu/reg16x32_1_1/r13/_4__reg[4]
  -------------------------------------------------------------------
                         required time                         10.154    <hidden>
                         arrival time                         -10.263    <hidden>
  -------------------------------------------------------------------
                         slack                                 -0.109    <hidden>

Slack (VIOLATED) :        -0.109ns  (required time - arrival time)
  Source:                 cpu/pc_fetch_1/pc/_4__reg[8]/C
                            (rising edge-triggered cell FDRE clocked by clk  {rise@0.000ns fall@2.700ns period=5.400ns})
  Destination:            cpu/reg16x32_1_1/r13/_4__reg[7]/CE
                            (rising edge-triggered cell FDRE clocked by clk  {rise@0.000ns fall@2.700ns period=5.400ns})
  Path Group:             clk
  Path Type:              Setup (Max at Slow Process Corner)
  Requirement:            5.400ns  (clk rise@5.400ns - clk rise@0.000ns)
  Data Path Delay:        5.227ns  (logic 0.481ns (9.203%)  route 4.746ns (90.797%))
  Logic Levels:           6  (LUT3=1 LUT4=2 LUT5=1 LUT6=2)
  Clock Path Skew:        -0.046ns (DCD - SCD + CPR)
    Destination Clock Delay (DCD):    4.681ns = ( 10.081 - 5.400 ) 
    Source Clock Delay      (SCD):    5.036ns
    Clock Pessimism Removal (CPR):    0.309ns
  Clock Uncertainty:      0.035ns  ((TSJ^2 + TIJ^2)^1/2 + DJ) / 2 + PE
    Total System Jitter     (TSJ):    0.071ns
    Total Input Jitter      (TIJ):    0.000ns
    Discrete Jitter          (DJ):    0.000ns
    Phase Error              (PE):    0.000ns

    Location             Delay type                Incr(ns)  Path(ns)    Netlist Resource(s)
  -------------------------------------------------------------------    -------------------
                         (clock clk rise edge)        0.000     0.000 r  <hidden>
    AH16                                              0.000     0.000 r  clk
                         net (fo=0)                   0.000     0.000    clk
    AH16                 IBUF (Prop_ibuf_I_O)         0.778     0.778 r  clk_IBUF_inst/O
                         net (fo=8, routed)           2.715     3.493    clk_IBUF
    BUFGCTRL_X0Y0        BUFG (Prop_bufg_I_O)         0.093     3.586 r  clk_IBUF_BUFG_inst/O
                         net (fo=677, routed)         1.450     5.036    cpu/pc_fetch_1/pc/CLK
    SLICE_X56Y131        FDRE                                         r  cpu/pc_fetch_1/pc/_4__reg[8]/C
  -------------------------------------------------------------------    -------------------
    SLICE_X56Y131        FDRE (Prop_fdre_C_Q)         0.223     5.259 f  cpu/pc_fetch_1/pc/_4__reg[8]/Q
                         net (fo=7, routed)           0.378     5.637    cpu/pc_fetch_1/pc/Q[6]
    SLICE_X56Y131        LUT5 (Prop_lut5_I0_O)        0.043     5.680 f  cpu/pc_fetch_1/pc/_1__carry_i_12/O
                         net (fo=183, routed)         1.013     6.693    cpu/pc_fetch_1/pc/_4__reg[8]_0
    SLICE_X53Y122        LUT3 (Prop_lut3_I1_O)        0.043     6.736 r  cpu/pc_fetch_1/pc/_10__i_2/O
                         net (fo=9, routed)           0.694     7.430    cpu/pc_fetch_1/pc/_4__reg[2]_0
    SLICE_X58Y125        LUT4 (Prop_lut4_I1_O)        0.043     7.473 r  cpu/pc_fetch_1/pc/_4_[31]_i_3__3/O
                         net (fo=55, routed)          0.320     7.793    cpu/pc_fetch_1/pc/_4__reg[4]_2
    SLICE_X56Y124        LUT4 (Prop_lut4_I0_O)        0.043     7.836 r  cpu/pc_fetch_1/pc/_4_[31]_i_13/O
                         net (fo=2, routed)           0.363     8.199    cpu/pc_fetch_1/pc/_018_
    SLICE_X56Y124        LUT6 (Prop_lut6_I5_O)        0.043     8.242 f  cpu/pc_fetch_1/pc/_4_[31]_i_4__0/O
                         net (fo=8, routed)           0.271     8.513    cpu/pc_fetch_1/pc/_4__reg_38
    SLICE_X58Y123        LUT6 (Prop_lut6_I3_O)        0.043     8.556 r  cpu/pc_fetch_1/pc/_4_[31]_i_1__4/O
                         net (fo=32, routed)          1.707    10.263    cpu/reg16x32_1_1/r13/_2__4
    SLICE_X49Y123        FDRE                                         r  cpu/reg16x32_1_1/r13/_4__reg[7]/CE
  -------------------------------------------------------------------    -------------------

                         (clock clk rise edge)        5.400     5.400 r  <hidden>
    AH16                                              0.000     5.400 r  clk
                         net (fo=0)                   0.000     5.400    clk
    AH16                 IBUF (Prop_ibuf_I_O)         0.703     6.103 r  clk_IBUF_inst/O
                         net (fo=8, routed)           2.579     8.682    clk_IBUF
    BUFGCTRL_X0Y0        BUFG (Prop_bufg_I_O)         0.083     8.765 r  clk_IBUF_BUFG_inst/O
                         net (fo=677, routed)         1.316    10.081    cpu/reg16x32_1_1/r13/CLK
    SLICE_X49Y123        FDRE                                         r  cpu/reg16x32_1_1/r13/_4__reg[7]/C
                         clock pessimism              0.309    10.390    <hidden>
                         clock uncertainty           -0.035    10.355    <hidden>
    SLICE_X49Y123        FDRE (Setup_fdre_C_CE)      -0.201    10.154    cpu/reg16x32_1_1/r13/_4__reg[7]
  -------------------------------------------------------------------
                         required time                         10.154    <hidden>
                         arrival time                         -10.263    <hidden>
  -------------------------------------------------------------------
                         slack                                 -0.109    <hidden>

Slack (VIOLATED) :        -0.105ns  (required time - arrival time)
  Source:                 cpu/pc_fetch_1/pc/_4__reg[8]/C
                            (rising edge-triggered cell FDRE clocked by clk  {rise@0.000ns fall@2.700ns period=5.400ns})
  Destination:            cpu/reg16x32_1_1/r1/_4__reg[27]/CE
                            (rising edge-triggered cell FDRE clocked by clk  {rise@0.000ns fall@2.700ns period=5.400ns})
  Path Group:             clk
  Path Type:              Setup (Max at Slow Process Corner)
  Requirement:            5.400ns  (clk rise@5.400ns - clk rise@0.000ns)
  Data Path Delay:        5.256ns  (logic 0.481ns (9.152%)  route 4.775ns (90.848%))
  Logic Levels:           6  (LUT3=1 LUT4=2 LUT5=1 LUT6=2)
  Clock Path Skew:        -0.036ns (DCD - SCD + CPR)
    Destination Clock Delay (DCD):    4.691ns = ( 10.091 - 5.400 ) 
    Source Clock Delay      (SCD):    5.036ns
    Clock Pessimism Removal (CPR):    0.309ns
  Clock Uncertainty:      0.035ns  ((TSJ^2 + TIJ^2)^1/2 + DJ) / 2 + PE
    Total System Jitter     (TSJ):    0.071ns
    Total Input Jitter      (TIJ):    0.000ns
    Discrete Jitter          (DJ):    0.000ns
    Phase Error              (PE):    0.000ns

    Location             Delay type                Incr(ns)  Path(ns)    Netlist Resource(s)
  -------------------------------------------------------------------    -------------------
                         (clock clk rise edge)        0.000     0.000 r  <hidden>
    AH16                                              0.000     0.000 r  clk
                         net (fo=0)                   0.000     0.000    clk
    AH16                 IBUF (Prop_ibuf_I_O)         0.778     0.778 r  clk_IBUF_inst/O
                         net (fo=8, routed)           2.715     3.493    clk_IBUF
    BUFGCTRL_X0Y0        BUFG (Prop_bufg_I_O)         0.093     3.586 r  clk_IBUF_BUFG_inst/O
                         net (fo=677, routed)         1.450     5.036    cpu/pc_fetch_1/pc/CLK
    SLICE_X56Y131        FDRE                                         r  cpu/pc_fetch_1/pc/_4__reg[8]/C
  -------------------------------------------------------------------    -------------------
    SLICE_X56Y131        FDRE (Prop_fdre_C_Q)         0.223     5.259 f  cpu/pc_fetch_1/pc/_4__reg[8]/Q
                         net (fo=7, routed)           0.378     5.637    cpu/pc_fetch_1/pc/Q[6]
    SLICE_X56Y131        LUT5 (Prop_lut5_I0_O)        0.043     5.680 f  cpu/pc_fetch_1/pc/_1__carry_i_12/O
                         net (fo=183, routed)         1.013     6.693    cpu/pc_fetch_1/pc/_4__reg[8]_0
    SLICE_X53Y122        LUT3 (Prop_lut3_I1_O)        0.043     6.736 r  cpu/pc_fetch_1/pc/_10__i_2/O
                         net (fo=9, routed)           0.694     7.430    cpu/pc_fetch_1/pc/_4__reg[2]_0
    SLICE_X58Y125        LUT4 (Prop_lut4_I1_O)        0.043     7.473 r  cpu/pc_fetch_1/pc/_4_[31]_i_3__3/O
                         net (fo=55, routed)          0.320     7.793    cpu/pc_fetch_1/pc/_4__reg[4]_2
    SLICE_X56Y124        LUT4 (Prop_lut4_I0_O)        0.043     7.836 r  cpu/pc_fetch_1/pc/_4_[31]_i_13/O
                         net (fo=2, routed)           0.363     8.199    cpu/pc_fetch_1/pc/_018_
    SLICE_X56Y124        LUT6 (Prop_lut6_I5_O)        0.043     8.242 f  cpu/pc_fetch_1/pc/_4_[31]_i_4__0/O
                         net (fo=8, routed)           0.205     8.447    cpu/pc_fetch_1/pc/_4__reg_38
    SLICE_X57Y123        LUT6 (Prop_lut6_I4_O)        0.043     8.490 r  cpu/pc_fetch_1/pc/_4_[31]_i_1__6/O
                         net (fo=32, routed)          1.802    10.292    cpu/reg16x32_1_1/r1/_2__0
    SLICE_X48Y136        FDRE                                         r  cpu/reg16x32_1_1/r1/_4__reg[27]/CE
  -------------------------------------------------------------------    -------------------

                         (clock clk rise edge)        5.400     5.400 r  <hidden>
    AH16                                              0.000     5.400 r  clk
                         net (fo=0)                   0.000     5.400    clk
    AH16                 IBUF (Prop_ibuf_I_O)         0.703     6.103 r  clk_IBUF_inst/O
                         net (fo=8, routed)           2.579     8.682    clk_IBUF
    BUFGCTRL_X0Y0        BUFG (Prop_bufg_I_O)         0.083     8.765 r  clk_IBUF_BUFG_inst/O
                         net (fo=677, routed)         1.326    10.091    cpu/reg16x32_1_1/r1/CLK
    SLICE_X48Y136        FDRE                                         r  cpu/reg16x32_1_1/r1/_4__reg[27]/C
                         clock pessimism              0.309    10.400    <hidden>
                         clock uncertainty           -0.035    10.365    <hidden>
    SLICE_X48Y136        FDRE (Setup_fdre_C_CE)      -0.178    10.187    cpu/reg16x32_1_1/r1/_4__reg[27]
  -------------------------------------------------------------------
                         required time                         10.187    <hidden>
                         arrival time                         -10.292    <hidden>
  -------------------------------------------------------------------
                         slack                                 -0.105    <hidden>

Slack (VIOLATED) :        -0.103ns  (required time - arrival time)
  Source:                 cpu/pc_fetch_1/pc/_4__reg[8]/C
                            (rising edge-triggered cell FDRE clocked by clk  {rise@0.000ns fall@2.700ns period=5.400ns})
  Destination:            cpu/reg16x32_1_1/r8/_4__reg[26]/CE
                            (rising edge-triggered cell FDRE clocked by clk  {rise@0.000ns fall@2.700ns period=5.400ns})
  Path Group:             clk
  Path Type:              Setup (Max at Slow Process Corner)
  Requirement:            5.400ns  (clk rise@5.400ns - clk rise@0.000ns)
  Data Path Delay:        5.246ns  (logic 0.438ns (8.349%)  route 4.808ns (91.651%))
  Logic Levels:           5  (LUT3=1 LUT5=2 LUT6=2)
  Clock Path Skew:        -0.021ns (DCD - SCD + CPR)
    Destination Clock Delay (DCD):    4.682ns = ( 10.082 - 5.400 ) 
    Source Clock Delay      (SCD):    5.036ns
    Clock Pessimism Removal (CPR):    0.333ns
  Clock Uncertainty:      0.035ns  ((TSJ^2 + TIJ^2)^1/2 + DJ) / 2 + PE
    Total System Jitter     (TSJ):    0.071ns
    Total Input Jitter      (TIJ):    0.000ns
    Discrete Jitter          (DJ):    0.000ns
    Phase Error              (PE):    0.000ns

    Location             Delay type                Incr(ns)  Path(ns)    Netlist Resource(s)
  -------------------------------------------------------------------    -------------------
                         (clock clk rise edge)        0.000     0.000 r  <hidden>
    AH16                                              0.000     0.000 r  clk
                         net (fo=0)                   0.000     0.000    clk
    AH16                 IBUF (Prop_ibuf_I_O)         0.778     0.778 r  clk_IBUF_inst/O
                         net (fo=8, routed)           2.715     3.493    clk_IBUF
    BUFGCTRL_X0Y0        BUFG (Prop_bufg_I_O)         0.093     3.586 r  clk_IBUF_BUFG_inst/O
                         net (fo=677, routed)         1.450     5.036    cpu/pc_fetch_1/pc/CLK
    SLICE_X56Y131        FDRE                                         r  cpu/pc_fetch_1/pc/_4__reg[8]/C
  -------------------------------------------------------------------    -------------------
    SLICE_X56Y131        FDRE (Prop_fdre_C_Q)         0.223     5.259 f  cpu/pc_fetch_1/pc/_4__reg[8]/Q
                         net (fo=7, routed)           0.378     5.637    cpu/pc_fetch_1/pc/Q[6]
    SLICE_X56Y131        LUT5 (Prop_lut5_I0_O)        0.043     5.680 f  cpu/pc_fetch_1/pc/_1__carry_i_12/O
                         net (fo=183, routed)         1.013     6.693    cpu/pc_fetch_1/pc/_4__reg[8]_0
    SLICE_X53Y122        LUT3 (Prop_lut3_I1_O)        0.043     6.736 r  cpu/pc_fetch_1/pc/_10__i_2/O
                         net (fo=9, routed)           0.779     7.515    cpu/pc_fetch_1/pc/_4__reg[2]_0
    SLICE_X58Y125        LUT6 (Prop_lut6_I1_O)        0.043     7.558 r  cpu/pc_fetch_1/pc/_4__i_2/O
                         net (fo=11, routed)          0.489     8.047    cpu/pc_fetch_1/pc/_4__reg_33
    SLICE_X56Y124        LUT6 (Prop_lut6_I2_O)        0.043     8.090 f  cpu/pc_fetch_1/pc/_4_[31]_i_7__0/O
                         net (fo=8, routed)           0.489     8.579    cpu/block_transfer_control_1/active_reg/_4__reg[0]_2
    SLICE_X55Y125        LUT5 (Prop_lut5_I4_O)        0.043     8.622 r  cpu/block_transfer_control_1/active_reg/_4_[31]_i_1__14/O
                         net (fo=32, routed)          1.660    10.282    cpu/reg16x32_1_1/r8/_2__13
    SLICE_X55Y133        FDRE                                         r  cpu/reg16x32_1_1/r8/_4__reg[26]/CE
  -------------------------------------------------------------------    -------------------

                         (clock clk rise edge)        5.400     5.400 r  <hidden>
    AH16                                              0.000     5.400 r  clk
                         net (fo=0)                   0.000     5.400    clk
    AH16                 IBUF (Prop_ibuf_I_O)         0.703     6.103 r  clk_IBUF_inst/O
                         net (fo=8, routed)           2.579     8.682    clk_IBUF
    BUFGCTRL_X0Y0        BUFG (Prop_bufg_I_O)         0.083     8.765 r  clk_IBUF_BUFG_inst/O
                         net (fo=677, routed)         1.317    10.082    cpu/reg16x32_1_1/r8/CLK
    SLICE_X55Y133        FDRE                                         r  cpu/reg16x32_1_1/r8/_4__reg[26]/C
                         clock pessimism              0.333    10.415    <hidden>
                         clock uncertainty           -0.035    10.380    <hidden>
    SLICE_X55Y133        FDRE (Setup_fdre_C_CE)      -0.201    10.179    cpu/reg16x32_1_1/r8/_4__reg[26]
  -------------------------------------------------------------------
                         required time                         10.179    <hidden>
                         arrival time                         -10.282    <hidden>
  -------------------------------------------------------------------
                         slack                                 -0.103    <hidden>

Slack (VIOLATED) :        -0.103ns  (required time - arrival time)
  Source:                 cpu/pc_fetch_1/pc/_4__reg[8]/C
                            (rising edge-triggered cell FDRE clocked by clk  {rise@0.000ns fall@2.700ns period=5.400ns})
  Destination:            cpu/reg16x32_1_1/r2/_4__reg[8]/CE
                            (rising edge-triggered cell FDRE clocked by clk  {rise@0.000ns fall@2.700ns period=5.400ns})
  Path Group:             clk
  Path Type:              Setup (Max at Slow Process Corner)
  Requirement:            5.400ns  (clk rise@5.400ns - clk rise@0.000ns)
  Data Path Delay:        5.225ns  (logic 0.438ns (8.383%)  route 4.787ns (91.617%))
  Logic Levels:           5  (LUT3=1 LUT5=1 LUT6=3)
  Clock Path Skew:        -0.042ns (DCD - SCD + CPR)
    Destination Clock Delay (DCD):    4.685ns = ( 10.085 - 5.400 ) 
    Source Clock Delay      (SCD):    5.036ns
    Clock Pessimism Removal (CPR):    0.309ns
  Clock Uncertainty:      0.035ns  ((TSJ^2 + TIJ^2)^1/2 + DJ) / 2 + PE
    Total System Jitter     (TSJ):    0.071ns
    Total Input Jitter      (TIJ):    0.000ns
    Discrete Jitter          (DJ):    0.000ns
    Phase Error              (PE):    0.000ns

    Location             Delay type                Incr(ns)  Path(ns)    Netlist Resource(s)
  -------------------------------------------------------------------    -------------------
                         (clock clk rise edge)        0.000     0.000 r  <hidden>
    AH16                                              0.000     0.000 r  clk
                         net (fo=0)                   0.000     0.000    clk
    AH16                 IBUF (Prop_ibuf_I_O)         0.778     0.778 r  clk_IBUF_inst/O
                         net (fo=8, routed)           2.715     3.493    clk_IBUF
    BUFGCTRL_X0Y0        BUFG (Prop_bufg_I_O)         0.093     3.586 r  clk_IBUF_BUFG_inst/O
                         net (fo=677, routed)         1.450     5.036    cpu/pc_fetch_1/pc/CLK
    SLICE_X56Y131        FDRE                                         r  cpu/pc_fetch_1/pc/_4__reg[8]/C
  -------------------------------------------------------------------    -------------------
    SLICE_X56Y131        FDRE (Prop_fdre_C_Q)         0.223     5.259 f  cpu/pc_fetch_1/pc/_4__reg[8]/Q
                         net (fo=7, routed)           0.378     5.637    cpu/pc_fetch_1/pc/Q[6]
    SLICE_X56Y131        LUT5 (Prop_lut5_I0_O)        0.043     5.680 f  cpu/pc_fetch_1/pc/_1__carry_i_12/O
                         net (fo=183, routed)         1.013     6.693    cpu/pc_fetch_1/pc/_4__reg[8]_0
    SLICE_X53Y122        LUT3 (Prop_lut3_I1_O)        0.043     6.736 r  cpu/pc_fetch_1/pc/_10__i_2/O
                         net (fo=9, routed)           0.779     7.515    cpu/pc_fetch_1/pc/_4__reg[2]_0
    SLICE_X58Y125        LUT6 (Prop_lut6_I1_O)        0.043     7.558 r  cpu/pc_fetch_1/pc/_4__i_2/O
                         net (fo=11, routed)          0.489     8.047    cpu/pc_fetch_1/pc/_4__reg_33
    SLICE_X56Y124        LUT6 (Prop_lut6_I2_O)        0.043     8.090 f  cpu/pc_fetch_1/pc/_4_[31]_i_7__0/O
                         net (fo=8, routed)           0.442     8.532    cpu/pc_fetch_1/pc/_4__reg_37
    SLICE_X56Y123        LUT6 (Prop_lut6_I5_O)        0.043     8.575 r  cpu/pc_fetch_1/pc/_4_[31]_i_1__1/O
                         net (fo=32, routed)          1.686    10.261    cpu/reg16x32_1_1/r2/_2__7
    SLICE_X45Y129        FDRE                                         r  cpu/reg16x32_1_1/r2/_4__reg[8]/CE
  -------------------------------------------------------------------    -------------------

                         (clock clk rise edge)        5.400     5.400 r  <hidden>
    AH16                                              0.000     5.400 r  clk
                         net (fo=0)                   0.000     5.400    clk
    AH16                 IBUF (Prop_ibuf_I_O)         0.703     6.103 r  clk_IBUF_inst/O
                         net (fo=8, routed)           2.579     8.682    clk_IBUF
    BUFGCTRL_X0Y0        BUFG (Prop_bufg_I_O)         0.083     8.765 r  clk_IBUF_BUFG_inst/O
                         net (fo=677, routed)         1.320    10.085    cpu/reg16x32_1_1/r2/CLK
    SLICE_X45Y129        FDRE                                         r  cpu/reg16x32_1_1/r2/_4__reg[8]/C
                         clock pessimism              0.309    10.394    <hidden>
                         clock uncertainty           -0.035    10.359    <hidden>
    SLICE_X45Y129        FDRE (Setup_fdre_C_CE)      -0.201    10.158    cpu/reg16x32_1_1/r2/_4__reg[8]
  -------------------------------------------------------------------
                         required time                         10.158    <hidden>
                         arrival time                         -10.261    <hidden>
  -------------------------------------------------------------------
                         slack                                 -0.103    <hidden>

Slack (VIOLATED) :        -0.093ns  (required time - arrival time)
  Source:                 cpu/pc_fetch_1/pc/_4__reg[8]/C
                            (rising edge-triggered cell FDRE clocked by clk  {rise@0.000ns fall@2.700ns period=5.400ns})
  Destination:            cpu/reg16x32_1_1/r8/_4__reg[10]/CE
                            (rising edge-triggered cell FDRE clocked by clk  {rise@0.000ns fall@2.700ns period=5.400ns})
  Path Group:             clk
  Path Type:              Setup (Max at Slow Process Corner)
  Requirement:            5.400ns  (clk rise@5.400ns - clk rise@0.000ns)
  Data Path Delay:        5.216ns  (logic 0.438ns (8.398%)  route 4.778ns (91.602%))
  Logic Levels:           5  (LUT3=1 LUT5=2 LUT6=2)
  Clock Path Skew:        -0.041ns (DCD - SCD + CPR)
    Destination Clock Delay (DCD):    4.686ns = ( 10.086 - 5.400 ) 
    Source Clock Delay      (SCD):    5.036ns
    Clock Pessimism Removal (CPR):    0.309ns
  Clock Uncertainty:      0.035ns  ((TSJ^2 + TIJ^2)^1/2 + DJ) / 2 + PE
    Total System Jitter     (TSJ):    0.071ns
    Total Input Jitter      (TIJ):    0.000ns
    Discrete Jitter          (DJ):    0.000ns
    Phase Error              (PE):    0.000ns

    Location             Delay type                Incr(ns)  Path(ns)    Netlist Resource(s)
  -------------------------------------------------------------------    -------------------
                         (clock clk rise edge)        0.000     0.000 r  <hidden>
    AH16                                              0.000     0.000 r  clk
                         net (fo=0)                   0.000     0.000    clk
    AH16                 IBUF (Prop_ibuf_I_O)         0.778     0.778 r  clk_IBUF_inst/O
                         net (fo=8, routed)           2.715     3.493    clk_IBUF
    BUFGCTRL_X0Y0        BUFG (Prop_bufg_I_O)         0.093     3.586 r  clk_IBUF_BUFG_inst/O
                         net (fo=677, routed)         1.450     5.036    cpu/pc_fetch_1/pc/CLK
    SLICE_X56Y131        FDRE                                         r  cpu/pc_fetch_1/pc/_4__reg[8]/C
  -------------------------------------------------------------------    -------------------
    SLICE_X56Y131        FDRE (Prop_fdre_C_Q)         0.223     5.259 f  cpu/pc_fetch_1/pc/_4__reg[8]/Q
                         net (fo=7, routed)           0.378     5.637    cpu/pc_fetch_1/pc/Q[6]
    SLICE_X56Y131        LUT5 (Prop_lut5_I0_O)        0.043     5.680 f  cpu/pc_fetch_1/pc/_1__carry_i_12/O
                         net (fo=183, routed)         1.013     6.693    cpu/pc_fetch_1/pc/_4__reg[8]_0
    SLICE_X53Y122        LUT3 (Prop_lut3_I1_O)        0.043     6.736 r  cpu/pc_fetch_1/pc/_10__i_2/O
                         net (fo=9, routed)           0.779     7.515    cpu/pc_fetch_1/pc/_4__reg[2]_0
    SLICE_X58Y125        LUT6 (Prop_lut6_I1_O)        0.043     7.558 r  cpu/pc_fetch_1/pc/_4__i_2/O
                         net (fo=11, routed)          0.489     8.047    cpu/pc_fetch_1/pc/_4__reg_33
    SLICE_X56Y124        LUT6 (Prop_lut6_I2_O)        0.043     8.090 f  cpu/pc_fetch_1/pc/_4_[31]_i_7__0/O
                         net (fo=8, routed)           0.489     8.579    cpu/block_transfer_control_1/active_reg/_4__reg[0]_2
    SLICE_X55Y125        LUT5 (Prop_lut5_I4_O)        0.043     8.622 r  cpu/block_transfer_control_1/active_reg/_4_[31]_i_1__14/O
                         net (fo=32, routed)          1.630    10.252    cpu/reg16x32_1_1/r8/_2__13
    SLICE_X47Y130        FDRE                                         r  cpu/reg16x32_1_1/r8/_4__reg[10]/CE
  -------------------------------------------------------------------    -------------------

                         (clock clk rise edge)        5.400     5.400 r  <hidden>
    AH16                                              0.000     5.400 r  clk
                         net (fo=0)                   0.000     5.400    clk
    AH16                 IBUF (Prop_ibuf_I_O)         0.703     6.103 r  clk_IBUF_inst/O
                         net (fo=8, routed)           2.579     8.682    clk_IBUF
    BUFGCTRL_X0Y0        BUFG (Prop_bufg_I_O)         0.083     8.765 r  clk_IBUF_BUFG_inst/O
                         net (fo=677, routed)         1.321    10.086    cpu/reg16x32_1_1/r8/CLK
    SLICE_X47Y130        FDRE                                         r  cpu/reg16x32_1_1/r8/_4__reg[10]/C
                         clock pessimism              0.309    10.395    <hidden>
                         clock uncertainty           -0.035    10.360    <hidden>
    SLICE_X47Y130        FDRE (Setup_fdre_C_CE)      -0.201    10.159    cpu/reg16x32_1_1/r8/_4__reg[10]
  -------------------------------------------------------------------
                         required time                         10.159    <hidden>
                         arrival time                         -10.252    <hidden>
  -------------------------------------------------------------------
                         slack                                 -0.093    <hidden>

Slack (VIOLATED) :        -0.090ns  (required time - arrival time)
  Source:                 cpu/pc_fetch_1/pc/_4__reg[8]/C
                            (rising edge-triggered cell FDRE clocked by clk  {rise@0.000ns fall@2.700ns period=5.400ns})
  Destination:            cpu/reg16x32_1_1/r8/_4__reg[20]/CE
                            (rising edge-triggered cell FDRE clocked by clk  {rise@0.000ns fall@2.700ns period=5.400ns})
  Path Group:             clk
  Path Type:              Setup (Max at Slow Process Corner)
  Requirement:            5.400ns  (clk rise@5.400ns - clk rise@0.000ns)
  Data Path Delay:        5.217ns  (logic 0.438ns (8.396%)  route 4.779ns (91.604%))
  Logic Levels:           5  (LUT3=1 LUT5=2 LUT6=2)
  Clock Path Skew:        -0.037ns (DCD - SCD + CPR)
    Destination Clock Delay (DCD):    4.690ns = ( 10.090 - 5.400 ) 
    Source Clock Delay      (SCD):    5.036ns
    Clock Pessimism Removal (CPR):    0.309ns
  Clock Uncertainty:      0.035ns  ((TSJ^2 + TIJ^2)^1/2 + DJ) / 2 + PE
    Total System Jitter     (TSJ):    0.071ns
    Total Input Jitter      (TIJ):    0.000ns
    Discrete Jitter          (DJ):    0.000ns
    Phase Error              (PE):    0.000ns

    Location             Delay type                Incr(ns)  Path(ns)    Netlist Resource(s)
  -------------------------------------------------------------------    -------------------
                         (clock clk rise edge)        0.000     0.000 r  <hidden>
    AH16                                              0.000     0.000 r  clk
                         net (fo=0)                   0.000     0.000    clk
    AH16                 IBUF (Prop_ibuf_I_O)         0.778     0.778 r  clk_IBUF_inst/O
                         net (fo=8, routed)           2.715     3.493    clk_IBUF
    BUFGCTRL_X0Y0        BUFG (Prop_bufg_I_O)         0.093     3.586 r  clk_IBUF_BUFG_inst/O
                         net (fo=677, routed)         1.450     5.036    cpu/pc_fetch_1/pc/CLK
    SLICE_X56Y131        FDRE                                         r  cpu/pc_fetch_1/pc/_4__reg[8]/C
  -------------------------------------------------------------------    -------------------
    SLICE_X56Y131        FDRE (Prop_fdre_C_Q)         0.223     5.259 f  cpu/pc_fetch_1/pc/_4__reg[8]/Q
                         net (fo=7, routed)           0.378     5.637    cpu/pc_fetch_1/pc/Q[6]
    SLICE_X56Y131        LUT5 (Prop_lut5_I0_O)        0.043     5.680 f  cpu/pc_fetch_1/pc/_1__carry_i_12/O
                         net (fo=183, routed)         1.013     6.693    cpu/pc_fetch_1/pc/_4__reg[8]_0
    SLICE_X53Y122        LUT3 (Prop_lut3_I1_O)        0.043     6.736 r  cpu/pc_fetch_1/pc/_10__i_2/O
                         net (fo=9, routed)           0.779     7.515    cpu/pc_fetch_1/pc/_4__reg[2]_0
    SLICE_X58Y125        LUT6 (Prop_lut6_I1_O)        0.043     7.558 r  cpu/pc_fetch_1/pc/_4__i_2/O
                         net (fo=11, routed)          0.489     8.047    cpu/pc_fetch_1/pc/_4__reg_33
    SLICE_X56Y124        LUT6 (Prop_lut6_I2_O)        0.043     8.090 f  cpu/pc_fetch_1/pc/_4_[31]_i_7__0/O
                         net (fo=8, routed)           0.489     8.579    cpu/block_transfer_control_1/active_reg/_4__reg[0]_2
    SLICE_X55Y125        LUT5 (Prop_lut5_I4_O)        0.043     8.622 r  cpu/block_transfer_control_1/active_reg/_4_[31]_i_1__14/O
                         net (fo=32, routed)          1.631    10.253    cpu/reg16x32_1_1/r8/_2__13
    SLICE_X53Y139        FDRE                                         r  cpu/reg16x32_1_1/r8/_4__reg[20]/CE
  -------------------------------------------------------------------    -------------------

                         (clock clk rise edge)        5.400     5.400 r  <hidden>
    AH16                                              0.000     5.400 r  clk
                         net (fo=0)                   0.000     5.400    clk
    AH16                 IBUF (Prop_ibuf_I_O)         0.703     6.103 r  clk_IBUF_inst/O
                         net (fo=8, routed)           2.579     8.682    clk_IBUF
    BUFGCTRL_X0Y0        BUFG (Prop_bufg_I_O)         0.083     8.765 r  clk_IBUF_BUFG_inst/O
                         net (fo=677, routed)         1.325    10.090    cpu/reg16x32_1_1/r8/CLK
    SLICE_X53Y139        FDRE                                         r  cpu/reg16x32_1_1/r8/_4__reg[20]/C
                         clock pessimism              0.309    10.399    <hidden>
                         clock uncertainty           -0.035    10.364    <hidden>
    SLICE_X53Y139        FDRE (Setup_fdre_C_CE)      -0.201    10.163    cpu/reg16x32_1_1/r8/_4__reg[20]
  -------------------------------------------------------------------
                         required time                         10.163    <hidden>
                         arrival time                         -10.253    <hidden>
  -------------------------------------------------------------------
                         slack                                 -0.090    <hidden>

Slack (VIOLATED) :        -0.090ns  (required time - arrival time)
  Source:                 cpu/pc_fetch_1/pc/_4__reg[8]/C
                            (rising edge-triggered cell FDRE clocked by clk  {rise@0.000ns fall@2.700ns period=5.400ns})
  Destination:            cpu/reg16x32_1_1/r8/_4__reg[21]/CE
                            (rising edge-triggered cell FDRE clocked by clk  {rise@0.000ns fall@2.700ns period=5.400ns})
  Path Group:             clk
  Path Type:              Setup (Max at Slow Process Corner)
  Requirement:            5.400ns  (clk rise@5.400ns - clk rise@0.000ns)
  Data Path Delay:        5.217ns  (logic 0.438ns (8.396%)  route 4.779ns (91.604%))
  Logic Levels:           5  (LUT3=1 LUT5=2 LUT6=2)
  Clock Path Skew:        -0.037ns (DCD - SCD + CPR)
    Destination Clock Delay (DCD):    4.690ns = ( 10.090 - 5.400 ) 
    Source Clock Delay      (SCD):    5.036ns
    Clock Pessimism Removal (CPR):    0.309ns
  Clock Uncertainty:      0.035ns  ((TSJ^2 + TIJ^2)^1/2 + DJ) / 2 + PE
    Total System Jitter     (TSJ):    0.071ns
    Total Input Jitter      (TIJ):    0.000ns
    Discrete Jitter          (DJ):    0.000ns
    Phase Error              (PE):    0.000ns

    Location             Delay type                Incr(ns)  Path(ns)    Netlist Resource(s)
  -------------------------------------------------------------------    -------------------
                         (clock clk rise edge)        0.000     0.000 r  <hidden>
    AH16                                              0.000     0.000 r  clk
                         net (fo=0)                   0.000     0.000    clk
    AH16                 IBUF (Prop_ibuf_I_O)         0.778     0.778 r  clk_IBUF_inst/O
                         net (fo=8, routed)           2.715     3.493    clk_IBUF
    BUFGCTRL_X0Y0        BUFG (Prop_bufg_I_O)         0.093     3.586 r  clk_IBUF_BUFG_inst/O
                         net (fo=677, routed)         1.450     5.036    cpu/pc_fetch_1/pc/CLK
    SLICE_X56Y131        FDRE                                         r  cpu/pc_fetch_1/pc/_4__reg[8]/C
  -------------------------------------------------------------------    -------------------
    SLICE_X56Y131        FDRE (Prop_fdre_C_Q)         0.223     5.259 f  cpu/pc_fetch_1/pc/_4__reg[8]/Q
                         net (fo=7, routed)           0.378     5.637    cpu/pc_fetch_1/pc/Q[6]
    SLICE_X56Y131        LUT5 (Prop_lut5_I0_O)        0.043     5.680 f  cpu/pc_fetch_1/pc/_1__carry_i_12/O
                         net (fo=183, routed)         1.013     6.693    cpu/pc_fetch_1/pc/_4__reg[8]_0
    SLICE_X53Y122        LUT3 (Prop_lut3_I1_O)        0.043     6.736 r  cpu/pc_fetch_1/pc/_10__i_2/O
                         net (fo=9, routed)           0.779     7.515    cpu/pc_fetch_1/pc/_4__reg[2]_0
    SLICE_X58Y125        LUT6 (Prop_lut6_I1_O)        0.043     7.558 r  cpu/pc_fetch_1/pc/_4__i_2/O
                         net (fo=11, routed)          0.489     8.047    cpu/pc_fetch_1/pc/_4__reg_33
    SLICE_X56Y124        LUT6 (Prop_lut6_I2_O)        0.043     8.090 f  cpu/pc_fetch_1/pc/_4_[31]_i_7__0/O
                         net (fo=8, routed)           0.489     8.579    cpu/block_transfer_control_1/active_reg/_4__reg[0]_2
    SLICE_X55Y125        LUT5 (Prop_lut5_I4_O)        0.043     8.622 r  cpu/block_transfer_control_1/active_reg/_4_[31]_i_1__14/O
                         net (fo=32, routed)          1.631    10.253    cpu/reg16x32_1_1/r8/_2__13
    SLICE_X53Y139        FDRE                                         r  cpu/reg16x32_1_1/r8/_4__reg[21]/CE
  -------------------------------------------------------------------    -------------------

                         (clock clk rise edge)        5.400     5.400 r  <hidden>
    AH16                                              0.000     5.400 r  clk
                         net (fo=0)                   0.000     5.400    clk
    AH16                 IBUF (Prop_ibuf_I_O)         0.703     6.103 r  clk_IBUF_inst/O
                         net (fo=8, routed)           2.579     8.682    clk_IBUF
    BUFGCTRL_X0Y0        BUFG (Prop_bufg_I_O)         0.083     8.765 r  clk_IBUF_BUFG_inst/O
                         net (fo=677, routed)         1.325    10.090    cpu/reg16x32_1_1/r8/CLK
    SLICE_X53Y139        FDRE                                         r  cpu/reg16x32_1_1/r8/_4__reg[21]/C
                         clock pessimism              0.309    10.399    <hidden>
                         clock uncertainty           -0.035    10.364    <hidden>
    SLICE_X53Y139        FDRE (Setup_fdre_C_CE)      -0.201    10.163    cpu/reg16x32_1_1/r8/_4__reg[21]
  -------------------------------------------------------------------
                         required time                         10.163    <hidden>
                         arrival time                         -10.253    <hidden>
  -------------------------------------------------------------------
                         slack                                 -0.090    <hidden>

Slack (VIOLATED) :        -0.090ns  (required time - arrival time)
  Source:                 cpu/pc_fetch_1/pc/_4__reg[8]/C
                            (rising edge-triggered cell FDRE clocked by clk  {rise@0.000ns fall@2.700ns period=5.400ns})
  Destination:            cpu/reg16x32_1_1/r8/_4__reg[29]/CE
                            (rising edge-triggered cell FDRE clocked by clk  {rise@0.000ns fall@2.700ns period=5.400ns})
  Path Group:             clk
  Path Type:              Setup (Max at Slow Process Corner)
  Requirement:            5.400ns  (clk rise@5.400ns - clk rise@0.000ns)
  Data Path Delay:        5.217ns  (logic 0.438ns (8.396%)  route 4.779ns (91.604%))
  Logic Levels:           5  (LUT3=1 LUT5=2 LUT6=2)
  Clock Path Skew:        -0.037ns (DCD - SCD + CPR)
    Destination Clock Delay (DCD):    4.690ns = ( 10.090 - 5.400 ) 
    Source Clock Delay      (SCD):    5.036ns
    Clock Pessimism Removal (CPR):    0.309ns
  Clock Uncertainty:      0.035ns  ((TSJ^2 + TIJ^2)^1/2 + DJ) / 2 + PE
    Total System Jitter     (TSJ):    0.071ns
    Total Input Jitter      (TIJ):    0.000ns
    Discrete Jitter          (DJ):    0.000ns
    Phase Error              (PE):    0.000ns

    Location             Delay type                Incr(ns)  Path(ns)    Netlist Resource(s)
  -------------------------------------------------------------------    -------------------
                         (clock clk rise edge)        0.000     0.000 r  <hidden>
    AH16                                              0.000     0.000 r  clk
                         net (fo=0)                   0.000     0.000    clk
    AH16                 IBUF (Prop_ibuf_I_O)         0.778     0.778 r  clk_IBUF_inst/O
                         net (fo=8, routed)           2.715     3.493    clk_IBUF
    BUFGCTRL_X0Y0        BUFG (Prop_bufg_I_O)         0.093     3.586 r  clk_IBUF_BUFG_inst/O
                         net (fo=677, routed)         1.450     5.036    cpu/pc_fetch_1/pc/CLK
    SLICE_X56Y131        FDRE                                         r  cpu/pc_fetch_1/pc/_4__reg[8]/C
  -------------------------------------------------------------------    -------------------
    SLICE_X56Y131        FDRE (Prop_fdre_C_Q)         0.223     5.259 f  cpu/pc_fetch_1/pc/_4__reg[8]/Q
                         net (fo=7, routed)           0.378     5.637    cpu/pc_fetch_1/pc/Q[6]
    SLICE_X56Y131        LUT5 (Prop_lut5_I0_O)        0.043     5.680 f  cpu/pc_fetch_1/pc/_1__carry_i_12/O
                         net (fo=183, routed)         1.013     6.693    cpu/pc_fetch_1/pc/_4__reg[8]_0
    SLICE_X53Y122        LUT3 (Prop_lut3_I1_O)        0.043     6.736 r  cpu/pc_fetch_1/pc/_10__i_2/O
                         net (fo=9, routed)           0.779     7.515    cpu/pc_fetch_1/pc/_4__reg[2]_0
    SLICE_X58Y125        LUT6 (Prop_lut6_I1_O)        0.043     7.558 r  cpu/pc_fetch_1/pc/_4__i_2/O
                         net (fo=11, routed)          0.489     8.047    cpu/pc_fetch_1/pc/_4__reg_33
    SLICE_X56Y124        LUT6 (Prop_lut6_I2_O)        0.043     8.090 f  cpu/pc_fetch_1/pc/_4_[31]_i_7__0/O
                         net (fo=8, routed)           0.489     8.579    cpu/block_transfer_control_1/active_reg/_4__reg[0]_2
    SLICE_X55Y125        LUT5 (Prop_lut5_I4_O)        0.043     8.622 r  cpu/block_transfer_control_1/active_reg/_4_[31]_i_1__14/O
                         net (fo=32, routed)          1.631    10.253    cpu/reg16x32_1_1/r8/_2__13
    SLICE_X53Y139        FDRE                                         r  cpu/reg16x32_1_1/r8/_4__reg[29]/CE
  -------------------------------------------------------------------    -------------------

                         (clock clk rise edge)        5.400     5.400 r  <hidden>
    AH16                                              0.000     5.400 r  clk
                         net (fo=0)                   0.000     5.400    clk
    AH16                 IBUF (Prop_ibuf_I_O)         0.703     6.103 r  clk_IBUF_inst/O
                         net (fo=8, routed)           2.579     8.682    clk_IBUF
    BUFGCTRL_X0Y0        BUFG (Prop_bufg_I_O)         0.083     8.765 r  clk_IBUF_BUFG_inst/O
                         net (fo=677, routed)         1.325    10.090    cpu/reg16x32_1_1/r8/CLK
    SLICE_X53Y139        FDRE                                         r  cpu/reg16x32_1_1/r8/_4__reg[29]/C
                         clock pessimism              0.309    10.399    <hidden>
                         clock uncertainty           -0.035    10.364    <hidden>
    SLICE_X53Y139        FDRE (Setup_fdre_C_CE)      -0.201    10.163    cpu/reg16x32_1_1/r8/_4__reg[29]
  -------------------------------------------------------------------
                         required time                         10.163    <hidden>
                         arrival time                         -10.253    <hidden>
  -------------------------------------------------------------------
                         slack                                 -0.090    <hidden>




